Job ID: 78223
Node: acnode03.e4red
CUDA_VISIBLE_DEVICES=0
Start: Thu Aug  6 15:25:44 CEST 2026
density: 100.0

========================================================================
MATRICE QUBO ORIGINALE
========================================================================
Shape                 : (2048, 2048)
Numero di variabili   : 2048
Numero di cluster     : 16
Dimensione dei blocchi: 128
Matrice simmetrica    : True
Cluster ottimali      : [array([   2,   14,   25,   45,   67,   73,   99,  104,  109,  162,  179,  195,  231,  249,  252,  277,  279,  281,  305,  308,  316,  321,
        329,  341,  379,  383,  398,  442,  445,  483,  555,  576,  579,  583,  594,  668,  682,  687,  693,  697,  727,  732,  737,  745,
        754,  772,  773,  833,  834,  859,  899,  940,  941,  998, 1039, 1042, 1071, 1072, 1077, 1095, 1096, 1100, 1105, 1109, 1111, 1134,
       1136, 1145, 1146, 1147, 1149, 1151, 1159, 1171, 1175, 1177, 1191, 1197, 1198, 1205, 1210, 1224, 1228, 1241, 1288, 1294, 1316, 1318,
       1332, 1361, 1379, 1390, 1397, 1419, 1425, 1433, 1462, 1476, 1510, 1516, 1526, 1534, 1553, 1566, 1568, 1595, 1596, 1623, 1641, 1647,
       1681, 1688, 1697, 1753, 1775, 1776, 1851, 1881, 1895, 1916, 1918, 1965, 1972, 1979, 1986, 2013, 2033, 2038]), array([  30,   36,   71,   96,  120,  126,  137,  147,  172,  186,  193,  198,  228,  232,  240,  254,  286,  287,  299,  309,  343,  361,
        375,  388,  428,  446,  472,  481,  498,  500,  515,  532,  533,  545,  564,  614,  620,  661,  665,  724,  736,  741,  758,  769,
        775,  784,  800,  814,  844,  846,  870,  881,  885,  895,  902,  913,  926,  944,  951,  971,  997, 1000, 1013, 1022, 1025, 1032,
       1045, 1047, 1067, 1073, 1114, 1115, 1125, 1148, 1154, 1155, 1158, 1165, 1166, 1187, 1194, 1231, 1232, 1244, 1295, 1314, 1337, 1350,
       1383, 1405, 1444, 1470, 1486, 1549, 1580, 1586, 1603, 1609, 1620, 1640, 1646, 1667, 1674, 1689, 1692, 1703, 1717, 1728, 1738, 1742,
       1746, 1755, 1758, 1773, 1863, 1892, 1893, 1897, 1923, 1925, 1945, 1946, 1964, 1978, 1984, 2000, 2012, 2028]), array([  16,   51,   72,   75,   95,   98,  105,  124,  139,  142,  157,  163,  189,  196,  199,  212,  214,  219,  223,  241,  250,  258,
        259,  268,  272,  290,  344,  357,  358,  366,  367,  386,  392,  394,  425,  435,  444,  449,  475,  488,  492,  493,  497,  513,
        518,  540,  544,  550,  577,  608,  613,  634,  657,  659,  673,  690,  696,  705,  718,  748,  761,  767,  771,  792,  804,  808,
        811,  825,  830,  838,  862,  865,  873,  936,  953,  961,  973,  975,  991,  993, 1003, 1008, 1017, 1028, 1058, 1085, 1094, 1102,
       1108, 1112, 1138, 1140, 1189, 1234, 1268, 1271, 1303, 1330, 1378, 1395, 1435, 1447, 1448, 1463, 1467, 1520, 1521, 1537, 1545, 1548,
       1565, 1610, 1636, 1711, 1713, 1749, 1750, 1802, 1900, 1901, 1922, 1929, 1933, 1943, 1980, 2017, 2024, 2035]), array([   6,    8,   31,   32,   38,   56,   77,  110,  129,  130,  169,  175,  181,  191,  203,  246,  251,  253,  263,  326,  387,  406,
        409,  414,  426,  453,  459,  468,  470,  471,  490,  496,  504,  512,  516,  521,  562,  585,  599,  601,  610,  655,  674,  702,
        703,  719,  730,  746,  750,  774,  782,  805,  809,  827,  898,  900,  903,  905,  911,  914,  930,  946,  972, 1035, 1041, 1061,
       1167, 1176, 1186, 1201, 1220, 1242, 1246, 1251, 1256, 1301, 1304, 1309, 1329, 1343, 1377, 1381, 1382, 1407, 1414, 1420, 1430, 1434,
       1468, 1469, 1498, 1540, 1560, 1563, 1564, 1573, 1585, 1611, 1619, 1643, 1651, 1677, 1690, 1701, 1718, 1725, 1731, 1736, 1752, 1768,
       1788, 1849, 1864, 1867, 1885, 1886, 1902, 1904, 1921, 1939, 1949, 1967, 1982, 2006, 2008, 2015, 2020, 2037]), array([   7,   76,   79,   81,   84,  101,  103,  106,  107,  111,  143,  144,  188,  190,  209,  224,  226,  229,  238,  239,  276,  306,
        327,  353,  369,  376,  382,  389,  395,  400,  438,  440,  451,  460,  461,  501,  508,  510,  519,  520,  523,  528,  529,  547,
        549,  593,  626,  627,  637,  638,  650,  662,  669,  685,  686,  743,  762,  768,  791,  798,  812,  816,  867,  890,  891,  894,
        912,  915,  931,  935,  963,  983, 1016, 1021, 1024, 1033, 1044, 1046, 1062, 1064, 1074, 1098, 1101, 1104, 1124, 1128, 1130, 1150,
       1162, 1261, 1347, 1363, 1389, 1418, 1423, 1451, 1461, 1491, 1499, 1503, 1504, 1519, 1552, 1575, 1590, 1593, 1608, 1616, 1627, 1656,
       1685, 1710, 1722, 1741, 1811, 1812, 1833, 1835, 1841, 1843, 1853, 1875, 1905, 1913, 1955, 1975, 1981, 1996]), array([   1,   24,   42,   55,   62,   74,   88,  112,  116,  117,  156,  170,  204,  235,  245,  247,  275,  289,  304,  350,  381,  390,
        402,  423,  431,  439,  479,  514,  526,  556,  570,  581,  584,  632,  636,  675,  688,  710,  734,  735,  753,  756,  764,  810,
        840,  854,  866,  880,  907,  925,  952, 1001, 1007, 1026, 1030, 1056, 1059, 1093, 1103, 1126, 1137, 1173, 1184, 1193, 1202, 1212,
       1225, 1243, 1257, 1260, 1263, 1269, 1274, 1292, 1313, 1317, 1348, 1349, 1351, 1375, 1376, 1399, 1404, 1408, 1409, 1412, 1429, 1439,
       1442, 1456, 1482, 1493, 1512, 1517, 1522, 1555, 1562, 1567, 1576, 1591, 1629, 1648, 1654, 1719, 1734, 1743, 1774, 1777, 1797, 1803,
       1806, 1830, 1834, 1846, 1855, 1868, 1873, 1879, 1880, 1910, 1924, 1931, 1948, 1950, 1987, 1998, 2003, 2011]), array([  23,   47,   82,   87,   90,   93,  119,  134,  184,  197,  216,  256,  267,  280,  284,  315,  318,  334,  352,  354,  355,  419,
        484,  524,  535,  548,  557,  569,  588,  595,  609,  618,  623,  624,  628,  645,  698,  699,  709,  711,  713,  776,  820,  831,
        837,  842,  857,  863,  872,  889,  921,  929,  933,  959,  960,  981, 1010, 1011, 1014, 1031, 1052, 1075, 1106, 1118, 1143, 1157,
       1169, 1215, 1227, 1229, 1245, 1259, 1273, 1287, 1290, 1299, 1306, 1307, 1321, 1366, 1372, 1374, 1392, 1416, 1426, 1443, 1445, 1454,
       1490, 1502, 1509, 1515, 1524, 1525, 1530, 1531, 1543, 1556, 1571, 1583, 1588, 1638, 1665, 1670, 1672, 1707, 1748, 1757, 1771, 1829,
       1856, 1860, 1865, 1866, 1882, 1890, 1926, 1928, 1941, 1966, 1977, 1985, 1992, 2010, 2021, 2025, 2030, 2045]), array([  15,   17,   22,   29,   78,  100,  113,  114,  115,  131,  151,  155,  202,  215,  220,  266,  270,  296,  317,  320,  332,  345,
        363,  371,  384,  401,  411,  424,  443,  454,  456,  457,  463,  480,  495,  502,  507,  509,  539,  543,  561,  580,  582,  587,
        606,  607,  633,  646,  695,  701,  714,  723,  738,  755,  795,  815,  826,  841,  852,  856,  868,  879,  888,  897,  901,  938,
        964,  987, 1006, 1034, 1048, 1156, 1164, 1180, 1185, 1247, 1248, 1255, 1272, 1276, 1297, 1336, 1342, 1344, 1358, 1367, 1402, 1406,
       1422, 1453, 1471, 1474, 1477, 1484, 1523, 1529, 1535, 1541, 1561, 1569, 1574, 1587, 1600, 1601, 1605, 1631, 1634, 1668, 1673, 1698,
       1705, 1724, 1732, 1745, 1779, 1810, 1831, 1852, 1877, 1889, 1896, 1935, 1944, 1957, 1974, 1999, 2002, 2018]), array([  10,   11,   12,   40,   41,   46,   48,   80,   83,   91,  102,  125,  127,  138,  140,  206,  234,  273,  311,  330,  348,  359,
        362,  377,  420,  429,  433,  436,  448,  462,  469,  527,  578,  590,  600,  616,  640,  660,  679,  691,  716,  720,  721,  742,
        797,  799,  849,  861,  864,  874,  882,  883,  886,  887,  924,  945,  986, 1002, 1051, 1066, 1070, 1088, 1089, 1107, 1113, 1119,
       1132, 1207, 1208, 1214, 1233, 1236, 1266, 1267, 1275, 1296, 1305, 1315, 1324, 1345, 1346, 1360, 1368, 1384, 1415, 1436, 1450, 1478,
       1479, 1487, 1500, 1501, 1508, 1514, 1542, 1550, 1558, 1578, 1582, 1604, 1618, 1625, 1649, 1678, 1687, 1695, 1700, 1739, 1790, 1837,
       1842, 1862, 1871, 1887, 1888, 1894, 1908, 1920, 1927, 1954, 1958, 1963, 2007, 2031, 2040, 2042, 2043, 2047]), array([   5,   18,   53,   54,   70,   97,  123,  133,  159,  164,  177,  194,  210,  211,  274,  288,  310,  319,  335,  365,  368,  374,
        413,  432,  437,  447,  466,  467,  494,  506,  511,  531,  551,  565,  567,  596,  631,  644,  647,  648,  651,  678,  684,  725,
        760,  765,  770,  778,  780,  787,  807,  818,  829,  835,  843,  947,  954,  977, 1012, 1036, 1040, 1049, 1054, 1065, 1079, 1090,
       1131, 1152, 1168, 1170, 1179, 1254, 1262, 1283, 1286, 1289, 1300, 1320, 1325, 1331, 1333, 1339, 1340, 1354, 1359, 1364, 1365, 1431,
       1437, 1457, 1458, 1464, 1472, 1494, 1497, 1532, 1551, 1559, 1579, 1598, 1621, 1622, 1658, 1659, 1669, 1679, 1727, 1740, 1754, 1765,
       1792, 1799, 1816, 1818, 1838, 1840, 1844, 1854, 1870, 1907, 1911, 1919, 1936, 1990, 1993, 2016, 2019, 2036]), array([   9,   20,   39,   50,   60,   64,   66,   94,  136,  146,  150,  166,  174,  176,  180,  192,  227,  230,  257,  262,  297,  298,
        307,  393,  397,  422,  427,  455,  476,  487,  499,  525,  538,  553,  566,  568,  621,  643,  652,  656,  664,  676,  680,  726,
        739,  757,  763,  766,  802,  853,  869,  884,  910,  918,  949,  969,  976,  982,  988,  995, 1020, 1037, 1043, 1057, 1069, 1078,
       1083, 1084, 1091, 1116, 1133, 1135, 1142, 1174, 1203, 1206, 1211, 1217, 1222, 1223, 1226, 1230, 1240, 1252, 1280, 1291, 1322, 1326,
       1327, 1334, 1370, 1391, 1396, 1413, 1432, 1452, 1465, 1481, 1495, 1527, 1546, 1557, 1589, 1597, 1645, 1650, 1663, 1704, 1715, 1735,
       1737, 1786, 1796, 1807, 1808, 1813, 1814, 1820, 1823, 1912, 1971, 1973, 1976, 1983, 2014, 2026, 2032, 2044]), array([   0,    3,   19,   21,   37,   49,   89,  108,  132,  135,  152,  165,  187,  207,  217,  218,  225,  236,  248,  260,  265,  285,
        291,  312,  314,  323,  333,  349,  396,  403,  404,  405,  473,  482,  489,  503,  530,  560,  571,  572,  602,  611,  619,  639,
        653,  654,  666,  683,  704,  715,  728,  779,  793,  803,  821,  824,  847,  851,  892,  920,  967,  980, 1005, 1050, 1080, 1097,
       1160, 1195, 1199, 1219, 1235, 1238, 1250, 1264, 1281, 1310, 1311, 1312, 1341, 1356, 1388, 1393, 1401, 1417, 1459, 1485, 1492, 1505,
       1511, 1581, 1624, 1633, 1660, 1661, 1682, 1683, 1716, 1744, 1756, 1759, 1767, 1783, 1784, 1785, 1789, 1804, 1805, 1815, 1819, 1821,
       1848, 1859, 1898, 1906, 1909, 1938, 1951, 1956, 1959, 1968, 1969, 1989, 1991, 2004, 2022, 2023, 2034, 2046]), array([  13,   33,   34,   44,   68,   69,  141,  145,  160,  161,  168,  171,  183,  201,  213,  221,  243,  303,  324,  328,  331,  337,
        340,  346,  351,  378,  385,  407,  416,  417,  452,  458,  474,  478,  485,  558,  597,  598,  617,  630,  635,  642,  649,  667,
        670,  672,  677,  722,  733,  740,  749,  751,  777,  785,  789,  790,  801,  819,  836,  839,  845,  850,  875,  876,  878,  893,
        927,  955,  957,  958,  968,  974,  992,  994, 1009, 1018, 1060, 1092, 1122, 1127, 1129, 1153, 1161, 1183, 1188, 1190, 1204, 1218,
       1270, 1277, 1279, 1293, 1362, 1387, 1398, 1403, 1411, 1427, 1446, 1473, 1480, 1507, 1538, 1547, 1554, 1628, 1630, 1637, 1666, 1708,
       1714, 1747, 1766, 1772, 1780, 1781, 1794, 1822, 1827, 1857, 1861, 1878, 1884, 1947, 1961, 1994, 2009, 2039]), array([  27,   35,   58,   59,   92,  148,  167,  173,  178,  182,  233,  237,  244,  271,  293,  295,  301,  302,  336,  338,  339,  342,
        370,  391,  408,  410,  412,  415,  418,  421,  505,  537,  554,  591,  603,  612,  615,  629,  641,  681,  692,  694,  700,  712,
        717,  744,  747,  781,  788,  813,  817,  858,  860,  896,  917,  919,  928,  932,  950,  985,  990,  996, 1023, 1029, 1076, 1086,
       1120, 1123, 1182, 1200, 1249, 1253, 1282, 1284, 1285, 1353, 1355, 1357, 1373, 1380, 1385, 1438, 1440, 1455, 1488, 1513, 1536, 1584,
       1607, 1612, 1613, 1615, 1632, 1639, 1652, 1657, 1662, 1671, 1680, 1684, 1694, 1702, 1706, 1712, 1729, 1760, 1763, 1770, 1782, 1791,
       1795, 1801, 1809, 1839, 1845, 1850, 1858, 1876, 1883, 1903, 1930, 1932, 1934, 1937, 2005, 2027, 2029, 2041]), array([   4,   26,   28,   57,   61,   65,  121,  128,  149,  154,  200,  255,  264,  283,  292,  356,  360,  364,  399,  441,  477,  486,
        491,  546,  552,  573,  592,  622,  625,  658,  663,  671,  706,  708,  731,  752,  786,  822,  823,  848,  855,  871,  877,  904,
        906,  909,  922,  934,  937,  942,  948,  965,  970,  979,  984, 1004, 1015, 1019, 1027, 1038, 1068, 1081, 1082, 1087, 1099, 1117,
       1139, 1141, 1163, 1178, 1181, 1192, 1209, 1213, 1221, 1237, 1265, 1278, 1302, 1335, 1369, 1371, 1386, 1400, 1410, 1466, 1483, 1506,
       1539, 1544, 1570, 1572, 1592, 1614, 1642, 1655, 1664, 1675, 1676, 1686, 1696, 1699, 1723, 1726, 1751, 1769, 1787, 1793, 1798, 1800,
       1824, 1828, 1832, 1836, 1847, 1872, 1891, 1899, 1914, 1915, 1917, 1942, 1952, 1953, 1960, 1988, 1995, 2001]), array([  43,   52,   63,   85,   86,  118,  122,  153,  158,  185,  205,  208,  222,  242,  261,  269,  278,  282,  294,  300,  313,  322,
        325,  347,  372,  373,  380,  430,  434,  450,  464,  465,  517,  522,  534,  536,  541,  542,  559,  563,  574,  575,  586,  589,
        604,  605,  689,  707,  729,  759,  783,  794,  796,  806,  828,  832,  908,  916,  923,  939,  943,  956,  962,  966,  978,  989,
        999, 1053, 1055, 1063, 1110, 1121, 1144, 1172, 1196, 1216, 1239, 1258, 1298, 1308, 1319, 1323, 1328, 1338, 1352, 1394, 1421, 1424,
       1428, 1441, 1449, 1460, 1475, 1489, 1496, 1518, 1528, 1533, 1577, 1594, 1599, 1602, 1606, 1617, 1626, 1635, 1644, 1653, 1691, 1693,
       1709, 1720, 1721, 1730, 1733, 1761, 1762, 1764, 1778, 1817, 1825, 1826, 1869, 1874, 1940, 1962, 1970, 1997])]
[GMC-CPU] iter=1 components=1 lambda=2
[GMC-CPU] iter=2 components=1 lambda=4
[GMC-CPU] iter=3 components=2 lambda=8
[GMC-CPU] iter=4 components=7 lambda=16
[GMC-CPU] iter=5 components=12 lambda=32
[GMC-CPU] iter=6 components=13 lambda=64
[GMC-CPU] iter=7 components=15 lambda=128
[GMC-CPU] iter=8 components=16 lambda=128
Fine GMC diretto.
[GMC-CPU] iter=1 components=1 lambda=2
[GMC-CPU] iter=2 components=1 lambda=4
[GMC-CPU] iter=3 components=1 lambda=8
[GMC-CPU] iter=4 components=1 lambda=16
[GMC-CPU] iter=5 components=1 lambda=32
[GMC-CPU] iter=6 components=1 lambda=64
[GMC-CPU] iter=7 components=1 lambda=128
[GMC-CPU] iter=8 components=1 lambda=256
[GMC-CPU] iter=9 components=1 lambda=512
[GMC-CPU] iter=10 components=1 lambda=1024
[GMC-CPU] iter=11 components=1 lambda=2048
[GMC-CPU] iter=12 components=1 lambda=4096
[GMC-CPU] iter=13 components=2 lambda=4096
[Hierarchy-CPU] node=0 components=2 leaves=2 target=16
[GMC-CPU] iter=1 components=1 lambda=2
[GMC-CPU] iter=2 components=1 lambda=4
[GMC-CPU] iter=3 components=1 lambda=8
[GMC-CPU] iter=4 components=1 lambda=16
[GMC-CPU] iter=5 components=2 lambda=16
[Hierarchy-CPU] node=1 components=2 leaves=3 target=16
[GMC-CPU] iter=1 components=1 lambda=2
[GMC-CPU] iter=2 components=1 lambda=4
[GMC-CPU] iter=3 components=1 lambda=8
[GMC-CPU] iter=4 components=1 lambda=16
[GMC-CPU] iter=5 components=1 lambda=32
[GMC-CPU] iter=6 components=2 lambda=32
[Hierarchy-CPU] node=3 components=2 leaves=4 target=16
[GMC-CPU] iter=1 components=1 lambda=2
[GMC-CPU] iter=2 components=1 lambda=4
[GMC-CPU] iter=3 components=1 lambda=8
[GMC-CPU] iter=4 components=1 lambda=16
[GMC-CPU] iter=5 components=1 lambda=32
[GMC-CPU] iter=6 components=2 lambda=32
[Hierarchy-CPU] node=5 components=2 leaves=5 target=16
[GMC-CPU] iter=1 components=1 lambda=2
[GMC-CPU] iter=2 components=1 lambda=4
[GMC-CPU] iter=3 components=1 lambda=8
[GMC-CPU] iter=4 components=1 lambda=16
[GMC-CPU] iter=5 components=2 lambda=16
[Hierarchy-CPU] node=7 components=2 leaves=6 target=16
[GMC-CPU] iter=1 components=1 lambda=2
[GMC-CPU] iter=2 components=1 lambda=4
[GMC-CPU] iter=3 components=1 lambda=8
[GMC-CPU] iter=4 components=1 lambda=16
[GMC-CPU] iter=5 components=1 lambda=32
[GMC-CPU] iter=6 components=2 lambda=32
[Hierarchy-CPU] node=9 components=2 leaves=7 target=16
[GMC-CPU] iter=1 components=1 lambda=2
[GMC-CPU] iter=2 components=1 lambda=4
[GMC-CPU] iter=3 components=1 lambda=8
[GMC-CPU] iter=4 components=1 lambda=16
[GMC-CPU] iter=5 components=1 lambda=32
[GMC-CPU] iter=6 components=2 lambda=32
[Hierarchy-CPU] node=11 components=2 leaves=8 target=16
[GMC-CPU] iter=1 components=1 lambda=2
[GMC-CPU] iter=2 components=1 lambda=4
[GMC-CPU] iter=3 components=1 lambda=8
[GMC-CPU] iter=4 components=1 lambda=16
[GMC-CPU] iter=5 components=1 lambda=32
[GMC-CPU] iter=6 components=2 lambda=32
[Hierarchy-CPU] node=13 components=2 leaves=9 target=16
[GMC-CPU] iter=1 components=1 lambda=2
[GMC-CPU] iter=2 components=1 lambda=4
[GMC-CPU] iter=3 components=1 lambda=8
[GMC-CPU] iter=4 components=1 lambda=16
[GMC-CPU] iter=5 components=1 lambda=32
[GMC-CPU] iter=6 components=1 lambda=64
[GMC-CPU] iter=7 components=2 lambda=64
[Hierarchy-CPU] node=15 components=2 leaves=10 target=16
[GMC-CPU] iter=1 components=1 lambda=2
[GMC-CPU] iter=2 components=1 lambda=4
[GMC-CPU] iter=3 components=1 lambda=8
[GMC-CPU] iter=4 components=1 lambda=16
[GMC-CPU] iter=5 components=1 lambda=32
[GMC-CPU] iter=6 components=2 lambda=32
[Hierarchy-CPU] node=17 components=2 leaves=11 target=16
[GMC-CPU] iter=1 components=1 lambda=2
[GMC-CPU] iter=2 components=1 lambda=4
[GMC-CPU] iter=3 components=1 lambda=8
[GMC-CPU] iter=4 components=1 lambda=16
[GMC-CPU] iter=5 components=1 lambda=32
[GMC-CPU] iter=6 components=2 lambda=32
[Hierarchy-CPU] node=19 components=2 leaves=12 target=16
[GMC-CPU] iter=1 components=1 lambda=2
[GMC-CPU] iter=2 components=1 lambda=4
[GMC-CPU] iter=3 components=1 lambda=8
[GMC-CPU] iter=4 components=1 lambda=16
[GMC-CPU] iter=5 components=1 lambda=32
[GMC-CPU] iter=6 components=1 lambda=64
[GMC-CPU] iter=7 components=1 lambda=128
[GMC-CPU] iter=8 components=1 lambda=256
[GMC-CPU] iter=9 components=3 lambda=128
[Hierarchy-CPU] node=21 components=3 leaves=14 target=16
[GMC-CPU] iter=1 components=1 lambda=2
[GMC-CPU] iter=2 components=1 lambda=4
[GMC-CPU] iter=3 components=1 lambda=8
[GMC-CPU] iter=4 components=2 lambda=8
[Hierarchy-CPU] node=2 components=2 leaves=15 target=16
[GMC-CPU] iter=1 components=1 lambda=2
[GMC-CPU] iter=2 components=1 lambda=4
[GMC-CPU] iter=3 components=1 lambda=8
[GMC-CPU] iter=4 components=1 lambda=16
[GMC-CPU] iter=5 components=1 lambda=32
[GMC-CPU] iter=6 components=2 lambda=32
[Hierarchy-CPU] node=26 components=2 leaves=16 target=16
GPU disponibile.

Esecuzione del GMC GPU in modalità parallela.
[Hierarchy-GPU] level=0 nodes=1 workers=1 sizes=[2048]
[Hierarchy-GPU] level=0 completed leaves=2/16 time=0.786500s
[Hierarchy-GPU] level=1 nodes=2 workers=2 sizes=[1050, 998]
[Hierarchy-GPU] level=1 completed leaves=4/16 time=0.948503s
[Hierarchy-GPU] level=2 nodes=4 workers=4 sizes=[1048, 972, 26, 2]
[Hierarchy-GPU] level=2 completed leaves=8/16 time=1.155733s
[Hierarchy-GPU] level=3 nodes=6 workers=4 sizes=[1039, 966, 19, 9, 7, 6]
[Hierarchy-GPU] level=3 completed leaves=14/16 time=2.973738s
[Hierarchy-GPU] level=4 nodes=2 workers=2 sizes=[1034, 948]
[Hierarchy-GPU] level=4 completed leaves=16/16 time=1.185025s

========================================================================
TEMPI DI ESECUZIONE
========================================================================
GMC diretto: 10.496175 secondi
BinaryHierarchicalGMC: 40.068212 secondi
BinaryHierarchicalGMCGPU: 7.360728 secondi

========================================================================
CONFRONTO DEI RISULTATI
========================================================================
Dimensioni Binary originale : [981, 6, 7, 3, 5, 6, 5, 17, 2, 2, 8, 5, 7, 986, 6, 2]
Dimensioni Binary bilanciato: [128, 128, 128, 128, 128, 128, 128, 128, 128, 128, 128, 128, 128, 128, 128, 128]
Dimensioni Binary GPU: [1023, 11, 5, 6, 3, 1, 1, 937, 11, 18, 4, 2, 11, 8, 2, 5]
Dimensioni Binary GPU bilanciato: [128, 128, 128, 128, 128, 128, 128, 128, 128, 128, 128, 128, 128, 128, 128, 128]

Adjusted Rand Index
-------------------
GMC diretto             : 0.000046
Binary originale        : -0.000307
Binary bilanciato       : 0.000398
Binary GPU bilanciato   : -0.000266

Differenze
----------
Diretto - Binary bilanciato      : -0.000352
Binary bilanciato - originale    : +0.000705
Diretto - Binary GPU bilanciato  : -0.000327

Cluster Binary originali
------------------------
Cluster 0: [0, 1, 2, 6, 8, 9, 10, 11, 12, 15, 17, 19, 21, 22, 23, 27, 31, 34, 39, 40, 42, 43, 45, 47, 48, 52, 53, 55, 59, 60, 62, 63, 64, 65, 70, 71, 72, 75, 78, 79, 81, 82, 83, 84, 85, 86, 89, 100, 102, 105, 106, 109, 110, 111, 112, 113, 114, 116, 122, 129, 130, 131, 134, 136, 139, 141, 142, 144, 151, 154, 156, 157, 158, 159, 161, 162, 170, 172, 176, 177, 178, 179, 183, 185, 186, 187, 188, 194, 195, 197, 198, 200, 202, 203, 206, 207, 208, 212, 213, 214, 215, 217, 219, 221, 222, 224, 225, 226, 233, 234, 236, 238, 239, 252, 253, 254, 255, 261, 264, 265, 270, 271, 273, 274, 275, 277, 278, 279, 280, 282, 284, 288, 289, 290, 291, 292, 293, 297, 298, 300, 303, 306, 308, 310, 312, 324, 325, 326, 327, 331, 332, 334, 335, 336, 339, 342, 345, 346, 348, 349, 352, 353, 355, 356, 357, 359, 361, 363, 364, 368, 372, 373, 377, 378, 379, 382, 384, 387, 388, 392, 393, 394, 395, 396, 401, 404, 405, 407, 410, 412, 414, 415, 417, 421, 425, 426, 430, 431, 433, 436, 439, 440, 441, 442, 443, 444, 446, 449, 450, 452, 453, 454, 458, 459, 460, 461, 463, 464, 465, 466, 468, 470, 471, 475, 477, 480, 481, 482, 484, 486, 488, 491, 493, 495, 496, 498, 499, 501, 506, 509, 511, 513, 515, 516, 518, 525, 526, 529, 530, 532, 533, 534, 535, 536, 537, 539, 542, 545, 546, 547, 550, 552, 553, 555, 558, 559, 563, 566, 567, 570, 571, 573, 575, 578, 580, 581, 583, 585, 587, 591, 593, 595, 596, 597, 599, 601, 603, 608, 614, 617, 618, 623, 624, 626, 628, 629, 631, 635, 639, 641, 645, 647, 650, 654, 655, 656, 661, 666, 667, 671, 678, 679, 680, 681, 682, 683, 684, 685, 686, 688, 690, 692, 694, 695, 699, 700, 703, 704, 705, 706, 710, 711, 712, 714, 715, 716, 717, 718, 719, 725, 727, 728, 730, 731, 733, 735, 737, 738, 741, 745, 746, 749, 750, 752, 753, 754, 756, 758, 762, 763, 764, 765, 766, 767, 771, 772, 775, 777, 779, 780, 781, 786, 789, 792, 794, 796, 797, 798, 799, 800, 801, 803, 805, 808, 809, 814, 815, 819, 820, 821, 825, 827, 829, 832, 833, 835, 836, 838, 839, 840, 842, 844, 845, 846, 856, 859, 861, 862, 870, 871, 875, 877, 878, 880, 883, 884, 885, 886, 888, 891, 892, 896, 897, 898, 900, 901, 907, 909, 910, 914, 915, 916, 917, 918, 920, 921, 923, 924, 925, 927, 928, 929, 932, 936, 938, 939, 940, 942, 945, 946, 947, 948, 950, 951, 952, 954, 956, 957, 961, 966, 967, 973, 975, 979, 980, 982, 984, 987, 988, 994, 996, 997, 999, 1002, 1003, 1010, 1013, 1015, 1020, 1023, 1025, 1026, 1027, 1028, 1033, 1034, 1035, 1037, 1038, 1039, 1040, 1042, 1046, 1048, 1049, 1050, 1053, 1058, 1059, 1062, 1063, 1065, 1067, 1070, 1076, 1078, 1079, 1080, 1081, 1082, 1085, 1087, 1088, 1089, 1090, 1096, 1097, 1098, 1099, 1101, 1102, 1103, 1107, 1111, 1112, 1113, 1115, 1116, 1117, 1118, 1119, 1121, 1122, 1125, 1126, 1128, 1129, 1130, 1131, 1132, 1136, 1137, 1138, 1140, 1141, 1142, 1143, 1145, 1147, 1148, 1150, 1156, 1159, 1160, 1162, 1164, 1166, 1169, 1170, 1171, 1172, 1173, 1174, 1176, 1177, 1178, 1181, 1185, 1186, 1188, 1189, 1191, 1192, 1193, 1195, 1196, 1198, 1201, 1202, 1206, 1210, 1211, 1214, 1217, 1218, 1225, 1226, 1228, 1232, 1234, 1237, 1242, 1247, 1253, 1255, 1256, 1257, 1259, 1260, 1261, 1264, 1265, 1267, 1270, 1272, 1275, 1279, 1280, 1283, 1284, 1287, 1288, 1292, 1293, 1296, 1298, 1300, 1301, 1302, 1304, 1305, 1306, 1307, 1308, 1309, 1310, 1311, 1312, 1314, 1317, 1318, 1320, 1321, 1322, 1325, 1330, 1335, 1340, 1341, 1344, 1345, 1346, 1347, 1349, 1351, 1352, 1353, 1354, 1357, 1358, 1359, 1363, 1364, 1365, 1367, 1369, 1370, 1372, 1375, 1376, 1377, 1380, 1382, 1384, 1387, 1388, 1394, 1395, 1397, 1399, 1402, 1403, 1404, 1408, 1410, 1411, 1413, 1414, 1416, 1420, 1421, 1425, 1428, 1432, 1435, 1436, 1437, 1438, 1439, 1440, 1442, 1445, 1446, 1447, 1449, 1450, 1453, 1455, 1457, 1459, 1460, 1464, 1467, 1468, 1469, 1471, 1473, 1474, 1475, 1476, 1477, 1481, 1487, 1489, 1491, 1492, 1493, 1495, 1497, 1498, 1499, 1500, 1507, 1511, 1513, 1515, 1518, 1522, 1526, 1527, 1528, 1530, 1531, 1532, 1533, 1535, 1539, 1541, 1542, 1544, 1549, 1550, 1553, 1555, 1560, 1565, 1566, 1568, 1569, 1571, 1572, 1575, 1577, 1578, 1581, 1582, 1590, 1591, 1595, 1597, 1598, 1599, 1600, 1601, 1603, 1604, 1605, 1607, 1608, 1609, 1610, 1621, 1622, 1623, 1624, 1626, 1627, 1630, 1632, 1633, 1634, 1636, 1640, 1643, 1645, 1650, 1651, 1652, 1653, 1655, 1656, 1658, 1660, 1663, 1664, 1665, 1667, 1670, 1671, 1673, 1676, 1682, 1683, 1684, 1688, 1691, 1692, 1693, 1694, 1696, 1697, 1698, 1704, 1705, 1706, 1707, 1708, 1709, 1712, 1713, 1714, 1716, 1718, 1719, 1720, 1721, 1723, 1726, 1728, 1730, 1734, 1735, 1738, 1739, 1746, 1747, 1748, 1749, 1750, 1751, 1752, 1753, 1754, 1755, 1758, 1762, 1764, 1765, 1767, 1768, 1770, 1772, 1773, 1774, 1775, 1777, 1778, 1780, 1781, 1786, 1787, 1788, 1792, 1794, 1795, 1796, 1802, 1803, 1804, 1805, 1808, 1811, 1813, 1818, 1823, 1828, 1829, 1830, 1832, 1833, 1836, 1838, 1842, 1843, 1844, 1845, 1846, 1849, 1850, 1851, 1853, 1855, 1856, 1857, 1859, 1860, 1862, 1864, 1866, 1867, 1875, 1876, 1878, 1881, 1882, 1884, 1885, 1888, 1889, 1891, 1894, 1896, 1899, 1900, 1901, 1902, 1905, 1906, 1908, 1910, 1914, 1916, 1917, 1925, 1930, 1931, 1932, 1934, 1935, 1937, 1938, 1946, 1947, 1948, 1950, 1951, 1953, 1954, 1955, 1956, 1959, 1961, 1962, 1964, 1965, 1974, 1977, 1978, 1979, 1980, 1982, 1983, 1984, 1985, 1986, 1990, 1991, 1992, 1996, 1997, 2000, 2001, 2004, 2006, 2007, 2008, 2009, 2011, 2012, 2015, 2017, 2022, 2025, 2029, 2031, 2033, 2037, 2041, 2042, 2046, 2047], size=981
Cluster 1: [397, 398, 588, 1175, 1519, 1717], size=6
Cluster 2: [80, 795, 960, 1235, 1666, 1685, 1976], size=7
Cluster 3: [285, 724, 1793], size=3
Cluster 4: [895, 1167, 1245, 1291, 1883], size=5
Cluster 5: [281, 302, 319, 375, 1041, 1124], size=6
Cluster 6: [782, 1350, 1534, 1791, 1821], size=5
Cluster 7: [41, 330, 337, 527, 622, 865, 1144, 1197, 1207, 1213, 1390, 1412, 1523, 1606, 1870, 1907, 2045], size=17
Cluster 8: [262, 448], size=2
Cluster 9: [1816, 2005], size=2
Cluster 10: [24, 37, 49, 294, 955, 1562, 1892, 2014], size=8
Cluster 11: [462, 522, 696, 1215, 1221], size=5
Cluster 12: [98, 374, 406, 416, 1165, 1419, 1614], size=7
Cluster 13: [3, 4, 5, 7, 13, 14, 16, 18, 20, 25, 26, 28, 29, 30, 32, 33, 35, 36, 38, 46, 50, 51, 54, 57, 58, 61, 66, 67, 68, 69, 73, 74, 76, 77, 87, 88, 90, 91, 92, 93, 94, 95, 96, 97, 101, 103, 104, 107, 108, 115, 117, 118, 119, 120, 123, 124, 125, 126, 127, 128, 132, 133, 135, 137, 138, 140, 143, 145, 146, 147, 148, 149, 150, 152, 153, 155, 160, 163, 164, 165, 166, 167, 168, 169, 171, 173, 174, 175, 180, 181, 182, 184, 189, 190, 191, 192, 193, 196, 199, 201, 204, 205, 209, 210, 211, 216, 218, 220, 223, 227, 228, 229, 230, 231, 232, 235, 237, 240, 241, 242, 243, 244, 245, 246, 247, 248, 249, 250, 251, 256, 257, 258, 259, 260, 263, 266, 267, 268, 269, 272, 276, 283, 286, 287, 295, 296, 299, 301, 304, 305, 309, 311, 313, 314, 315, 316, 317, 318, 320, 321, 322, 323, 328, 329, 333, 338, 340, 341, 343, 344, 347, 350, 351, 354, 358, 360, 362, 365, 366, 367, 369, 370, 371, 376, 380, 381, 383, 385, 386, 389, 390, 391, 399, 400, 402, 403, 408, 409, 411, 413, 418, 419, 420, 422, 423, 424, 427, 428, 429, 432, 434, 435, 437, 438, 445, 447, 451, 455, 456, 457, 467, 469, 472, 473, 474, 476, 478, 479, 483, 485, 487, 489, 490, 492, 494, 497, 500, 502, 503, 504, 505, 507, 508, 510, 512, 514, 517, 519, 520, 521, 523, 524, 528, 531, 538, 540, 541, 543, 544, 548, 549, 551, 554, 556, 557, 560, 561, 562, 564, 565, 568, 569, 572, 574, 576, 577, 579, 582, 584, 586, 589, 590, 592, 594, 598, 600, 602, 604, 605, 606, 607, 609, 610, 611, 612, 613, 615, 616, 619, 620, 621, 625, 627, 630, 632, 633, 634, 636, 637, 638, 640, 642, 643, 644, 646, 648, 649, 651, 652, 653, 657, 658, 659, 660, 662, 663, 664, 665, 668, 669, 670, 672, 673, 674, 675, 676, 677, 687, 689, 691, 693, 697, 698, 701, 702, 707, 708, 709, 713, 720, 721, 722, 723, 726, 729, 732, 734, 736, 739, 740, 742, 743, 744, 747, 748, 751, 755, 757, 759, 760, 761, 768, 769, 770, 773, 774, 776, 778, 783, 784, 785, 787, 788, 790, 791, 793, 802, 804, 806, 807, 810, 811, 812, 813, 816, 817, 818, 822, 823, 824, 826, 828, 830, 831, 834, 837, 841, 843, 847, 848, 849, 850, 851, 852, 853, 854, 855, 857, 858, 860, 863, 864, 866, 867, 868, 869, 872, 873, 874, 876, 879, 881, 882, 887, 889, 890, 893, 894, 899, 902, 903, 904, 905, 906, 908, 911, 912, 913, 919, 922, 926, 930, 931, 933, 934, 935, 937, 941, 943, 944, 949, 953, 958, 959, 962, 963, 964, 965, 968, 969, 970, 971, 972, 974, 976, 977, 978, 981, 983, 985, 986, 989, 990, 991, 992, 993, 995, 998, 1000, 1001, 1004, 1005, 1006, 1007, 1008, 1009, 1011, 1012, 1014, 1016, 1017, 1018, 1019, 1021, 1022, 1024, 1029, 1030, 1031, 1032, 1036, 1043, 1044, 1045, 1047, 1051, 1052, 1054, 1055, 1056, 1057, 1060, 1061, 1064, 1066, 1068, 1069, 1071, 1072, 1073, 1074, 1075, 1077, 1083, 1084, 1086, 1091, 1092, 1093, 1094, 1095, 1100, 1104, 1105, 1106, 1108, 1109, 1110, 1114, 1120, 1123, 1127, 1133, 1134, 1135, 1139, 1146, 1149, 1151, 1152, 1153, 1154, 1155, 1157, 1158, 1161, 1163, 1168, 1179, 1180, 1182, 1183, 1184, 1187, 1190, 1194, 1199, 1200, 1203, 1204, 1205, 1208, 1209, 1212, 1216, 1219, 1220, 1222, 1223, 1224, 1227, 1229, 1230, 1231, 1233, 1236, 1238, 1239, 1240, 1241, 1243, 1244, 1246, 1248, 1249, 1250, 1251, 1252, 1254, 1258, 1262, 1263, 1266, 1268, 1269, 1271, 1273, 1274, 1276, 1277, 1278, 1281, 1282, 1285, 1286, 1289, 1290, 1294, 1295, 1297, 1299, 1303, 1313, 1315, 1316, 1319, 1323, 1324, 1326, 1327, 1328, 1329, 1331, 1332, 1333, 1334, 1336, 1337, 1338, 1339, 1342, 1343, 1348, 1355, 1356, 1360, 1361, 1362, 1366, 1368, 1371, 1373, 1374, 1378, 1379, 1381, 1383, 1385, 1386, 1389, 1391, 1392, 1393, 1396, 1398, 1400, 1401, 1405, 1406, 1407, 1409, 1415, 1417, 1418, 1422, 1423, 1424, 1426, 1427, 1429, 1431, 1433, 1434, 1441, 1443, 1444, 1448, 1451, 1452, 1454, 1456, 1458, 1462, 1463, 1465, 1466, 1470, 1472, 1478, 1479, 1480, 1482, 1483, 1484, 1485, 1486, 1488, 1490, 1494, 1496, 1501, 1502, 1503, 1504, 1505, 1506, 1508, 1509, 1510, 1512, 1514, 1516, 1517, 1520, 1521, 1524, 1525, 1529, 1536, 1537, 1538, 1540, 1543, 1545, 1546, 1547, 1548, 1551, 1552, 1554, 1556, 1557, 1558, 1559, 1561, 1563, 1564, 1567, 1570, 1573, 1574, 1576, 1579, 1580, 1583, 1584, 1585, 1586, 1587, 1588, 1589, 1592, 1593, 1594, 1596, 1602, 1611, 1612, 1613, 1615, 1616, 1617, 1618, 1619, 1620, 1625, 1628, 1629, 1631, 1635, 1637, 1638, 1639, 1641, 1642, 1644, 1646, 1647, 1648, 1649, 1654, 1657, 1659, 1661, 1662, 1668, 1669, 1672, 1674, 1675, 1677, 1678, 1679, 1680, 1681, 1686, 1687, 1689, 1690, 1695, 1699, 1700, 1701, 1702, 1703, 1710, 1711, 1715, 1722, 1724, 1725, 1727, 1729, 1731, 1732, 1733, 1736, 1737, 1740, 1741, 1742, 1743, 1744, 1745, 1756, 1757, 1759, 1760, 1761, 1763, 1766, 1769, 1771, 1776, 1779, 1782, 1783, 1784, 1785, 1789, 1790, 1797, 1798, 1799, 1800, 1801, 1806, 1807, 1809, 1810, 1812, 1814, 1815, 1817, 1819, 1820, 1822, 1824, 1825, 1826, 1827, 1831, 1834, 1835, 1837, 1839, 1840, 1841, 1847, 1848, 1852, 1854, 1858, 1861, 1863, 1865, 1868, 1869, 1871, 1872, 1873, 1874, 1877, 1879, 1880, 1886, 1887, 1890, 1893, 1895, 1897, 1898, 1903, 1904, 1909, 1911, 1912, 1913, 1915, 1918, 1919, 1920, 1921, 1922, 1923, 1924, 1926, 1927, 1928, 1929, 1933, 1936, 1939, 1940, 1941, 1942, 1943, 1944, 1945, 1949, 1952, 1957, 1958, 1960, 1963, 1966, 1967, 1968, 1969, 1970, 1971, 1972, 1973, 1975, 1981, 1987, 1988, 1989, 1993, 1994, 1995, 1998, 1999, 2002, 2003, 2010, 2013, 2016, 2019, 2020, 2021, 2023, 2024, 2026, 2027, 2028, 2030, 2032, 2034, 2035, 2036, 2038, 2039, 2040, 2043, 2044], size=986
Cluster 14: [44, 56, 99, 121, 307, 1430], size=6
Cluster 15: [1461, 2018], size=2

Cluster Binary bilanciati
-------------------------
Cluster 0: [23, 63, 65, 70, 100, 109, 111, 188, 212, 233, 239, 254, 270, 275, 289, 297, 306, 324, 342, 352, 361, 368, 382, 393, 394, 414, 433, 453, 464, 471, 486, 495, 532, 534, 552, 581, 591, 593, 599, 617, 678, 680, 694, 706, 710, 712, 727, 730, 745, 764, 771, 772, 786, 808, 809, 862, 921, 923, 942, 1013, 1034, 1050, 1058, 1063, 1080, 1089, 1102, 1113, 1128, 1160, 1169, 1178, 1185, 1192, 1210, 1255, 1259, 1261, 1272, 1288, 1302, 1318, 1322, 1344, 1364, 1375, 1384, 1387, 1395, 1414, 1421, 1428, 1432, 1436, 1467, 1471, 1473, 1476, 1481, 1507, 1531, 1549, 1550, 1568, 1572, 1591, 1604, 1608, 1630, 1651, 1691, 1692, 1706, 1713, 1726, 1773, 1778, 1833, 1843, 1876, 1891, 1937, 1959, 1979, 1985, 1986, 1991, 2004], size=128
Cluster 1: [2, 39, 45, 59, 71, 78, 141, 162, 185, 194, 198, 203, 261, 265, 271, 273, 292, 298, 300, 303, 310, 331, 332, 339, 353, 415, 425, 426, 436, 439, 450, 480, 482, 529, 530, 535, 555, 567, 570, 583, 596, 614, 618, 654, 679, 692, 704, 741, 746, 756, 765, 777, 780, 781, 792, 836, 886, 892, 900, 907, 916, 932, 936, 948, 950, 952, 973, 984, 994, 1053, 1078, 1103, 1107, 1111, 1117, 1121, 1131, 1137, 1173, 1202, 1206, 1226, 1265, 1301, 1304, 1340, 1345, 1353, 1357, 1376, 1402, 1440, 1447, 1449, 1468, 1474, 1489, 1566, 1582, 1601, 1609, 1645, 1650, 1658, 1671, 1694, 1697, 1718, 1719, 1720, 1753, 1781, 1787, 1803, 1828, 1829, 1860, 1864, 1878, 1916, 1950, 1956, 1964, 1978, 1980, 1982, 2029, 2046], size=128
Cluster 2: [6, 15, 31, 43, 48, 72, 81, 83, 84, 86, 113, 170, 177, 179, 208, 214, 221, 222, 226, 236, 274, 277, 326, 327, 334, 346, 363, 405, 442, 465, 468, 481, 493, 506, 513, 518, 526, 575, 585, 628, 629, 631, 650, 700, 705, 715, 733, 752, 767, 819, 829, 832, 838, 859, 861, 888, 914, 915, 925, 939, 940, 979, 987, 997, 999, 1023, 1027, 1090, 1138, 1159, 1181, 1189, 1193, 1225, 1228, 1232, 1234, 1242, 1280, 1287, 1305, 1307, 1310, 1330, 1351, 1358, 1359, 1420, 1435, 1446, 1450, 1455, 1464, 1475, 1493, 1575, 1599, 1622, 1623, 1640, 1652, 1655, 1656, 1665, 1667, 1670, 1673, 1688, 1704, 1708, 1728, 1738, 1767, 1808, 1844, 1855, 1866, 1905, 1908, 1931, 1934, 1946, 1961, 1983, 2001, 2025, 2033, 2037], size=128
Cluster 3: [10, 12, 105, 129, 131, 136, 139, 142, 156, 158, 178, 195, 215, 224, 282, 290, 291, 308, 312, 325, 348, 355, 377, 410, 421, 430, 440, 458, 461, 477, 516, 542, 547, 553, 558, 566, 571, 573, 578, 597, 601, 626, 661, 682, 695, 711, 714, 754, 798, 799, 820, 839, 842, 844, 845, 846, 898, 901, 909, 910, 917, 938, 946, 966, 982, 988, 1010, 1033, 1037, 1040, 1067, 1085, 1087, 1112, 1116, 1118, 1132, 1170, 1177, 1196, 1247, 1270, 1283, 1320, 1341, 1347, 1352, 1442, 1460, 1487, 1491, 1492, 1541, 1565, 1569, 1571, 1600, 1610, 1624, 1627, 1653, 1676, 1683, 1709, 1716, 1734, 1746, 1765, 1770, 1774, 1802, 1830, 1846, 1850, 1882, 1885, 1889, 1896, 1900, 1901, 1902, 1910, 1974, 1977, 1992, 2007, 2008, 2017], size=128
Cluster 4: [0, 9, 27, 42, 47, 52, 55, 60, 62, 79, 82, 85, 102, 106, 110, 144, 172, 183, 213, 238, 255, 280, 336, 349, 357, 359, 364, 372, 373, 388, 404, 446, 449, 460, 475, 499, 501, 525, 533, 536, 539, 545, 603, 624, 666, 667, 671, 688, 716, 718, 731, 735, 737, 762, 796, 803, 814, 875, 885, 918, 924, 967, 1026, 1035, 1046, 1049, 1079, 1088, 1096, 1101, 1125, 1140, 1142, 1145, 1164, 1172, 1176, 1198, 1201, 1211, 1214, 1237, 1284, 1292, 1293, 1298, 1309, 1314, 1317, 1335, 1370, 1380, 1394, 1404, 1425, 1453, 1469, 1498, 1511, 1518, 1526, 1530, 1542, 1544, 1553, 1560, 1626, 1660, 1684, 1739, 1754, 1755, 1794, 1818, 1823, 1838, 1849, 1857, 1859, 1906, 1914, 1930, 1984, 2006, 2009, 2011, 2041, 2042], size=128
Cluster 5: [11, 19, 22, 75, 89, 114, 116, 154, 159, 176, 217, 234, 264, 278, 284, 335, 356, 395, 396, 407, 412, 417, 431, 443, 444, 454, 470, 491, 498, 511, 515, 537, 559, 580, 587, 595, 635, 655, 656, 684, 690, 703, 717, 728, 738, 750, 753, 758, 789, 801, 825, 827, 833, 884, 920, 945, 947, 961, 996, 1002, 1003, 1015, 1039, 1042, 1048, 1062, 1065, 1070, 1081, 1097, 1098, 1099, 1115, 1119, 1141, 1148, 1150, 1156, 1166, 1174, 1188, 1191, 1217, 1253, 1260, 1296, 1308, 1311, 1312, 1325, 1365, 1377, 1399, 1403, 1416, 1457, 1477, 1497, 1532, 1555, 1578, 1581, 1605, 1607, 1621, 1664, 1696, 1712, 1730, 1747, 1758, 1764, 1777, 1786, 1788, 1804, 1805, 1851, 1875, 1925, 1932, 1951, 1954, 1965, 1997, 2022, 2031, 2047], size=128
Cluster 6: [1, 8, 17, 53, 112, 122, 151, 157, 186, 197, 202, 207, 219, 225, 253, 279, 293, 345, 384, 441, 452, 463, 484, 488, 496, 509, 546, 550, 563, 608, 623, 639, 641, 645, 681, 685, 749, 797, 800, 821, 835, 877, 880, 883, 891, 896, 927, 928, 951, 954, 956, 980, 1020, 1059, 1122, 1136, 1143, 1147, 1171, 1186, 1195, 1218, 1256, 1257, 1264, 1279, 1300, 1306, 1321, 1346, 1349, 1354, 1372, 1382, 1388, 1397, 1408, 1410, 1438, 1439, 1445, 1527, 1533, 1535, 1539, 1577, 1595, 1598, 1603, 1632, 1633, 1634, 1636, 1643, 1663, 1682, 1693, 1707, 1714, 1721, 1723, 1735, 1749, 1752, 1768, 1775, 1780, 1811, 1813, 1832, 1853, 1856, 1867, 1881, 1884, 1888, 1894, 1917, 1935, 1947, 1948, 1953, 1962, 1990, 1996, 2000, 2012, 2015], size=128
Cluster 7: [21, 34, 40, 41, 64, 80, 130, 134, 161, 187, 200, 206, 252, 281, 285, 288, 302, 319, 375, 378, 379, 387, 392, 397, 398, 401, 459, 466, 527, 588, 622, 647, 683, 686, 699, 719, 724, 725, 763, 766, 775, 779, 782, 794, 795, 805, 815, 840, 856, 865, 870, 871, 878, 895, 897, 929, 957, 960, 975, 1025, 1028, 1038, 1041, 1076, 1082, 1124, 1126, 1129, 1130, 1144, 1162, 1167, 1175, 1197, 1235, 1245, 1267, 1275, 1291, 1350, 1363, 1367, 1369, 1411, 1412, 1413, 1437, 1459, 1495, 1499, 1500, 1513, 1515, 1519, 1522, 1523, 1528, 1534, 1590, 1597, 1606, 1666, 1685, 1698, 1705, 1717, 1748, 1750, 1751, 1762, 1772, 1791, 1792, 1793, 1795, 1796, 1821, 1836, 1842, 1845, 1862, 1870, 1883, 1899, 1907, 1938, 1955, 1976], size=128
Cluster 8: [24, 29, 37, 49, 69, 98, 115, 120, 124, 128, 135, 196, 210, 211, 220, 231, 247, 262, 294, 299, 321, 330, 337, 344, 351, 354, 374, 406, 411, 416, 420, 422, 429, 448, 462, 478, 485, 494, 514, 519, 522, 538, 554, 576, 579, 584, 611, 620, 651, 693, 696, 707, 743, 788, 806, 817, 834, 857, 887, 922, 926, 930, 943, 944, 955, 976, 986, 990, 1004, 1029, 1055, 1091, 1106, 1120, 1146, 1165, 1207, 1213, 1215, 1221, 1271, 1285, 1319, 1342, 1343, 1356, 1366, 1378, 1379, 1390, 1393, 1419, 1424, 1456, 1466, 1483, 1512, 1558, 1562, 1563, 1580, 1602, 1614, 1642, 1672, 1736, 1785, 1789, 1798, 1810, 1812, 1816, 1848, 1887, 1892, 1893, 1903, 1904, 1944, 1975, 1988, 1998, 2002, 2005, 2010, 2014, 2035, 2045], size=128
Cluster 9: [25, 30, 32, 51, 67, 73, 76, 123, 163, 168, 173, 175, 218, 237, 240, 251, 256, 259, 266, 305, 316, 322, 350, 365, 366, 367, 381, 383, 427, 432, 438, 479, 483, 507, 543, 544, 548, 561, 582, 590, 602, 607, 610, 613, 630, 637, 674, 720, 721, 736, 744, 812, 818, 855, 869, 879, 904, 931, 937, 963, 964, 965, 993, 998, 1001, 1018, 1036, 1047, 1061, 1100, 1133, 1163, 1190, 1208, 1231, 1251, 1262, 1263, 1268, 1273, 1303, 1323, 1401, 1405, 1418, 1423, 1444, 1448, 1463, 1488, 1490, 1494, 1506, 1517, 1521, 1536, 1540, 1547, 1548, 1554, 1573, 1586, 1594, 1615, 1644, 1646, 1647, 1654, 1677, 1686, 1690, 1731, 1737, 1769, 1771, 1782, 1799, 1826, 1911, 1940, 1967, 1969, 1971, 1972, 1994, 1995, 2013, 2038], size=128
Cluster 10: [18, 54, 58, 101, 107, 118, 148, 174, 182, 184, 192, 199, 244, 250, 272, 286, 287, 309, 311, 329, 358, 371, 376, 380, 408, 413, 423, 445, 451, 457, 490, 497, 505, 551, 557, 572, 589, 598, 609, 619, 643, 670, 677, 701, 755, 757, 759, 774, 785, 787, 807, 824, 849, 874, 881, 905, 941, 949, 962, 968, 1000, 1005, 1007, 1009, 1022, 1052, 1054, 1075, 1083, 1094, 1105, 1110, 1114, 1134, 1157, 1216, 1223, 1233, 1244, 1249, 1258, 1269, 1278, 1313, 1315, 1331, 1360, 1386, 1422, 1427, 1433, 1441, 1452, 1465, 1472, 1509, 1516, 1537, 1557, 1564, 1587, 1592, 1596, 1613, 1620, 1629, 1641, 1674, 1689, 1699, 1727, 1741, 1745, 1779, 1814, 1825, 1873, 1912, 1913, 1921, 1923, 1952, 1987, 2024, 2027, 2028, 2034, 2040], size=128
Cluster 11: [88, 96, 126, 138, 140, 147, 155, 164, 167, 171, 181, 209, 243, 258, 260, 296, 318, 323, 328, 333, 341, 360, 370, 390, 409, 419, 428, 435, 447, 500, 528, 560, 605, 615, 621, 634, 636, 649, 660, 664, 668, 669, 672, 722, 778, 802, 810, 813, 816, 841, 843, 864, 867, 873, 889, 903, 906, 974, 978, 985, 1006, 1043, 1057, 1073, 1084, 1151, 1179, 1187, 1204, 1220, 1222, 1230, 1240, 1274, 1286, 1290, 1316, 1326, 1329, 1333, 1336, 1368, 1374, 1389, 1391, 1454, 1503, 1510, 1538, 1545, 1552, 1556, 1574, 1612, 1617, 1619, 1625, 1635, 1649, 1659, 1680, 1681, 1729, 1756, 1766, 1783, 1797, 1820, 1847, 1858, 1869, 1874, 1877, 1890, 1898, 1918, 1920, 1933, 1943, 1945, 1949, 1958, 1970, 1981, 1993, 2020, 2026, 2043], size=128
Cluster 12: [3, 5, 7, 33, 66, 68, 74, 77, 92, 94, 97, 104, 117, 125, 132, 137, 145, 165, 193, 204, 223, 227, 228, 232, 235, 242, 248, 249, 267, 314, 362, 389, 424, 434, 467, 503, 523, 531, 541, 549, 594, 638, 644, 665, 673, 676, 691, 697, 708, 723, 739, 770, 783, 793, 811, 826, 847, 852, 858, 868, 882, 893, 899, 908, 958, 970, 983, 989, 1030, 1031, 1068, 1074, 1108, 1161, 1168, 1182, 1200, 1229, 1239, 1252, 1281, 1289, 1299, 1328, 1334, 1338, 1339, 1361, 1362, 1383, 1385, 1406, 1407, 1417, 1486, 1501, 1524, 1543, 1559, 1561, 1576, 1583, 1616, 1618, 1628, 1657, 1679, 1710, 1711, 1740, 1743, 1763, 1776, 1809, 1815, 1827, 1835, 1854, 1861, 1871, 1879, 1919, 1960, 1968, 1989, 2021, 2023, 2039], size=128
Cluster 13: [4, 28, 36, 38, 46, 57, 61, 90, 93, 108, 119, 133, 153, 169, 191, 257, 263, 268, 338, 340, 347, 369, 386, 456, 473, 487, 504, 512, 521, 568, 604, 616, 633, 652, 657, 662, 675, 689, 713, 732, 734, 740, 760, 761, 768, 773, 790, 822, 823, 828, 830, 848, 850, 851, 866, 872, 876, 890, 894, 911, 912, 919, 933, 934, 935, 953, 969, 977, 991, 1008, 1011, 1024, 1032, 1066, 1077, 1092, 1093, 1149, 1155, 1203, 1205, 1209, 1212, 1219, 1227, 1236, 1246, 1276, 1277, 1295, 1324, 1348, 1355, 1373, 1381, 1392, 1429, 1431, 1458, 1470, 1480, 1502, 1505, 1514, 1525, 1546, 1551, 1567, 1611, 1637, 1639, 1668, 1669, 1760, 1807, 1817, 1831, 1837, 1839, 1852, 1865, 1922, 1926, 1936, 1939, 1957, 1966, 2036], size=128
Cluster 14: [16, 26, 35, 50, 103, 127, 143, 146, 149, 150, 152, 160, 180, 190, 229, 245, 246, 283, 301, 304, 313, 317, 320, 399, 400, 402, 403, 437, 469, 472, 476, 489, 517, 569, 574, 586, 606, 625, 640, 648, 653, 658, 659, 663, 687, 698, 726, 751, 784, 837, 853, 854, 902, 913, 959, 971, 981, 992, 1014, 1019, 1045, 1060, 1069, 1072, 1127, 1135, 1139, 1153, 1158, 1199, 1224, 1243, 1250, 1327, 1398, 1409, 1415, 1426, 1434, 1443, 1462, 1479, 1504, 1520, 1588, 1589, 1593, 1631, 1648, 1661, 1662, 1675, 1695, 1700, 1701, 1702, 1703, 1715, 1732, 1733, 1742, 1744, 1759, 1761, 1784, 1790, 1800, 1801, 1822, 1824, 1834, 1840, 1841, 1868, 1872, 1909, 1915, 1924, 1927, 1928, 1929, 1941, 1963, 2003, 2016, 2019, 2030, 2032], size=128
Cluster 15: [13, 14, 20, 44, 56, 87, 91, 95, 99, 121, 166, 189, 201, 205, 216, 230, 241, 269, 276, 295, 307, 315, 343, 385, 391, 418, 455, 474, 492, 502, 508, 510, 520, 524, 540, 556, 562, 564, 565, 577, 592, 600, 612, 627, 632, 642, 646, 702, 709, 729, 742, 747, 748, 769, 776, 791, 804, 831, 860, 863, 972, 995, 1012, 1016, 1017, 1021, 1044, 1051, 1056, 1064, 1071, 1086, 1095, 1104, 1109, 1123, 1152, 1154, 1180, 1183, 1184, 1194, 1238, 1241, 1248, 1254, 1266, 1282, 1294, 1297, 1332, 1337, 1371, 1396, 1400, 1430, 1451, 1461, 1478, 1482, 1484, 1485, 1496, 1508, 1529, 1570, 1579, 1584, 1585, 1638, 1678, 1687, 1722, 1724, 1725, 1757, 1806, 1819, 1863, 1880, 1886, 1895, 1897, 1942, 1973, 1999, 2018, 2044], size=128

Cluster Binary GPU originali
------------------------
Cluster 0: [23, 49, 63, 65, 70, 100, 109, 111, 188, 212, 233, 239, 254, 275, 281, 297, 306, 324, 342, 352, 361, 374, 382, 393, 394, 414, 416, 433, 453, 464, 471, 486, 532, 534, 552, 581, 591, 593, 599, 602, 617, 678, 680, 694, 710, 712, 730, 745, 764, 771, 786, 808, 809, 862, 921, 923, 926, 942, 1013, 1034, 1041, 1050, 1058, 1063, 1080, 1089, 1102, 1113, 1128, 1160, 1165, 1169, 1178, 1185, 1192, 1210, 1221, 1255, 1259, 1261, 1272, 1288, 1302, 1318, 1322, 1344, 1364, 1375, 1384, 1387, 1395, 1414, 1421, 1432, 1436, 1467, 1471, 1473, 1476, 1481, 1488, 1507, 1531, 1549, 1550, 1568, 1572, 1591, 1604, 1608, 1630, 1651, 1691, 1706, 1713, 1726, 1773, 1778, 1833, 1843, 1876, 1891, 1937, 1959, 1979, 1985, 1991, 2004], size=128
Cluster 1: [2, 39, 45, 59, 71, 78, 141, 162, 185, 194, 198, 203, 261, 265, 270, 271, 273, 289, 292, 298, 300, 303, 331, 332, 339, 353, 398, 415, 426, 436, 439, 450, 462, 480, 482, 495, 529, 530, 535, 567, 570, 588, 614, 618, 654, 679, 692, 704, 741, 746, 765, 772, 777, 780, 792, 836, 886, 892, 900, 907, 916, 932, 936, 948, 950, 952, 973, 984, 994, 1078, 1103, 1107, 1111, 1117, 1121, 1131, 1137, 1173, 1202, 1206, 1226, 1265, 1301, 1304, 1340, 1345, 1353, 1357, 1376, 1402, 1440, 1447, 1449, 1468, 1474, 1489, 1519, 1566, 1582, 1601, 1609, 1645, 1650, 1658, 1671, 1694, 1697, 1718, 1719, 1720, 1753, 1781, 1787, 1803, 1828, 1829, 1860, 1864, 1911, 1916, 1950, 1956, 1964, 1978, 1982, 1986, 2029, 2046], size=128
Cluster 2: [6, 15, 31, 43, 72, 81, 84, 86, 113, 170, 177, 208, 214, 221, 222, 226, 236, 274, 277, 285, 310, 326, 327, 363, 405, 425, 442, 465, 481, 493, 506, 513, 518, 522, 526, 555, 575, 583, 585, 596, 628, 631, 650, 700, 705, 715, 722, 733, 752, 756, 757, 767, 781, 782, 819, 829, 832, 838, 859, 861, 888, 914, 915, 925, 939, 940, 979, 987, 997, 999, 1023, 1027, 1053, 1090, 1124, 1138, 1159, 1181, 1189, 1193, 1232, 1234, 1242, 1280, 1287, 1305, 1307, 1310, 1330, 1350, 1358, 1419, 1446, 1450, 1455, 1464, 1475, 1493, 1575, 1622, 1623, 1640, 1652, 1665, 1670, 1688, 1708, 1717, 1728, 1738, 1767, 1808, 1844, 1855, 1866, 1890, 1892, 1905, 1908, 1931, 1934, 1946, 1961, 1983, 2014, 2025, 2033, 2037], size=128
Cluster 3: [10, 12, 48, 83, 105, 129, 131, 136, 142, 156, 158, 178, 179, 195, 215, 282, 290, 291, 294, 308, 312, 319, 346, 348, 355, 375, 377, 410, 421, 430, 440, 447, 458, 461, 468, 477, 516, 553, 566, 571, 578, 597, 601, 626, 629, 682, 695, 711, 754, 798, 799, 820, 839, 844, 845, 901, 909, 910, 917, 938, 966, 982, 988, 1010, 1033, 1037, 1040, 1067, 1087, 1116, 1118, 1132, 1170, 1196, 1225, 1228, 1235, 1247, 1270, 1283, 1341, 1347, 1420, 1435, 1442, 1460, 1487, 1491, 1492, 1541, 1562, 1565, 1569, 1571, 1599, 1600, 1610, 1614, 1624, 1627, 1653, 1655, 1656, 1667, 1673, 1676, 1683, 1709, 1734, 1746, 1765, 1770, 1774, 1802, 1870, 1885, 1889, 1900, 1901, 1902, 1910, 1970, 1974, 1977, 1992, 2001, 2007, 2008], size=128
Cluster 4: [0, 9, 24, 27, 42, 47, 52, 55, 60, 62, 80, 82, 85, 102, 106, 110, 139, 144, 183, 213, 224, 238, 255, 280, 302, 325, 336, 349, 357, 359, 364, 372, 373, 388, 404, 446, 448, 449, 460, 501, 525, 533, 536, 539, 542, 545, 547, 558, 573, 603, 624, 661, 666, 667, 688, 714, 718, 731, 737, 762, 796, 803, 842, 846, 898, 918, 924, 946, 967, 1026, 1049, 1079, 1088, 1096, 1101, 1112, 1125, 1142, 1145, 1164, 1176, 1177, 1182, 1198, 1201, 1211, 1237, 1245, 1284, 1289, 1292, 1293, 1298, 1309, 1317, 1320, 1335, 1352, 1370, 1404, 1425, 1453, 1469, 1498, 1511, 1518, 1530, 1542, 1544, 1553, 1626, 1660, 1684, 1716, 1739, 1794, 1823, 1830, 1838, 1849, 1850, 1883, 1914, 1930, 2009, 2011, 2017, 2042], size=128
Cluster 5: [11, 22, 75, 79, 89, 114, 116, 159, 169, 172, 176, 217, 234, 264, 278, 284, 335, 356, 395, 396, 412, 417, 431, 444, 454, 475, 491, 498, 499, 515, 559, 580, 587, 595, 635, 655, 656, 671, 690, 696, 703, 717, 728, 735, 738, 750, 753, 789, 801, 814, 825, 875, 876, 884, 885, 895, 934, 945, 947, 996, 1015, 1024, 1035, 1039, 1042, 1048, 1065, 1070, 1081, 1097, 1098, 1119, 1140, 1141, 1150, 1156, 1167, 1172, 1174, 1188, 1191, 1197, 1214, 1217, 1253, 1260, 1296, 1308, 1312, 1314, 1325, 1380, 1394, 1399, 1403, 1457, 1477, 1497, 1526, 1532, 1555, 1560, 1578, 1581, 1607, 1621, 1664, 1696, 1730, 1747, 1755, 1777, 1786, 1788, 1804, 1805, 1851, 1925, 1932, 1954, 1965, 1984, 1997, 2006, 2022, 2031, 2036, 2041], size=128
Cluster 6: [1, 8, 17, 19, 37, 53, 112, 122, 151, 154, 157, 186, 197, 202, 207, 219, 225, 253, 262, 279, 293, 345, 384, 407, 443, 452, 463, 470, 488, 496, 509, 511, 537, 546, 550, 608, 623, 639, 641, 685, 749, 758, 797, 800, 821, 827, 833, 835, 877, 880, 883, 896, 920, 927, 928, 951, 954, 956, 961, 980, 1002, 1003, 1062, 1115, 1122, 1143, 1147, 1148, 1166, 1171, 1186, 1195, 1218, 1279, 1300, 1311, 1346, 1349, 1365, 1372, 1377, 1388, 1416, 1438, 1439, 1445, 1527, 1534, 1535, 1539, 1595, 1603, 1605, 1632, 1633, 1634, 1636, 1682, 1693, 1707, 1721, 1723, 1735, 1749, 1752, 1764, 1780, 1811, 1813, 1832, 1856, 1867, 1875, 1881, 1888, 1917, 1927, 1935, 1948, 1951, 1953, 1962, 1976, 1990, 1996, 2012, 2015, 2047], size=128
Cluster 7: [21, 34, 40, 64, 98, 130, 134, 161, 187, 200, 206, 230, 252, 288, 368, 378, 379, 387, 392, 397, 401, 406, 441, 459, 466, 484, 563, 642, 645, 647, 681, 683, 686, 699, 725, 763, 766, 769, 775, 779, 794, 795, 805, 815, 840, 856, 860, 870, 871, 878, 891, 897, 929, 955, 957, 960, 975, 1016, 1020, 1025, 1028, 1038, 1059, 1076, 1082, 1126, 1129, 1130, 1136, 1162, 1215, 1256, 1257, 1264, 1267, 1275, 1291, 1306, 1354, 1363, 1367, 1369, 1382, 1390, 1397, 1408, 1410, 1411, 1413, 1459, 1495, 1499, 1500, 1513, 1515, 1522, 1528, 1533, 1577, 1590, 1597, 1598, 1643, 1663, 1685, 1698, 1705, 1714, 1748, 1751, 1762, 1768, 1772, 1792, 1795, 1796, 1821, 1836, 1842, 1845, 1853, 1862, 1884, 1894, 1938, 1947, 1955, 2000], size=128
Cluster 8: [29, 56, 69, 99, 115, 120, 124, 128, 135, 196, 210, 211, 220, 231, 247, 299, 316, 321, 344, 351, 354, 381, 411, 420, 422, 429, 478, 485, 494, 514, 538, 544, 554, 576, 579, 620, 684, 693, 707, 719, 720, 724, 727, 743, 788, 806, 817, 834, 857, 887, 904, 922, 943, 944, 976, 986, 990, 1004, 1018, 1029, 1046, 1055, 1085, 1091, 1106, 1120, 1144, 1146, 1175, 1271, 1285, 1319, 1321, 1342, 1343, 1351, 1356, 1366, 1378, 1379, 1393, 1424, 1428, 1437, 1456, 1466, 1483, 1512, 1536, 1558, 1563, 1580, 1602, 1606, 1642, 1646, 1666, 1672, 1692, 1736, 1758, 1785, 1789, 1791, 1793, 1798, 1810, 1812, 1816, 1818, 1846, 1848, 1882, 1887, 1893, 1899, 1903, 1904, 1907, 1944, 1975, 1980, 1988, 1998, 2005, 2010, 2035, 2038], size=128
Cluster 9: [25, 30, 32, 44, 51, 67, 73, 76, 123, 163, 168, 173, 175, 184, 192, 218, 237, 240, 244, 251, 256, 259, 266, 365, 366, 367, 376, 383, 408, 427, 432, 438, 445, 479, 483, 507, 527, 543, 561, 582, 590, 607, 613, 630, 637, 670, 674, 721, 736, 744, 759, 812, 818, 855, 869, 879, 931, 937, 949, 962, 964, 993, 998, 1001, 1022, 1036, 1047, 1052, 1061, 1100, 1133, 1163, 1190, 1208, 1216, 1231, 1249, 1251, 1262, 1263, 1268, 1273, 1278, 1303, 1323, 1401, 1405, 1418, 1423, 1444, 1448, 1452, 1490, 1494, 1506, 1517, 1521, 1540, 1547, 1548, 1554, 1573, 1586, 1594, 1615, 1644, 1647, 1654, 1677, 1686, 1690, 1731, 1737, 1745, 1769, 1771, 1782, 1799, 1826, 1940, 1967, 1969, 1971, 1972, 1994, 1995, 2013, 2024], size=128
Cluster 10: [18, 54, 58, 101, 107, 118, 147, 148, 155, 174, 182, 199, 250, 272, 286, 287, 309, 311, 329, 341, 358, 360, 371, 380, 413, 423, 428, 451, 457, 490, 497, 500, 505, 528, 551, 557, 560, 572, 589, 609, 643, 669, 677, 701, 755, 774, 785, 787, 802, 807, 824, 849, 865, 874, 881, 905, 941, 1000, 1005, 1007, 1054, 1075, 1083, 1094, 1105, 1110, 1114, 1134, 1157, 1179, 1223, 1230, 1233, 1240, 1244, 1258, 1269, 1274, 1313, 1315, 1331, 1333, 1360, 1386, 1391, 1422, 1427, 1433, 1441, 1465, 1472, 1509, 1516, 1537, 1545, 1557, 1564, 1587, 1592, 1596, 1613, 1619, 1620, 1625, 1629, 1641, 1674, 1689, 1699, 1727, 1741, 1766, 1779, 1797, 1814, 1825, 1873, 1912, 1913, 1921, 1923, 1952, 1987, 1993, 2027, 2028, 2034, 2040], size=128
Cluster 11: [3, 5, 41, 66, 126, 138, 140, 164, 167, 171, 181, 193, 209, 227, 228, 242, 243, 258, 296, 314, 318, 323, 328, 333, 370, 390, 409, 419, 424, 435, 467, 503, 531, 549, 594, 605, 615, 621, 622, 634, 636, 649, 660, 664, 668, 672, 691, 723, 778, 810, 813, 816, 841, 843, 864, 867, 873, 889, 893, 903, 906, 974, 978, 985, 1006, 1043, 1057, 1068, 1073, 1084, 1151, 1161, 1187, 1200, 1204, 1220, 1222, 1286, 1290, 1316, 1326, 1329, 1336, 1338, 1361, 1368, 1374, 1389, 1406, 1417, 1454, 1461, 1503, 1510, 1523, 1538, 1552, 1556, 1574, 1612, 1617, 1628, 1649, 1659, 1680, 1681, 1729, 1756, 1776, 1783, 1820, 1847, 1854, 1858, 1869, 1874, 1877, 1898, 1918, 1920, 1933, 1943, 1949, 1968, 1981, 2020, 2026, 2043], size=128
Cluster 12: [7, 33, 38, 57, 68, 74, 77, 90, 92, 94, 97, 104, 117, 125, 132, 133, 137, 145, 165, 204, 223, 232, 235, 248, 249, 267, 338, 347, 362, 386, 389, 434, 504, 523, 541, 638, 652, 673, 676, 697, 708, 713, 739, 770, 783, 793, 811, 823, 826, 828, 847, 852, 858, 868, 882, 894, 908, 912, 933, 953, 958, 970, 983, 989, 1030, 1031, 1032, 1074, 1093, 1108, 1149, 1155, 1168, 1205, 1229, 1236, 1239, 1252, 1299, 1324, 1328, 1334, 1339, 1355, 1362, 1381, 1383, 1385, 1407, 1429, 1431, 1480, 1486, 1501, 1505, 1524, 1543, 1559, 1561, 1567, 1576, 1583, 1616, 1618, 1657, 1679, 1710, 1711, 1740, 1743, 1760, 1763, 1809, 1815, 1817, 1827, 1835, 1861, 1865, 1871, 1879, 1919, 1936, 1960, 1989, 2021, 2023, 2039], size=128
Cluster 13: [4, 35, 36, 46, 50, 61, 93, 108, 119, 127, 149, 153, 180, 190, 191, 245, 257, 263, 268, 301, 304, 320, 340, 369, 399, 456, 473, 487, 489, 512, 517, 521, 568, 569, 574, 604, 606, 616, 633, 653, 657, 662, 675, 689, 726, 732, 734, 740, 760, 761, 768, 773, 784, 790, 822, 830, 837, 848, 850, 851, 853, 866, 872, 890, 902, 919, 935, 969, 971, 977, 991, 992, 1008, 1011, 1066, 1077, 1092, 1127, 1139, 1199, 1203, 1209, 1212, 1213, 1219, 1227, 1246, 1276, 1277, 1295, 1348, 1373, 1392, 1412, 1458, 1470, 1502, 1514, 1525, 1546, 1551, 1588, 1593, 1611, 1637, 1639, 1668, 1669, 1702, 1761, 1784, 1801, 1807, 1824, 1831, 1834, 1837, 1839, 1841, 1852, 1922, 1926, 1957, 1966, 2003, 2016, 2032, 2045], size=128
Cluster 14: [16, 26, 95, 103, 143, 146, 150, 152, 160, 229, 246, 283, 317, 391, 400, 402, 403, 418, 437, 469, 472, 476, 502, 520, 524, 540, 556, 577, 586, 592, 612, 627, 640, 648, 658, 659, 663, 687, 698, 709, 742, 748, 751, 804, 854, 863, 913, 959, 981, 1017, 1019, 1045, 1051, 1056, 1060, 1069, 1071, 1072, 1086, 1109, 1135, 1152, 1153, 1183, 1194, 1207, 1224, 1241, 1243, 1248, 1250, 1254, 1266, 1282, 1327, 1371, 1398, 1400, 1409, 1415, 1426, 1430, 1434, 1443, 1462, 1479, 1484, 1496, 1504, 1520, 1529, 1570, 1589, 1631, 1648, 1661, 1675, 1678, 1695, 1700, 1701, 1703, 1715, 1722, 1732, 1733, 1742, 1744, 1757, 1759, 1790, 1800, 1819, 1822, 1840, 1863, 1868, 1872, 1897, 1915, 1924, 1928, 1929, 1941, 1942, 1963, 1973, 2030], size=128
Cluster 15: [13, 14, 20, 28, 87, 88, 91, 96, 121, 166, 189, 201, 205, 216, 241, 260, 269, 276, 295, 305, 307, 313, 315, 322, 330, 334, 337, 343, 350, 385, 455, 474, 492, 508, 510, 519, 548, 562, 564, 565, 584, 598, 600, 610, 611, 619, 625, 632, 644, 646, 651, 665, 702, 706, 716, 729, 747, 776, 791, 831, 899, 911, 930, 963, 965, 968, 972, 995, 1009, 1012, 1014, 1021, 1044, 1064, 1095, 1099, 1104, 1123, 1154, 1158, 1180, 1184, 1238, 1281, 1294, 1297, 1332, 1337, 1359, 1396, 1451, 1463, 1478, 1482, 1485, 1508, 1579, 1584, 1585, 1635, 1638, 1662, 1687, 1704, 1712, 1724, 1725, 1750, 1754, 1775, 1806, 1857, 1859, 1878, 1880, 1886, 1895, 1896, 1906, 1909, 1939, 1945, 1958, 1999, 2002, 2018, 2019, 2044], size=128

Cluster Binary GPU bilanciati
------------------------------
Cluster 0: [23, 49, 63, 65, 70, 100, 109, 111, 188, 212, 233, 239, 254, 275, 281, 297, 306, 324, 342, 352, 361, 374, 382, 393, 394, 414, 416, 433, 453, 464, 471, 486, 532, 534, 552, 581, 591, 593, 599, 602, 617, 678, 680, 694, 710, 712, 730, 745, 764, 771, 786, 808, 809, 862, 921, 923, 926, 942, 1013, 1034, 1041, 1050, 1058, 1063, 1080, 1089, 1102, 1113, 1128, 1160, 1165, 1169, 1178, 1185, 1192, 1210, 1221, 1255, 1259, 1261, 1272, 1288, 1302, 1318, 1322, 1344, 1364, 1375, 1384, 1387, 1395, 1414, 1421, 1432, 1436, 1467, 1471, 1473, 1476, 1481, 1488, 1507, 1531, 1549, 1550, 1568, 1572, 1591, 1604, 1608, 1630, 1651, 1691, 1706, 1713, 1726, 1773, 1778, 1833, 1843, 1876, 1891, 1937, 1959, 1979, 1985, 1991, 2004], size=128
Cluster 1: [2, 39, 45, 59, 71, 78, 141, 162, 185, 194, 198, 203, 261, 265, 270, 271, 273, 289, 292, 298, 300, 303, 331, 332, 339, 353, 398, 415, 426, 436, 439, 450, 462, 480, 482, 495, 529, 530, 535, 567, 570, 588, 614, 618, 654, 679, 692, 704, 741, 746, 765, 772, 777, 780, 792, 836, 886, 892, 900, 907, 916, 932, 936, 948, 950, 952, 973, 984, 994, 1078, 1103, 1107, 1111, 1117, 1121, 1131, 1137, 1173, 1202, 1206, 1226, 1265, 1301, 1304, 1340, 1345, 1353, 1357, 1376, 1402, 1440, 1447, 1449, 1468, 1474, 1489, 1519, 1566, 1582, 1601, 1609, 1645, 1650, 1658, 1671, 1694, 1697, 1718, 1719, 1720, 1753, 1781, 1787, 1803, 1828, 1829, 1860, 1864, 1911, 1916, 1950, 1956, 1964, 1978, 1982, 1986, 2029, 2046], size=128
Cluster 2: [6, 15, 31, 43, 72, 81, 84, 86, 113, 170, 177, 208, 214, 221, 222, 226, 236, 274, 277, 285, 310, 326, 327, 363, 405, 425, 442, 465, 481, 493, 506, 513, 518, 522, 526, 555, 575, 583, 585, 596, 628, 631, 650, 700, 705, 715, 722, 733, 752, 756, 757, 767, 781, 782, 819, 829, 832, 838, 859, 861, 888, 914, 915, 925, 939, 940, 979, 987, 997, 999, 1023, 1027, 1053, 1090, 1124, 1138, 1159, 1181, 1189, 1193, 1232, 1234, 1242, 1280, 1287, 1305, 1307, 1310, 1330, 1350, 1358, 1419, 1446, 1450, 1455, 1464, 1475, 1493, 1575, 1622, 1623, 1640, 1652, 1665, 1670, 1688, 1708, 1717, 1728, 1738, 1767, 1808, 1844, 1855, 1866, 1890, 1892, 1905, 1908, 1931, 1934, 1946, 1961, 1983, 2014, 2025, 2033, 2037], size=128
Cluster 3: [10, 12, 48, 83, 105, 129, 131, 136, 142, 156, 158, 178, 179, 195, 215, 282, 290, 291, 294, 308, 312, 319, 346, 348, 355, 375, 377, 410, 421, 430, 440, 447, 458, 461, 468, 477, 516, 553, 566, 571, 578, 597, 601, 626, 629, 682, 695, 711, 754, 798, 799, 820, 839, 844, 845, 901, 909, 910, 917, 938, 966, 982, 988, 1010, 1033, 1037, 1040, 1067, 1087, 1116, 1118, 1132, 1170, 1196, 1225, 1228, 1235, 1247, 1270, 1283, 1341, 1347, 1420, 1435, 1442, 1460, 1487, 1491, 1492, 1541, 1562, 1565, 1569, 1571, 1599, 1600, 1610, 1614, 1624, 1627, 1653, 1655, 1656, 1667, 1673, 1676, 1683, 1709, 1734, 1746, 1765, 1770, 1774, 1802, 1870, 1885, 1889, 1900, 1901, 1902, 1910, 1970, 1974, 1977, 1992, 2001, 2007, 2008], size=128
Cluster 4: [0, 9, 24, 27, 42, 47, 52, 55, 60, 62, 80, 82, 85, 102, 106, 110, 139, 144, 183, 213, 224, 238, 255, 280, 302, 325, 336, 349, 357, 359, 364, 372, 373, 388, 404, 446, 448, 449, 460, 501, 525, 533, 536, 539, 542, 545, 547, 558, 573, 603, 624, 661, 666, 667, 688, 714, 718, 731, 737, 762, 796, 803, 842, 846, 898, 918, 924, 946, 967, 1026, 1049, 1079, 1088, 1096, 1101, 1112, 1125, 1142, 1145, 1164, 1176, 1177, 1182, 1198, 1201, 1211, 1237, 1245, 1284, 1289, 1292, 1293, 1298, 1309, 1317, 1320, 1335, 1352, 1370, 1404, 1425, 1453, 1469, 1498, 1511, 1518, 1530, 1542, 1544, 1553, 1626, 1660, 1684, 1716, 1739, 1794, 1823, 1830, 1838, 1849, 1850, 1883, 1914, 1930, 2009, 2011, 2017, 2042], size=128
Cluster 5: [11, 22, 75, 79, 89, 114, 116, 159, 169, 172, 176, 217, 234, 264, 278, 284, 335, 356, 395, 396, 412, 417, 431, 444, 454, 475, 491, 498, 499, 515, 559, 580, 587, 595, 635, 655, 656, 671, 690, 696, 703, 717, 728, 735, 738, 750, 753, 789, 801, 814, 825, 875, 876, 884, 885, 895, 934, 945, 947, 996, 1015, 1024, 1035, 1039, 1042, 1048, 1065, 1070, 1081, 1097, 1098, 1119, 1140, 1141, 1150, 1156, 1167, 1172, 1174, 1188, 1191, 1197, 1214, 1217, 1253, 1260, 1296, 1308, 1312, 1314, 1325, 1380, 1394, 1399, 1403, 1457, 1477, 1497, 1526, 1532, 1555, 1560, 1578, 1581, 1607, 1621, 1664, 1696, 1730, 1747, 1755, 1777, 1786, 1788, 1804, 1805, 1851, 1925, 1932, 1954, 1965, 1984, 1997, 2006, 2022, 2031, 2036, 2041], size=128
Cluster 6: [1, 8, 17, 19, 37, 53, 112, 122, 151, 154, 157, 186, 197, 202, 207, 219, 225, 253, 262, 279, 293, 345, 384, 407, 443, 452, 463, 470, 488, 496, 509, 511, 537, 546, 550, 608, 623, 639, 641, 685, 749, 758, 797, 800, 821, 827, 833, 835, 877, 880, 883, 896, 920, 927, 928, 951, 954, 956, 961, 980, 1002, 1003, 1062, 1115, 1122, 1143, 1147, 1148, 1166, 1171, 1186, 1195, 1218, 1279, 1300, 1311, 1346, 1349, 1365, 1372, 1377, 1388, 1416, 1438, 1439, 1445, 1527, 1534, 1535, 1539, 1595, 1603, 1605, 1632, 1633, 1634, 1636, 1682, 1693, 1707, 1721, 1723, 1735, 1749, 1752, 1764, 1780, 1811, 1813, 1832, 1856, 1867, 1875, 1881, 1888, 1917, 1927, 1935, 1948, 1951, 1953, 1962, 1976, 1990, 1996, 2012, 2015, 2047], size=128
Cluster 7: [21, 34, 40, 64, 98, 130, 134, 161, 187, 200, 206, 230, 252, 288, 368, 378, 379, 387, 392, 397, 401, 406, 441, 459, 466, 484, 563, 642, 645, 647, 681, 683, 686, 699, 725, 763, 766, 769, 775, 779, 794, 795, 805, 815, 840, 856, 860, 870, 871, 878, 891, 897, 929, 955, 957, 960, 975, 1016, 1020, 1025, 1028, 1038, 1059, 1076, 1082, 1126, 1129, 1130, 1136, 1162, 1215, 1256, 1257, 1264, 1267, 1275, 1291, 1306, 1354, 1363, 1367, 1369, 1382, 1390, 1397, 1408, 1410, 1411, 1413, 1459, 1495, 1499, 1500, 1513, 1515, 1522, 1528, 1533, 1577, 1590, 1597, 1598, 1643, 1663, 1685, 1698, 1705, 1714, 1748, 1751, 1762, 1768, 1772, 1792, 1795, 1796, 1821, 1836, 1842, 1845, 1853, 1862, 1884, 1894, 1938, 1947, 1955, 2000], size=128
Cluster 8: [29, 56, 69, 99, 115, 120, 124, 128, 135, 196, 210, 211, 220, 231, 247, 299, 316, 321, 344, 351, 354, 381, 411, 420, 422, 429, 478, 485, 494, 514, 538, 544, 554, 576, 579, 620, 684, 693, 707, 719, 720, 724, 727, 743, 788, 806, 817, 834, 857, 887, 904, 922, 943, 944, 976, 986, 990, 1004, 1018, 1029, 1046, 1055, 1085, 1091, 1106, 1120, 1144, 1146, 1175, 1271, 1285, 1319, 1321, 1342, 1343, 1351, 1356, 1366, 1378, 1379, 1393, 1424, 1428, 1437, 1456, 1466, 1483, 1512, 1536, 1558, 1563, 1580, 1602, 1606, 1642, 1646, 1666, 1672, 1692, 1736, 1758, 1785, 1789, 1791, 1793, 1798, 1810, 1812, 1816, 1818, 1846, 1848, 1882, 1887, 1893, 1899, 1903, 1904, 1907, 1944, 1975, 1980, 1988, 1998, 2005, 2010, 2035, 2038], size=128
Cluster 9: [25, 30, 32, 44, 51, 67, 73, 76, 123, 163, 168, 173, 175, 184, 192, 218, 237, 240, 244, 251, 256, 259, 266, 365, 366, 367, 376, 383, 408, 427, 432, 438, 445, 479, 483, 507, 527, 543, 561, 582, 590, 607, 613, 630, 637, 670, 674, 721, 736, 744, 759, 812, 818, 855, 869, 879, 931, 937, 949, 962, 964, 993, 998, 1001, 1022, 1036, 1047, 1052, 1061, 1100, 1133, 1163, 1190, 1208, 1216, 1231, 1249, 1251, 1262, 1263, 1268, 1273, 1278, 1303, 1323, 1401, 1405, 1418, 1423, 1444, 1448, 1452, 1490, 1494, 1506, 1517, 1521, 1540, 1547, 1548, 1554, 1573, 1586, 1594, 1615, 1644, 1647, 1654, 1677, 1686, 1690, 1731, 1737, 1745, 1769, 1771, 1782, 1799, 1826, 1940, 1967, 1969, 1971, 1972, 1994, 1995, 2013, 2024], size=128
Cluster 10: [18, 54, 58, 101, 107, 118, 147, 148, 155, 174, 182, 199, 250, 272, 286, 287, 309, 311, 329, 341, 358, 360, 371, 380, 413, 423, 428, 451, 457, 490, 497, 500, 505, 528, 551, 557, 560, 572, 589, 609, 643, 669, 677, 701, 755, 774, 785, 787, 802, 807, 824, 849, 865, 874, 881, 905, 941, 1000, 1005, 1007, 1054, 1075, 1083, 1094, 1105, 1110, 1114, 1134, 1157, 1179, 1223, 1230, 1233, 1240, 1244, 1258, 1269, 1274, 1313, 1315, 1331, 1333, 1360, 1386, 1391, 1422, 1427, 1433, 1441, 1465, 1472, 1509, 1516, 1537, 1545, 1557, 1564, 1587, 1592, 1596, 1613, 1619, 1620, 1625, 1629, 1641, 1674, 1689, 1699, 1727, 1741, 1766, 1779, 1797, 1814, 1825, 1873, 1912, 1913, 1921, 1923, 1952, 1987, 1993, 2027, 2028, 2034, 2040], size=128
Cluster 11: [3, 5, 41, 66, 126, 138, 140, 164, 167, 171, 181, 193, 209, 227, 228, 242, 243, 258, 296, 314, 318, 323, 328, 333, 370, 390, 409, 419, 424, 435, 467, 503, 531, 549, 594, 605, 615, 621, 622, 634, 636, 649, 660, 664, 668, 672, 691, 723, 778, 810, 813, 816, 841, 843, 864, 867, 873, 889, 893, 903, 906, 974, 978, 985, 1006, 1043, 1057, 1068, 1073, 1084, 1151, 1161, 1187, 1200, 1204, 1220, 1222, 1286, 1290, 1316, 1326, 1329, 1336, 1338, 1361, 1368, 1374, 1389, 1406, 1417, 1454, 1461, 1503, 1510, 1523, 1538, 1552, 1556, 1574, 1612, 1617, 1628, 1649, 1659, 1680, 1681, 1729, 1756, 1776, 1783, 1820, 1847, 1854, 1858, 1869, 1874, 1877, 1898, 1918, 1920, 1933, 1943, 1949, 1968, 1981, 2020, 2026, 2043], size=128
Cluster 12: [7, 33, 38, 57, 68, 74, 77, 90, 92, 94, 97, 104, 117, 125, 132, 133, 137, 145, 165, 204, 223, 232, 235, 248, 249, 267, 338, 347, 362, 386, 389, 434, 504, 523, 541, 638, 652, 673, 676, 697, 708, 713, 739, 770, 783, 793, 811, 823, 826, 828, 847, 852, 858, 868, 882, 894, 908, 912, 933, 953, 958, 970, 983, 989, 1030, 1031, 1032, 1074, 1093, 1108, 1149, 1155, 1168, 1205, 1229, 1236, 1239, 1252, 1299, 1324, 1328, 1334, 1339, 1355, 1362, 1381, 1383, 1385, 1407, 1429, 1431, 1480, 1486, 1501, 1505, 1524, 1543, 1559, 1561, 1567, 1576, 1583, 1616, 1618, 1657, 1679, 1710, 1711, 1740, 1743, 1760, 1763, 1809, 1815, 1817, 1827, 1835, 1861, 1865, 1871, 1879, 1919, 1936, 1960, 1989, 2021, 2023, 2039], size=128
Cluster 13: [4, 35, 36, 46, 50, 61, 93, 108, 119, 127, 149, 153, 180, 190, 191, 245, 257, 263, 268, 301, 304, 320, 340, 369, 399, 456, 473, 487, 489, 512, 517, 521, 568, 569, 574, 604, 606, 616, 633, 653, 657, 662, 675, 689, 726, 732, 734, 740, 760, 761, 768, 773, 784, 790, 822, 830, 837, 848, 850, 851, 853, 866, 872, 890, 902, 919, 935, 969, 971, 977, 991, 992, 1008, 1011, 1066, 1077, 1092, 1127, 1139, 1199, 1203, 1209, 1212, 1213, 1219, 1227, 1246, 1276, 1277, 1295, 1348, 1373, 1392, 1412, 1458, 1470, 1502, 1514, 1525, 1546, 1551, 1588, 1593, 1611, 1637, 1639, 1668, 1669, 1702, 1761, 1784, 1801, 1807, 1824, 1831, 1834, 1837, 1839, 1841, 1852, 1922, 1926, 1957, 1966, 2003, 2016, 2032, 2045], size=128
Cluster 14: [16, 26, 95, 103, 143, 146, 150, 152, 160, 229, 246, 283, 317, 391, 400, 402, 403, 418, 437, 469, 472, 476, 502, 520, 524, 540, 556, 577, 586, 592, 612, 627, 640, 648, 658, 659, 663, 687, 698, 709, 742, 748, 751, 804, 854, 863, 913, 959, 981, 1017, 1019, 1045, 1051, 1056, 1060, 1069, 1071, 1072, 1086, 1109, 1135, 1152, 1153, 1183, 1194, 1207, 1224, 1241, 1243, 1248, 1250, 1254, 1266, 1282, 1327, 1371, 1398, 1400, 1409, 1415, 1426, 1430, 1434, 1443, 1462, 1479, 1484, 1496, 1504, 1520, 1529, 1570, 1589, 1631, 1648, 1661, 1675, 1678, 1695, 1700, 1701, 1703, 1715, 1722, 1732, 1733, 1742, 1744, 1757, 1759, 1790, 1800, 1819, 1822, 1840, 1863, 1868, 1872, 1897, 1915, 1924, 1928, 1929, 1941, 1942, 1963, 1973, 2030], size=128
Cluster 15: [13, 14, 20, 28, 87, 88, 91, 96, 121, 166, 189, 201, 205, 216, 241, 260, 269, 276, 295, 305, 307, 313, 315, 322, 330, 334, 337, 343, 350, 385, 455, 474, 492, 508, 510, 519, 548, 562, 564, 565, 584, 598, 600, 610, 611, 619, 625, 632, 644, 646, 651, 665, 702, 706, 716, 729, 747, 776, 791, 831, 899, 911, 930, 963, 965, 968, 972, 995, 1009, 1012, 1014, 1021, 1044, 1064, 1095, 1099, 1104, 1123, 1154, 1158, 1180, 1184, 1238, 1281, 1294, 1297, 1332, 1337, 1359, 1396, 1451, 1463, 1478, 1482, 1485, 1508, 1579, 1584, 1585, 1635, 1638, 1662, 1687, 1704, 1712, 1724, 1725, 1750, 1754, 1775, 1806, 1857, 1859, 1878, 1880, 1886, 1895, 1896, 1906, 1909, 1939, 1945, 1958, 1999, 2002, 2018, 2019, 2044], size=128

========================================================================
LABEL NELL'ORDINE PERMUTATO
========================================================================
Ground truth:
[11  5  0 ...  6 11  8]

GMC diretto:
[0 0 0 ... 0 0 0]

Binary originale:
[ 0 13  0 ... 13  0  0]

Binary bilanciato:
[ 0  8  0 ... 15  7  7]

========================================================================
STRUTTURA DELL'ALBERO BINARY
========================================================================
node= 0 | level=0 | parent=None | left=   1 | right=   2 | size=2048 | indici originali=[0, 1, 2, 3, 4, 5, 6, 7, 8, 9, 10, 11, 12, 13, 14, 15, 16, 17, 18, 19, 20, 21, 22, 23, 24, 25, 26, 27, 28, 29, 30, 31, 32, 33, 34, 35, 36, 37, 38, 39, 40, 41, 42, 43, 44, 45, 46, 47, 48, 49, 50, 51, 52, 53, 54, 55, 56, 57, 58, 59, 60, 61, 62, 63, 64, 65, 66, 67, 68, 69, 70, 71, 72, 73, 74, 75, 76, 77, 78, 79, 80, 81, 82, 83, 84, 85, 86, 87, 88, 89, 90, 91, 92, 93, 94, 95, 96, 97, 98, 99, 100, 101, 102, 103, 104, 105, 106, 107, 108, 109, 110, 111, 112, 113, 114, 115, 116, 117, 118, 119, 120, 121, 122, 123, 124, 125, 126, 127, 128, 129, 130, 131, 132, 133, 134, 135, 136, 137, 138, 139, 140, 141, 142, 143, 144, 145, 146, 147, 148, 149, 150, 151, 152, 153, 154, 155, 156, 157, 158, 159, 160, 161, 162, 163, 164, 165, 166, 167, 168, 169, 170, 171, 172, 173, 174, 175, 176, 177, 178, 179, 180, 181, 182, 183, 184, 185, 186, 187, 188, 189, 190, 191, 192, 193, 194, 195, 196, 197, 198, 199, 200, 201, 202, 203, 204, 205, 206, 207, 208, 209, 210, 211, 212, 213, 214, 215, 216, 217, 218, 219, 220, 221, 222, 223, 224, 225, 226, 227, 228, 229, 230, 231, 232, 233, 234, 235, 236, 237, 238, 239, 240, 241, 242, 243, 244, 245, 246, 247, 248, 249, 250, 251, 252, 253, 254, 255, 256, 257, 258, 259, 260, 261, 262, 263, 264, 265, 266, 267, 268, 269, 270, 271, 272, 273, 274, 275, 276, 277, 278, 279, 280, 281, 282, 283, 284, 285, 286, 287, 288, 289, 290, 291, 292, 293, 294, 295, 296, 297, 298, 299, 300, 301, 302, 303, 304, 305, 306, 307, 308, 309, 310, 311, 312, 313, 314, 315, 316, 317, 318, 319, 320, 321, 322, 323, 324, 325, 326, 327, 328, 329, 330, 331, 332, 333, 334, 335, 336, 337, 338, 339, 340, 341, 342, 343, 344, 345, 346, 347, 348, 349, 350, 351, 352, 353, 354, 355, 356, 357, 358, 359, 360, 361, 362, 363, 364, 365, 366, 367, 368, 369, 370, 371, 372, 373, 374, 375, 376, 377, 378, 379, 380, 381, 382, 383, 384, 385, 386, 387, 388, 389, 390, 391, 392, 393, 394, 395, 396, 397, 398, 399, 400, 401, 402, 403, 404, 405, 406, 407, 408, 409, 410, 411, 412, 413, 414, 415, 416, 417, 418, 419, 420, 421, 422, 423, 424, 425, 426, 427, 428, 429, 430, 431, 432, 433, 434, 435, 436, 437, 438, 439, 440, 441, 442, 443, 444, 445, 446, 447, 448, 449, 450, 451, 452, 453, 454, 455, 456, 457, 458, 459, 460, 461, 462, 463, 464, 465, 466, 467, 468, 469, 470, 471, 472, 473, 474, 475, 476, 477, 478, 479, 480, 481, 482, 483, 484, 485, 486, 487, 488, 489, 490, 491, 492, 493, 494, 495, 496, 497, 498, 499, 500, 501, 502, 503, 504, 505, 506, 507, 508, 509, 510, 511, 512, 513, 514, 515, 516, 517, 518, 519, 520, 521, 522, 523, 524, 525, 526, 527, 528, 529, 530, 531, 532, 533, 534, 535, 536, 537, 538, 539, 540, 541, 542, 543, 544, 545, 546, 547, 548, 549, 550, 551, 552, 553, 554, 555, 556, 557, 558, 559, 560, 561, 562, 563, 564, 565, 566, 567, 568, 569, 570, 571, 572, 573, 574, 575, 576, 577, 578, 579, 580, 581, 582, 583, 584, 585, 586, 587, 588, 589, 590, 591, 592, 593, 594, 595, 596, 597, 598, 599, 600, 601, 602, 603, 604, 605, 606, 607, 608, 609, 610, 611, 612, 613, 614, 615, 616, 617, 618, 619, 620, 621, 622, 623, 624, 625, 626, 627, 628, 629, 630, 631, 632, 633, 634, 635, 636, 637, 638, 639, 640, 641, 642, 643, 644, 645, 646, 647, 648, 649, 650, 651, 652, 653, 654, 655, 656, 657, 658, 659, 660, 661, 662, 663, 664, 665, 666, 667, 668, 669, 670, 671, 672, 673, 674, 675, 676, 677, 678, 679, 680, 681, 682, 683, 684, 685, 686, 687, 688, 689, 690, 691, 692, 693, 694, 695, 696, 697, 698, 699, 700, 701, 702, 703, 704, 705, 706, 707, 708, 709, 710, 711, 712, 713, 714, 715, 716, 717, 718, 719, 720, 721, 722, 723, 724, 725, 726, 727, 728, 729, 730, 731, 732, 733, 734, 735, 736, 737, 738, 739, 740, 741, 742, 743, 744, 745, 746, 747, 748, 749, 750, 751, 752, 753, 754, 755, 756, 757, 758, 759, 760, 761, 762, 763, 764, 765, 766, 767, 768, 769, 770, 771, 772, 773, 774, 775, 776, 777, 778, 779, 780, 781, 782, 783, 784, 785, 786, 787, 788, 789, 790, 791, 792, 793, 794, 795, 796, 797, 798, 799, 800, 801, 802, 803, 804, 805, 806, 807, 808, 809, 810, 811, 812, 813, 814, 815, 816, 817, 818, 819, 820, 821, 822, 823, 824, 825, 826, 827, 828, 829, 830, 831, 832, 833, 834, 835, 836, 837, 838, 839, 840, 841, 842, 843, 844, 845, 846, 847, 848, 849, 850, 851, 852, 853, 854, 855, 856, 857, 858, 859, 860, 861, 862, 863, 864, 865, 866, 867, 868, 869, 870, 871, 872, 873, 874, 875, 876, 877, 878, 879, 880, 881, 882, 883, 884, 885, 886, 887, 888, 889, 890, 891, 892, 893, 894, 895, 896, 897, 898, 899, 900, 901, 902, 903, 904, 905, 906, 907, 908, 909, 910, 911, 912, 913, 914, 915, 916, 917, 918, 919, 920, 921, 922, 923, 924, 925, 926, 927, 928, 929, 930, 931, 932, 933, 934, 935, 936, 937, 938, 939, 940, 941, 942, 943, 944, 945, 946, 947, 948, 949, 950, 951, 952, 953, 954, 955, 956, 957, 958, 959, 960, 961, 962, 963, 964, 965, 966, 967, 968, 969, 970, 971, 972, 973, 974, 975, 976, 977, 978, 979, 980, 981, 982, 983, 984, 985, 986, 987, 988, 989, 990, 991, 992, 993, 994, 995, 996, 997, 998, 999, 1000, 1001, 1002, 1003, 1004, 1005, 1006, 1007, 1008, 1009, 1010, 1011, 1012, 1013, 1014, 1015, 1016, 1017, 1018, 1019, 1020, 1021, 1022, 1023, 1024, 1025, 1026, 1027, 1028, 1029, 1030, 1031, 1032, 1033, 1034, 1035, 1036, 1037, 1038, 1039, 1040, 1041, 1042, 1043, 1044, 1045, 1046, 1047, 1048, 1049, 1050, 1051, 1052, 1053, 1054, 1055, 1056, 1057, 1058, 1059, 1060, 1061, 1062, 1063, 1064, 1065, 1066, 1067, 1068, 1069, 1070, 1071, 1072, 1073, 1074, 1075, 1076, 1077, 1078, 1079, 1080, 1081, 1082, 1083, 1084, 1085, 1086, 1087, 1088, 1089, 1090, 1091, 1092, 1093, 1094, 1095, 1096, 1097, 1098, 1099, 1100, 1101, 1102, 1103, 1104, 1105, 1106, 1107, 1108, 1109, 1110, 1111, 1112, 1113, 1114, 1115, 1116, 1117, 1118, 1119, 1120, 1121, 1122, 1123, 1124, 1125, 1126, 1127, 1128, 1129, 1130, 1131, 1132, 1133, 1134, 1135, 1136, 1137, 1138, 1139, 1140, 1141, 1142, 1143, 1144, 1145, 1146, 1147, 1148, 1149, 1150, 1151, 1152, 1153, 1154, 1155, 1156, 1157, 1158, 1159, 1160, 1161, 1162, 1163, 1164, 1165, 1166, 1167, 1168, 1169, 1170, 1171, 1172, 1173, 1174, 1175, 1176, 1177, 1178, 1179, 1180, 1181, 1182, 1183, 1184, 1185, 1186, 1187, 1188, 1189, 1190, 1191, 1192, 1193, 1194, 1195, 1196, 1197, 1198, 1199, 1200, 1201, 1202, 1203, 1204, 1205, 1206, 1207, 1208, 1209, 1210, 1211, 1212, 1213, 1214, 1215, 1216, 1217, 1218, 1219, 1220, 1221, 1222, 1223, 1224, 1225, 1226, 1227, 1228, 1229, 1230, 1231, 1232, 1233, 1234, 1235, 1236, 1237, 1238, 1239, 1240, 1241, 1242, 1243, 1244, 1245, 1246, 1247, 1248, 1249, 1250, 1251, 1252, 1253, 1254, 1255, 1256, 1257, 1258, 1259, 1260, 1261, 1262, 1263, 1264, 1265, 1266, 1267, 1268, 1269, 1270, 1271, 1272, 1273, 1274, 1275, 1276, 1277, 1278, 1279, 1280, 1281, 1282, 1283, 1284, 1285, 1286, 1287, 1288, 1289, 1290, 1291, 1292, 1293, 1294, 1295, 1296, 1297, 1298, 1299, 1300, 1301, 1302, 1303, 1304, 1305, 1306, 1307, 1308, 1309, 1310, 1311, 1312, 1313, 1314, 1315, 1316, 1317, 1318, 1319, 1320, 1321, 1322, 1323, 1324, 1325, 1326, 1327, 1328, 1329, 1330, 1331, 1332, 1333, 1334, 1335, 1336, 1337, 1338, 1339, 1340, 1341, 1342, 1343, 1344, 1345, 1346, 1347, 1348, 1349, 1350, 1351, 1352, 1353, 1354, 1355, 1356, 1357, 1358, 1359, 1360, 1361, 1362, 1363, 1364, 1365, 1366, 1367, 1368, 1369, 1370, 1371, 1372, 1373, 1374, 1375, 1376, 1377, 1378, 1379, 1380, 1381, 1382, 1383, 1384, 1385, 1386, 1387, 1388, 1389, 1390, 1391, 1392, 1393, 1394, 1395, 1396, 1397, 1398, 1399, 1400, 1401, 1402, 1403, 1404, 1405, 1406, 1407, 1408, 1409, 1410, 1411, 1412, 1413, 1414, 1415, 1416, 1417, 1418, 1419, 1420, 1421, 1422, 1423, 1424, 1425, 1426, 1427, 1428, 1429, 1430, 1431, 1432, 1433, 1434, 1435, 1436, 1437, 1438, 1439, 1440, 1441, 1442, 1443, 1444, 1445, 1446, 1447, 1448, 1449, 1450, 1451, 1452, 1453, 1454, 1455, 1456, 1457, 1458, 1459, 1460, 1461, 1462, 1463, 1464, 1465, 1466, 1467, 1468, 1469, 1470, 1471, 1472, 1473, 1474, 1475, 1476, 1477, 1478, 1479, 1480, 1481, 1482, 1483, 1484, 1485, 1486, 1487, 1488, 1489, 1490, 1491, 1492, 1493, 1494, 1495, 1496, 1497, 1498, 1499, 1500, 1501, 1502, 1503, 1504, 1505, 1506, 1507, 1508, 1509, 1510, 1511, 1512, 1513, 1514, 1515, 1516, 1517, 1518, 1519, 1520, 1521, 1522, 1523, 1524, 1525, 1526, 1527, 1528, 1529, 1530, 1531, 1532, 1533, 1534, 1535, 1536, 1537, 1538, 1539, 1540, 1541, 1542, 1543, 1544, 1545, 1546, 1547, 1548, 1549, 1550, 1551, 1552, 1553, 1554, 1555, 1556, 1557, 1558, 1559, 1560, 1561, 1562, 1563, 1564, 1565, 1566, 1567, 1568, 1569, 1570, 1571, 1572, 1573, 1574, 1575, 1576, 1577, 1578, 1579, 1580, 1581, 1582, 1583, 1584, 1585, 1586, 1587, 1588, 1589, 1590, 1591, 1592, 1593, 1594, 1595, 1596, 1597, 1598, 1599, 1600, 1601, 1602, 1603, 1604, 1605, 1606, 1607, 1608, 1609, 1610, 1611, 1612, 1613, 1614, 1615, 1616, 1617, 1618, 1619, 1620, 1621, 1622, 1623, 1624, 1625, 1626, 1627, 1628, 1629, 1630, 1631, 1632, 1633, 1634, 1635, 1636, 1637, 1638, 1639, 1640, 1641, 1642, 1643, 1644, 1645, 1646, 1647, 1648, 1649, 1650, 1651, 1652, 1653, 1654, 1655, 1656, 1657, 1658, 1659, 1660, 1661, 1662, 1663, 1664, 1665, 1666, 1667, 1668, 1669, 1670, 1671, 1672, 1673, 1674, 1675, 1676, 1677, 1678, 1679, 1680, 1681, 1682, 1683, 1684, 1685, 1686, 1687, 1688, 1689, 1690, 1691, 1692, 1693, 1694, 1695, 1696, 1697, 1698, 1699, 1700, 1701, 1702, 1703, 1704, 1705, 1706, 1707, 1708, 1709, 1710, 1711, 1712, 1713, 1714, 1715, 1716, 1717, 1718, 1719, 1720, 1721, 1722, 1723, 1724, 1725, 1726, 1727, 1728, 1729, 1730, 1731, 1732, 1733, 1734, 1735, 1736, 1737, 1738, 1739, 1740, 1741, 1742, 1743, 1744, 1745, 1746, 1747, 1748, 1749, 1750, 1751, 1752, 1753, 1754, 1755, 1756, 1757, 1758, 1759, 1760, 1761, 1762, 1763, 1764, 1765, 1766, 1767, 1768, 1769, 1770, 1771, 1772, 1773, 1774, 1775, 1776, 1777, 1778, 1779, 1780, 1781, 1782, 1783, 1784, 1785, 1786, 1787, 1788, 1789, 1790, 1791, 1792, 1793, 1794, 1795, 1796, 1797, 1798, 1799, 1800, 1801, 1802, 1803, 1804, 1805, 1806, 1807, 1808, 1809, 1810, 1811, 1812, 1813, 1814, 1815, 1816, 1817, 1818, 1819, 1820, 1821, 1822, 1823, 1824, 1825, 1826, 1827, 1828, 1829, 1830, 1831, 1832, 1833, 1834, 1835, 1836, 1837, 1838, 1839, 1840, 1841, 1842, 1843, 1844, 1845, 1846, 1847, 1848, 1849, 1850, 1851, 1852, 1853, 1854, 1855, 1856, 1857, 1858, 1859, 1860, 1861, 1862, 1863, 1864, 1865, 1866, 1867, 1868, 1869, 1870, 1871, 1872, 1873, 1874, 1875, 1876, 1877, 1878, 1879, 1880, 1881, 1882, 1883, 1884, 1885, 1886, 1887, 1888, 1889, 1890, 1891, 1892, 1893, 1894, 1895, 1896, 1897, 1898, 1899, 1900, 1901, 1902, 1903, 1904, 1905, 1906, 1907, 1908, 1909, 1910, 1911, 1912, 1913, 1914, 1915, 1916, 1917, 1918, 1919, 1920, 1921, 1922, 1923, 1924, 1925, 1926, 1927, 1928, 1929, 1930, 1931, 1932, 1933, 1934, 1935, 1936, 1937, 1938, 1939, 1940, 1941, 1942, 1943, 1944, 1945, 1946, 1947, 1948, 1949, 1950, 1951, 1952, 1953, 1954, 1955, 1956, 1957, 1958, 1959, 1960, 1961, 1962, 1963, 1964, 1965, 1966, 1967, 1968, 1969, 1970, 1971, 1972, 1973, 1974, 1975, 1976, 1977, 1978, 1979, 1980, 1981, 1982, 1983, 1984, 1985, 1986, 1987, 1988, 1989, 1990, 1991, 1992, 1993, 1994, 1995, 1996, 1997, 1998, 1999, 2000, 2001, 2002, 2003, 2004, 2005, 2006, 2007, 2008, 2009, 2010, 2011, 2012, 2013, 2014, 2015, 2016, 2017, 2018, 2019, 2020, 2021, 2022, 2023, 2024, 2025, 2026, 2027, 2028, 2029, 2030, 2031, 2032, 2033, 2034, 2035, 2036, 2037, 2038, 2039, 2040, 2041, 2042, 2043, 2044, 2045, 2046, 2047]
node= 1 | level=1 | parent=   0 | left=   3 | right=   4 | size=1054 | indici originali=[0, 1, 2, 6, 8, 9, 10, 11, 12, 15, 17, 19, 21, 22, 23, 24, 27, 31, 34, 37, 39, 40, 41, 42, 43, 45, 47, 48, 49, 52, 53, 55, 59, 60, 62, 63, 64, 65, 70, 71, 72, 75, 78, 79, 80, 81, 82, 83, 84, 85, 86, 89, 98, 100, 102, 105, 106, 109, 110, 111, 112, 113, 114, 116, 122, 129, 130, 131, 134, 136, 139, 141, 142, 144, 151, 154, 156, 157, 158, 159, 161, 162, 170, 172, 176, 177, 178, 179, 183, 185, 186, 187, 188, 194, 195, 197, 198, 200, 202, 203, 206, 207, 208, 212, 213, 214, 215, 217, 219, 221, 222, 224, 225, 226, 233, 234, 236, 238, 239, 252, 253, 254, 255, 261, 262, 264, 265, 270, 271, 273, 274, 275, 277, 278, 279, 280, 281, 282, 284, 285, 288, 289, 290, 291, 292, 293, 294, 297, 298, 300, 302, 303, 306, 308, 310, 312, 319, 324, 325, 326, 327, 330, 331, 332, 334, 335, 336, 337, 339, 342, 345, 346, 348, 349, 352, 353, 355, 356, 357, 359, 361, 363, 364, 368, 372, 373, 374, 375, 377, 378, 379, 382, 384, 387, 388, 392, 393, 394, 395, 396, 397, 398, 401, 404, 405, 406, 407, 410, 412, 414, 415, 416, 417, 421, 425, 426, 430, 431, 433, 436, 439, 440, 441, 442, 443, 444, 446, 448, 449, 450, 452, 453, 454, 458, 459, 460, 461, 462, 463, 464, 465, 466, 468, 470, 471, 475, 477, 480, 481, 482, 484, 486, 488, 491, 493, 495, 496, 498, 499, 501, 506, 509, 511, 513, 515, 516, 518, 522, 525, 526, 527, 529, 530, 532, 533, 534, 535, 536, 537, 539, 542, 545, 546, 547, 550, 552, 553, 555, 558, 559, 563, 566, 567, 570, 571, 573, 575, 578, 580, 581, 583, 585, 587, 588, 591, 593, 595, 596, 597, 599, 601, 603, 608, 614, 617, 618, 622, 623, 624, 626, 628, 629, 631, 635, 639, 641, 645, 647, 650, 654, 655, 656, 661, 666, 667, 671, 678, 679, 680, 681, 682, 683, 684, 685, 686, 688, 690, 692, 694, 695, 696, 699, 700, 703, 704, 705, 706, 710, 711, 712, 714, 715, 716, 717, 718, 719, 724, 725, 727, 728, 730, 731, 733, 735, 737, 738, 741, 745, 746, 749, 750, 752, 753, 754, 756, 758, 762, 763, 764, 765, 766, 767, 771, 772, 775, 777, 779, 780, 781, 782, 786, 789, 792, 794, 795, 796, 797, 798, 799, 800, 801, 803, 805, 808, 809, 814, 815, 819, 820, 821, 825, 827, 829, 832, 833, 835, 836, 838, 839, 840, 842, 844, 845, 846, 856, 859, 861, 862, 865, 870, 871, 875, 877, 878, 880, 883, 884, 885, 886, 888, 891, 892, 895, 896, 897, 898, 900, 901, 907, 909, 910, 914, 915, 916, 917, 918, 920, 921, 923, 924, 925, 927, 928, 929, 932, 936, 938, 939, 940, 942, 945, 946, 947, 948, 950, 951, 952, 954, 955, 956, 957, 960, 961, 966, 967, 973, 975, 979, 980, 982, 984, 987, 988, 994, 996, 997, 999, 1002, 1003, 1010, 1013, 1015, 1020, 1023, 1025, 1026, 1027, 1028, 1033, 1034, 1035, 1037, 1038, 1039, 1040, 1041, 1042, 1046, 1048, 1049, 1050, 1053, 1058, 1059, 1062, 1063, 1065, 1067, 1070, 1076, 1078, 1079, 1080, 1081, 1082, 1085, 1087, 1088, 1089, 1090, 1096, 1097, 1098, 1099, 1101, 1102, 1103, 1107, 1111, 1112, 1113, 1115, 1116, 1117, 1118, 1119, 1121, 1122, 1124, 1125, 1126, 1128, 1129, 1130, 1131, 1132, 1136, 1137, 1138, 1140, 1141, 1142, 1143, 1144, 1145, 1147, 1148, 1150, 1156, 1159, 1160, 1162, 1164, 1165, 1166, 1167, 1169, 1170, 1171, 1172, 1173, 1174, 1175, 1176, 1177, 1178, 1181, 1185, 1186, 1188, 1189, 1191, 1192, 1193, 1195, 1196, 1197, 1198, 1201, 1202, 1206, 1207, 1210, 1211, 1213, 1214, 1215, 1217, 1218, 1221, 1225, 1226, 1228, 1232, 1234, 1235, 1237, 1242, 1245, 1247, 1253, 1255, 1256, 1257, 1259, 1260, 1261, 1264, 1265, 1267, 1270, 1272, 1275, 1279, 1280, 1283, 1284, 1287, 1288, 1291, 1292, 1293, 1296, 1298, 1300, 1301, 1302, 1304, 1305, 1306, 1307, 1308, 1309, 1310, 1311, 1312, 1314, 1317, 1318, 1320, 1321, 1322, 1325, 1330, 1335, 1340, 1341, 1344, 1345, 1346, 1347, 1349, 1350, 1351, 1352, 1353, 1354, 1357, 1358, 1359, 1363, 1364, 1365, 1367, 1369, 1370, 1372, 1375, 1376, 1377, 1380, 1382, 1384, 1387, 1388, 1390, 1394, 1395, 1397, 1399, 1402, 1403, 1404, 1408, 1410, 1411, 1412, 1413, 1414, 1416, 1419, 1420, 1421, 1425, 1428, 1432, 1435, 1436, 1437, 1438, 1439, 1440, 1442, 1445, 1446, 1447, 1449, 1450, 1453, 1455, 1457, 1459, 1460, 1464, 1467, 1468, 1469, 1471, 1473, 1474, 1475, 1476, 1477, 1481, 1487, 1489, 1491, 1492, 1493, 1495, 1497, 1498, 1499, 1500, 1507, 1511, 1513, 1515, 1518, 1519, 1522, 1523, 1526, 1527, 1528, 1530, 1531, 1532, 1533, 1534, 1535, 1539, 1541, 1542, 1544, 1549, 1550, 1553, 1555, 1560, 1562, 1565, 1566, 1568, 1569, 1571, 1572, 1575, 1577, 1578, 1581, 1582, 1590, 1591, 1595, 1597, 1598, 1599, 1600, 1601, 1603, 1604, 1605, 1606, 1607, 1608, 1609, 1610, 1614, 1621, 1622, 1623, 1624, 1626, 1627, 1630, 1632, 1633, 1634, 1636, 1640, 1643, 1645, 1650, 1651, 1652, 1653, 1655, 1656, 1658, 1660, 1663, 1664, 1665, 1666, 1667, 1670, 1671, 1673, 1676, 1682, 1683, 1684, 1685, 1688, 1691, 1692, 1693, 1694, 1696, 1697, 1698, 1704, 1705, 1706, 1707, 1708, 1709, 1712, 1713, 1714, 1716, 1717, 1718, 1719, 1720, 1721, 1723, 1726, 1728, 1730, 1734, 1735, 1738, 1739, 1746, 1747, 1748, 1749, 1750, 1751, 1752, 1753, 1754, 1755, 1758, 1762, 1764, 1765, 1767, 1768, 1770, 1772, 1773, 1774, 1775, 1777, 1778, 1780, 1781, 1786, 1787, 1788, 1791, 1792, 1793, 1794, 1795, 1796, 1802, 1803, 1804, 1805, 1808, 1811, 1813, 1816, 1818, 1821, 1823, 1828, 1829, 1830, 1832, 1833, 1836, 1838, 1842, 1843, 1844, 1845, 1846, 1849, 1850, 1851, 1853, 1855, 1856, 1857, 1859, 1860, 1862, 1864, 1866, 1867, 1870, 1875, 1876, 1878, 1881, 1882, 1883, 1884, 1885, 1888, 1889, 1891, 1892, 1894, 1896, 1899, 1900, 1901, 1902, 1905, 1906, 1907, 1908, 1910, 1914, 1916, 1917, 1925, 1930, 1931, 1932, 1934, 1935, 1937, 1938, 1946, 1947, 1948, 1950, 1951, 1953, 1954, 1955, 1956, 1959, 1961, 1962, 1964, 1965, 1974, 1976, 1977, 1978, 1979, 1980, 1982, 1983, 1984, 1985, 1986, 1990, 1991, 1992, 1996, 1997, 2000, 2001, 2004, 2005, 2006, 2007, 2008, 2009, 2011, 2012, 2014, 2015, 2017, 2022, 2025, 2029, 2031, 2033, 2037, 2041, 2042, 2045, 2046, 2047]
node= 2 | level=1 | parent=   0 | left=  26 | right=  27 | size=994 | indici originali=[3, 4, 5, 7, 13, 14, 16, 18, 20, 25, 26, 28, 29, 30, 32, 33, 35, 36, 38, 44, 46, 50, 51, 54, 56, 57, 58, 61, 66, 67, 68, 69, 73, 74, 76, 77, 87, 88, 90, 91, 92, 93, 94, 95, 96, 97, 99, 101, 103, 104, 107, 108, 115, 117, 118, 119, 120, 121, 123, 124, 125, 126, 127, 128, 132, 133, 135, 137, 138, 140, 143, 145, 146, 147, 148, 149, 150, 152, 153, 155, 160, 163, 164, 165, 166, 167, 168, 169, 171, 173, 174, 175, 180, 181, 182, 184, 189, 190, 191, 192, 193, 196, 199, 201, 204, 205, 209, 210, 211, 216, 218, 220, 223, 227, 228, 229, 230, 231, 232, 235, 237, 240, 241, 242, 243, 244, 245, 246, 247, 248, 249, 250, 251, 256, 257, 258, 259, 260, 263, 266, 267, 268, 269, 272, 276, 283, 286, 287, 295, 296, 299, 301, 304, 305, 307, 309, 311, 313, 314, 315, 316, 317, 318, 320, 321, 322, 323, 328, 329, 333, 338, 340, 341, 343, 344, 347, 350, 351, 354, 358, 360, 362, 365, 366, 367, 369, 370, 371, 376, 380, 381, 383, 385, 386, 389, 390, 391, 399, 400, 402, 403, 408, 409, 411, 413, 418, 419, 420, 422, 423, 424, 427, 428, 429, 432, 434, 435, 437, 438, 445, 447, 451, 455, 456, 457, 467, 469, 472, 473, 474, 476, 478, 479, 483, 485, 487, 489, 490, 492, 494, 497, 500, 502, 503, 504, 505, 507, 508, 510, 512, 514, 517, 519, 520, 521, 523, 524, 528, 531, 538, 540, 541, 543, 544, 548, 549, 551, 554, 556, 557, 560, 561, 562, 564, 565, 568, 569, 572, 574, 576, 577, 579, 582, 584, 586, 589, 590, 592, 594, 598, 600, 602, 604, 605, 606, 607, 609, 610, 611, 612, 613, 615, 616, 619, 620, 621, 625, 627, 630, 632, 633, 634, 636, 637, 638, 640, 642, 643, 644, 646, 648, 649, 651, 652, 653, 657, 658, 659, 660, 662, 663, 664, 665, 668, 669, 670, 672, 673, 674, 675, 676, 677, 687, 689, 691, 693, 697, 698, 701, 702, 707, 708, 709, 713, 720, 721, 722, 723, 726, 729, 732, 734, 736, 739, 740, 742, 743, 744, 747, 748, 751, 755, 757, 759, 760, 761, 768, 769, 770, 773, 774, 776, 778, 783, 784, 785, 787, 788, 790, 791, 793, 802, 804, 806, 807, 810, 811, 812, 813, 816, 817, 818, 822, 823, 824, 826, 828, 830, 831, 834, 837, 841, 843, 847, 848, 849, 850, 851, 852, 853, 854, 855, 857, 858, 860, 863, 864, 866, 867, 868, 869, 872, 873, 874, 876, 879, 881, 882, 887, 889, 890, 893, 894, 899, 902, 903, 904, 905, 906, 908, 911, 912, 913, 919, 922, 926, 930, 931, 933, 934, 935, 937, 941, 943, 944, 949, 953, 958, 959, 962, 963, 964, 965, 968, 969, 970, 971, 972, 974, 976, 977, 978, 981, 983, 985, 986, 989, 990, 991, 992, 993, 995, 998, 1000, 1001, 1004, 1005, 1006, 1007, 1008, 1009, 1011, 1012, 1014, 1016, 1017, 1018, 1019, 1021, 1022, 1024, 1029, 1030, 1031, 1032, 1036, 1043, 1044, 1045, 1047, 1051, 1052, 1054, 1055, 1056, 1057, 1060, 1061, 1064, 1066, 1068, 1069, 1071, 1072, 1073, 1074, 1075, 1077, 1083, 1084, 1086, 1091, 1092, 1093, 1094, 1095, 1100, 1104, 1105, 1106, 1108, 1109, 1110, 1114, 1120, 1123, 1127, 1133, 1134, 1135, 1139, 1146, 1149, 1151, 1152, 1153, 1154, 1155, 1157, 1158, 1161, 1163, 1168, 1179, 1180, 1182, 1183, 1184, 1187, 1190, 1194, 1199, 1200, 1203, 1204, 1205, 1208, 1209, 1212, 1216, 1219, 1220, 1222, 1223, 1224, 1227, 1229, 1230, 1231, 1233, 1236, 1238, 1239, 1240, 1241, 1243, 1244, 1246, 1248, 1249, 1250, 1251, 1252, 1254, 1258, 1262, 1263, 1266, 1268, 1269, 1271, 1273, 1274, 1276, 1277, 1278, 1281, 1282, 1285, 1286, 1289, 1290, 1294, 1295, 1297, 1299, 1303, 1313, 1315, 1316, 1319, 1323, 1324, 1326, 1327, 1328, 1329, 1331, 1332, 1333, 1334, 1336, 1337, 1338, 1339, 1342, 1343, 1348, 1355, 1356, 1360, 1361, 1362, 1366, 1368, 1371, 1373, 1374, 1378, 1379, 1381, 1383, 1385, 1386, 1389, 1391, 1392, 1393, 1396, 1398, 1400, 1401, 1405, 1406, 1407, 1409, 1415, 1417, 1418, 1422, 1423, 1424, 1426, 1427, 1429, 1430, 1431, 1433, 1434, 1441, 1443, 1444, 1448, 1451, 1452, 1454, 1456, 1458, 1461, 1462, 1463, 1465, 1466, 1470, 1472, 1478, 1479, 1480, 1482, 1483, 1484, 1485, 1486, 1488, 1490, 1494, 1496, 1501, 1502, 1503, 1504, 1505, 1506, 1508, 1509, 1510, 1512, 1514, 1516, 1517, 1520, 1521, 1524, 1525, 1529, 1536, 1537, 1538, 1540, 1543, 1545, 1546, 1547, 1548, 1551, 1552, 1554, 1556, 1557, 1558, 1559, 1561, 1563, 1564, 1567, 1570, 1573, 1574, 1576, 1579, 1580, 1583, 1584, 1585, 1586, 1587, 1588, 1589, 1592, 1593, 1594, 1596, 1602, 1611, 1612, 1613, 1615, 1616, 1617, 1618, 1619, 1620, 1625, 1628, 1629, 1631, 1635, 1637, 1638, 1639, 1641, 1642, 1644, 1646, 1647, 1648, 1649, 1654, 1657, 1659, 1661, 1662, 1668, 1669, 1672, 1674, 1675, 1677, 1678, 1679, 1680, 1681, 1686, 1687, 1689, 1690, 1695, 1699, 1700, 1701, 1702, 1703, 1710, 1711, 1715, 1722, 1724, 1725, 1727, 1729, 1731, 1732, 1733, 1736, 1737, 1740, 1741, 1742, 1743, 1744, 1745, 1756, 1757, 1759, 1760, 1761, 1763, 1766, 1769, 1771, 1776, 1779, 1782, 1783, 1784, 1785, 1789, 1790, 1797, 1798, 1799, 1800, 1801, 1806, 1807, 1809, 1810, 1812, 1814, 1815, 1817, 1819, 1820, 1822, 1824, 1825, 1826, 1827, 1831, 1834, 1835, 1837, 1839, 1840, 1841, 1847, 1848, 1852, 1854, 1858, 1861, 1863, 1865, 1868, 1869, 1871, 1872, 1873, 1874, 1877, 1879, 1880, 1886, 1887, 1890, 1893, 1895, 1897, 1898, 1903, 1904, 1909, 1911, 1912, 1913, 1915, 1918, 1919, 1920, 1921, 1922, 1923, 1924, 1926, 1927, 1928, 1929, 1933, 1936, 1939, 1940, 1941, 1942, 1943, 1944, 1945, 1949, 1952, 1957, 1958, 1960, 1963, 1966, 1967, 1968, 1969, 1970, 1971, 1972, 1973, 1975, 1981, 1987, 1988, 1989, 1993, 1994, 1995, 1998, 1999, 2002, 2003, 2010, 2013, 2016, 2018, 2019, 2020, 2021, 2023, 2024, 2026, 2027, 2028, 2030, 2032, 2034, 2035, 2036, 2038, 2039, 2040, 2043, 2044]
node= 3 | level=2 | parent=   1 | left=   5 | right=   6 | size=1047 | indici originali=[0, 1, 2, 6, 8, 9, 10, 11, 12, 15, 17, 19, 21, 22, 23, 24, 27, 31, 34, 37, 39, 40, 41, 42, 43, 45, 47, 48, 49, 52, 53, 55, 59, 60, 62, 63, 64, 65, 70, 71, 72, 75, 78, 79, 80, 81, 82, 83, 84, 85, 86, 89, 100, 102, 105, 106, 109, 110, 111, 112, 113, 114, 116, 122, 129, 130, 131, 134, 136, 139, 141, 142, 144, 151, 154, 156, 157, 158, 159, 161, 162, 170, 172, 176, 177, 178, 179, 183, 185, 186, 187, 188, 194, 195, 197, 198, 200, 202, 203, 206, 207, 208, 212, 213, 214, 215, 217, 219, 221, 222, 224, 225, 226, 233, 234, 236, 238, 239, 252, 253, 254, 255, 261, 262, 264, 265, 270, 271, 273, 274, 275, 277, 278, 279, 280, 281, 282, 284, 285, 288, 289, 290, 291, 292, 293, 294, 297, 298, 300, 302, 303, 306, 308, 310, 312, 319, 324, 325, 326, 327, 330, 331, 332, 334, 335, 336, 337, 339, 342, 345, 346, 348, 349, 352, 353, 355, 356, 357, 359, 361, 363, 364, 368, 372, 373, 375, 377, 378, 379, 382, 384, 387, 388, 392, 393, 394, 395, 396, 397, 398, 401, 404, 405, 407, 410, 412, 414, 415, 417, 421, 425, 426, 430, 431, 433, 436, 439, 440, 441, 442, 443, 444, 446, 448, 449, 450, 452, 453, 454, 458, 459, 460, 461, 462, 463, 464, 465, 466, 468, 470, 471, 475, 477, 480, 481, 482, 484, 486, 488, 491, 493, 495, 496, 498, 499, 501, 506, 509, 511, 513, 515, 516, 518, 522, 525, 526, 527, 529, 530, 532, 533, 534, 535, 536, 537, 539, 542, 545, 546, 547, 550, 552, 553, 555, 558, 559, 563, 566, 567, 570, 571, 573, 575, 578, 580, 581, 583, 585, 587, 588, 591, 593, 595, 596, 597, 599, 601, 603, 608, 614, 617, 618, 622, 623, 624, 626, 628, 629, 631, 635, 639, 641, 645, 647, 650, 654, 655, 656, 661, 666, 667, 671, 678, 679, 680, 681, 682, 683, 684, 685, 686, 688, 690, 692, 694, 695, 696, 699, 700, 703, 704, 705, 706, 710, 711, 712, 714, 715, 716, 717, 718, 719, 724, 725, 727, 728, 730, 731, 733, 735, 737, 738, 741, 745, 746, 749, 750, 752, 753, 754, 756, 758, 762, 763, 764, 765, 766, 767, 771, 772, 775, 777, 779, 780, 781, 782, 786, 789, 792, 794, 795, 796, 797, 798, 799, 800, 801, 803, 805, 808, 809, 814, 815, 819, 820, 821, 825, 827, 829, 832, 833, 835, 836, 838, 839, 840, 842, 844, 845, 846, 856, 859, 861, 862, 865, 870, 871, 875, 877, 878, 880, 883, 884, 885, 886, 888, 891, 892, 895, 896, 897, 898, 900, 901, 907, 909, 910, 914, 915, 916, 917, 918, 920, 921, 923, 924, 925, 927, 928, 929, 932, 936, 938, 939, 940, 942, 945, 946, 947, 948, 950, 951, 952, 954, 955, 956, 957, 960, 961, 966, 967, 973, 975, 979, 980, 982, 984, 987, 988, 994, 996, 997, 999, 1002, 1003, 1010, 1013, 1015, 1020, 1023, 1025, 1026, 1027, 1028, 1033, 1034, 1035, 1037, 1038, 1039, 1040, 1041, 1042, 1046, 1048, 1049, 1050, 1053, 1058, 1059, 1062, 1063, 1065, 1067, 1070, 1076, 1078, 1079, 1080, 1081, 1082, 1085, 1087, 1088, 1089, 1090, 1096, 1097, 1098, 1099, 1101, 1102, 1103, 1107, 1111, 1112, 1113, 1115, 1116, 1117, 1118, 1119, 1121, 1122, 1124, 1125, 1126, 1128, 1129, 1130, 1131, 1132, 1136, 1137, 1138, 1140, 1141, 1142, 1143, 1144, 1145, 1147, 1148, 1150, 1156, 1159, 1160, 1162, 1164, 1166, 1167, 1169, 1170, 1171, 1172, 1173, 1174, 1175, 1176, 1177, 1178, 1181, 1185, 1186, 1188, 1189, 1191, 1192, 1193, 1195, 1196, 1197, 1198, 1201, 1202, 1206, 1207, 1210, 1211, 1213, 1214, 1215, 1217, 1218, 1221, 1225, 1226, 1228, 1232, 1234, 1235, 1237, 1242, 1245, 1247, 1253, 1255, 1256, 1257, 1259, 1260, 1261, 1264, 1265, 1267, 1270, 1272, 1275, 1279, 1280, 1283, 1284, 1287, 1288, 1291, 1292, 1293, 1296, 1298, 1300, 1301, 1302, 1304, 1305, 1306, 1307, 1308, 1309, 1310, 1311, 1312, 1314, 1317, 1318, 1320, 1321, 1322, 1325, 1330, 1335, 1340, 1341, 1344, 1345, 1346, 1347, 1349, 1350, 1351, 1352, 1353, 1354, 1357, 1358, 1359, 1363, 1364, 1365, 1367, 1369, 1370, 1372, 1375, 1376, 1377, 1380, 1382, 1384, 1387, 1388, 1390, 1394, 1395, 1397, 1399, 1402, 1403, 1404, 1408, 1410, 1411, 1412, 1413, 1414, 1416, 1420, 1421, 1425, 1428, 1432, 1435, 1436, 1437, 1438, 1439, 1440, 1442, 1445, 1446, 1447, 1449, 1450, 1453, 1455, 1457, 1459, 1460, 1464, 1467, 1468, 1469, 1471, 1473, 1474, 1475, 1476, 1477, 1481, 1487, 1489, 1491, 1492, 1493, 1495, 1497, 1498, 1499, 1500, 1507, 1511, 1513, 1515, 1518, 1519, 1522, 1523, 1526, 1527, 1528, 1530, 1531, 1532, 1533, 1534, 1535, 1539, 1541, 1542, 1544, 1549, 1550, 1553, 1555, 1560, 1562, 1565, 1566, 1568, 1569, 1571, 1572, 1575, 1577, 1578, 1581, 1582, 1590, 1591, 1595, 1597, 1598, 1599, 1600, 1601, 1603, 1604, 1605, 1606, 1607, 1608, 1609, 1610, 1621, 1622, 1623, 1624, 1626, 1627, 1630, 1632, 1633, 1634, 1636, 1640, 1643, 1645, 1650, 1651, 1652, 1653, 1655, 1656, 1658, 1660, 1663, 1664, 1665, 1666, 1667, 1670, 1671, 1673, 1676, 1682, 1683, 1684, 1685, 1688, 1691, 1692, 1693, 1694, 1696, 1697, 1698, 1704, 1705, 1706, 1707, 1708, 1709, 1712, 1713, 1714, 1716, 1717, 1718, 1719, 1720, 1721, 1723, 1726, 1728, 1730, 1734, 1735, 1738, 1739, 1746, 1747, 1748, 1749, 1750, 1751, 1752, 1753, 1754, 1755, 1758, 1762, 1764, 1765, 1767, 1768, 1770, 1772, 1773, 1774, 1775, 1777, 1778, 1780, 1781, 1786, 1787, 1788, 1791, 1792, 1793, 1794, 1795, 1796, 1802, 1803, 1804, 1805, 1808, 1811, 1813, 1816, 1818, 1821, 1823, 1828, 1829, 1830, 1832, 1833, 1836, 1838, 1842, 1843, 1844, 1845, 1846, 1849, 1850, 1851, 1853, 1855, 1856, 1857, 1859, 1860, 1862, 1864, 1866, 1867, 1870, 1875, 1876, 1878, 1881, 1882, 1883, 1884, 1885, 1888, 1889, 1891, 1892, 1894, 1896, 1899, 1900, 1901, 1902, 1905, 1906, 1907, 1908, 1910, 1914, 1916, 1917, 1925, 1930, 1931, 1932, 1934, 1935, 1937, 1938, 1946, 1947, 1948, 1950, 1951, 1953, 1954, 1955, 1956, 1959, 1961, 1962, 1964, 1965, 1974, 1976, 1977, 1978, 1979, 1980, 1982, 1983, 1984, 1985, 1986, 1990, 1991, 1992, 1996, 1997, 2000, 2001, 2004, 2005, 2006, 2007, 2008, 2009, 2011, 2012, 2014, 2015, 2017, 2022, 2025, 2029, 2031, 2033, 2037, 2041, 2042, 2045, 2046, 2047]
node= 4 | level=2 | parent=   1 | left=None | right=None | size= 7 | indici originali=[98, 374, 406, 416, 1165, 1419, 1614]
node= 5 | level=3 | parent=   3 | left=   7 | right=   8 | size=1042 | indici originali=[0, 1, 2, 6, 8, 9, 10, 11, 12, 15, 17, 19, 21, 22, 23, 24, 27, 31, 34, 37, 39, 40, 41, 42, 43, 45, 47, 48, 49, 52, 53, 55, 59, 60, 62, 63, 64, 65, 70, 71, 72, 75, 78, 79, 80, 81, 82, 83, 84, 85, 86, 89, 100, 102, 105, 106, 109, 110, 111, 112, 113, 114, 116, 122, 129, 130, 131, 134, 136, 139, 141, 142, 144, 151, 154, 156, 157, 158, 159, 161, 162, 170, 172, 176, 177, 178, 179, 183, 185, 186, 187, 188, 194, 195, 197, 198, 200, 202, 203, 206, 207, 208, 212, 213, 214, 215, 217, 219, 221, 222, 224, 225, 226, 233, 234, 236, 238, 239, 252, 253, 254, 255, 261, 262, 264, 265, 270, 271, 273, 274, 275, 277, 278, 279, 280, 281, 282, 284, 285, 288, 289, 290, 291, 292, 293, 294, 297, 298, 300, 302, 303, 306, 308, 310, 312, 319, 324, 325, 326, 327, 330, 331, 332, 334, 335, 336, 337, 339, 342, 345, 346, 348, 349, 352, 353, 355, 356, 357, 359, 361, 363, 364, 368, 372, 373, 375, 377, 378, 379, 382, 384, 387, 388, 392, 393, 394, 395, 396, 397, 398, 401, 404, 405, 407, 410, 412, 414, 415, 417, 421, 425, 426, 430, 431, 433, 436, 439, 440, 441, 442, 443, 444, 446, 448, 449, 450, 452, 453, 454, 458, 459, 460, 461, 463, 464, 465, 466, 468, 470, 471, 475, 477, 480, 481, 482, 484, 486, 488, 491, 493, 495, 496, 498, 499, 501, 506, 509, 511, 513, 515, 516, 518, 525, 526, 527, 529, 530, 532, 533, 534, 535, 536, 537, 539, 542, 545, 546, 547, 550, 552, 553, 555, 558, 559, 563, 566, 567, 570, 571, 573, 575, 578, 580, 581, 583, 585, 587, 588, 591, 593, 595, 596, 597, 599, 601, 603, 608, 614, 617, 618, 622, 623, 624, 626, 628, 629, 631, 635, 639, 641, 645, 647, 650, 654, 655, 656, 661, 666, 667, 671, 678, 679, 680, 681, 682, 683, 684, 685, 686, 688, 690, 692, 694, 695, 699, 700, 703, 704, 705, 706, 710, 711, 712, 714, 715, 716, 717, 718, 719, 724, 725, 727, 728, 730, 731, 733, 735, 737, 738, 741, 745, 746, 749, 750, 752, 753, 754, 756, 758, 762, 763, 764, 765, 766, 767, 771, 772, 775, 777, 779, 780, 781, 782, 786, 789, 792, 794, 795, 796, 797, 798, 799, 800, 801, 803, 805, 808, 809, 814, 815, 819, 820, 821, 825, 827, 829, 832, 833, 835, 836, 838, 839, 840, 842, 844, 845, 846, 856, 859, 861, 862, 865, 870, 871, 875, 877, 878, 880, 883, 884, 885, 886, 888, 891, 892, 895, 896, 897, 898, 900, 901, 907, 909, 910, 914, 915, 916, 917, 918, 920, 921, 923, 924, 925, 927, 928, 929, 932, 936, 938, 939, 940, 942, 945, 946, 947, 948, 950, 951, 952, 954, 955, 956, 957, 960, 961, 966, 967, 973, 975, 979, 980, 982, 984, 987, 988, 994, 996, 997, 999, 1002, 1003, 1010, 1013, 1015, 1020, 1023, 1025, 1026, 1027, 1028, 1033, 1034, 1035, 1037, 1038, 1039, 1040, 1041, 1042, 1046, 1048, 1049, 1050, 1053, 1058, 1059, 1062, 1063, 1065, 1067, 1070, 1076, 1078, 1079, 1080, 1081, 1082, 1085, 1087, 1088, 1089, 1090, 1096, 1097, 1098, 1099, 1101, 1102, 1103, 1107, 1111, 1112, 1113, 1115, 1116, 1117, 1118, 1119, 1121, 1122, 1124, 1125, 1126, 1128, 1129, 1130, 1131, 1132, 1136, 1137, 1138, 1140, 1141, 1142, 1143, 1144, 1145, 1147, 1148, 1150, 1156, 1159, 1160, 1162, 1164, 1166, 1167, 1169, 1170, 1171, 1172, 1173, 1174, 1175, 1176, 1177, 1178, 1181, 1185, 1186, 1188, 1189, 1191, 1192, 1193, 1195, 1196, 1197, 1198, 1201, 1202, 1206, 1207, 1210, 1211, 1213, 1214, 1217, 1218, 1225, 1226, 1228, 1232, 1234, 1235, 1237, 1242, 1245, 1247, 1253, 1255, 1256, 1257, 1259, 1260, 1261, 1264, 1265, 1267, 1270, 1272, 1275, 1279, 1280, 1283, 1284, 1287, 1288, 1291, 1292, 1293, 1296, 1298, 1300, 1301, 1302, 1304, 1305, 1306, 1307, 1308, 1309, 1310, 1311, 1312, 1314, 1317, 1318, 1320, 1321, 1322, 1325, 1330, 1335, 1340, 1341, 1344, 1345, 1346, 1347, 1349, 1350, 1351, 1352, 1353, 1354, 1357, 1358, 1359, 1363, 1364, 1365, 1367, 1369, 1370, 1372, 1375, 1376, 1377, 1380, 1382, 1384, 1387, 1388, 1390, 1394, 1395, 1397, 1399, 1402, 1403, 1404, 1408, 1410, 1411, 1412, 1413, 1414, 1416, 1420, 1421, 1425, 1428, 1432, 1435, 1436, 1437, 1438, 1439, 1440, 1442, 1445, 1446, 1447, 1449, 1450, 1453, 1455, 1457, 1459, 1460, 1464, 1467, 1468, 1469, 1471, 1473, 1474, 1475, 1476, 1477, 1481, 1487, 1489, 1491, 1492, 1493, 1495, 1497, 1498, 1499, 1500, 1507, 1511, 1513, 1515, 1518, 1519, 1522, 1523, 1526, 1527, 1528, 1530, 1531, 1532, 1533, 1534, 1535, 1539, 1541, 1542, 1544, 1549, 1550, 1553, 1555, 1560, 1562, 1565, 1566, 1568, 1569, 1571, 1572, 1575, 1577, 1578, 1581, 1582, 1590, 1591, 1595, 1597, 1598, 1599, 1600, 1601, 1603, 1604, 1605, 1606, 1607, 1608, 1609, 1610, 1621, 1622, 1623, 1624, 1626, 1627, 1630, 1632, 1633, 1634, 1636, 1640, 1643, 1645, 1650, 1651, 1652, 1653, 1655, 1656, 1658, 1660, 1663, 1664, 1665, 1666, 1667, 1670, 1671, 1673, 1676, 1682, 1683, 1684, 1685, 1688, 1691, 1692, 1693, 1694, 1696, 1697, 1698, 1704, 1705, 1706, 1707, 1708, 1709, 1712, 1713, 1714, 1716, 1717, 1718, 1719, 1720, 1721, 1723, 1726, 1728, 1730, 1734, 1735, 1738, 1739, 1746, 1747, 1748, 1749, 1750, 1751, 1752, 1753, 1754, 1755, 1758, 1762, 1764, 1765, 1767, 1768, 1770, 1772, 1773, 1774, 1775, 1777, 1778, 1780, 1781, 1786, 1787, 1788, 1791, 1792, 1793, 1794, 1795, 1796, 1802, 1803, 1804, 1805, 1808, 1811, 1813, 1816, 1818, 1821, 1823, 1828, 1829, 1830, 1832, 1833, 1836, 1838, 1842, 1843, 1844, 1845, 1846, 1849, 1850, 1851, 1853, 1855, 1856, 1857, 1859, 1860, 1862, 1864, 1866, 1867, 1870, 1875, 1876, 1878, 1881, 1882, 1883, 1884, 1885, 1888, 1889, 1891, 1892, 1894, 1896, 1899, 1900, 1901, 1902, 1905, 1906, 1907, 1908, 1910, 1914, 1916, 1917, 1925, 1930, 1931, 1932, 1934, 1935, 1937, 1938, 1946, 1947, 1948, 1950, 1951, 1953, 1954, 1955, 1956, 1959, 1961, 1962, 1964, 1965, 1974, 1976, 1977, 1978, 1979, 1980, 1982, 1983, 1984, 1985, 1986, 1990, 1991, 1992, 1996, 1997, 2000, 2001, 2004, 2005, 2006, 2007, 2008, 2009, 2011, 2012, 2014, 2015, 2017, 2022, 2025, 2029, 2031, 2033, 2037, 2041, 2042, 2045, 2046, 2047]
node= 6 | level=3 | parent=   3 | left=None | right=None | size= 5 | indici originali=[462, 522, 696, 1215, 1221]
node= 7 | level=4 | parent=   5 | left=   9 | right=  10 | size=1034 | indici originali=[0, 1, 2, 6, 8, 9, 10, 11, 12, 15, 17, 19, 21, 22, 23, 27, 31, 34, 39, 40, 41, 42, 43, 45, 47, 48, 52, 53, 55, 59, 60, 62, 63, 64, 65, 70, 71, 72, 75, 78, 79, 80, 81, 82, 83, 84, 85, 86, 89, 100, 102, 105, 106, 109, 110, 111, 112, 113, 114, 116, 122, 129, 130, 131, 134, 136, 139, 141, 142, 144, 151, 154, 156, 157, 158, 159, 161, 162, 170, 172, 176, 177, 178, 179, 183, 185, 186, 187, 188, 194, 195, 197, 198, 200, 202, 203, 206, 207, 208, 212, 213, 214, 215, 217, 219, 221, 222, 224, 225, 226, 233, 234, 236, 238, 239, 252, 253, 254, 255, 261, 262, 264, 265, 270, 271, 273, 274, 275, 277, 278, 279, 280, 281, 282, 284, 285, 288, 289, 290, 291, 292, 293, 297, 298, 300, 302, 303, 306, 308, 310, 312, 319, 324, 325, 326, 327, 330, 331, 332, 334, 335, 336, 337, 339, 342, 345, 346, 348, 349, 352, 353, 355, 356, 357, 359, 361, 363, 364, 368, 372, 373, 375, 377, 378, 379, 382, 384, 387, 388, 392, 393, 394, 395, 396, 397, 398, 401, 404, 405, 407, 410, 412, 414, 415, 417, 421, 425, 426, 430, 431, 433, 436, 439, 440, 441, 442, 443, 444, 446, 448, 449, 450, 452, 453, 454, 458, 459, 460, 461, 463, 464, 465, 466, 468, 470, 471, 475, 477, 480, 481, 482, 484, 486, 488, 491, 493, 495, 496, 498, 499, 501, 506, 509, 511, 513, 515, 516, 518, 525, 526, 527, 529, 530, 532, 533, 534, 535, 536, 537, 539, 542, 545, 546, 547, 550, 552, 553, 555, 558, 559, 563, 566, 567, 570, 571, 573, 575, 578, 580, 581, 583, 585, 587, 588, 591, 593, 595, 596, 597, 599, 601, 603, 608, 614, 617, 618, 622, 623, 624, 626, 628, 629, 631, 635, 639, 641, 645, 647, 650, 654, 655, 656, 661, 666, 667, 671, 678, 679, 680, 681, 682, 683, 684, 685, 686, 688, 690, 692, 694, 695, 699, 700, 703, 704, 705, 706, 710, 711, 712, 714, 715, 716, 717, 718, 719, 724, 725, 727, 728, 730, 731, 733, 735, 737, 738, 741, 745, 746, 749, 750, 752, 753, 754, 756, 758, 762, 763, 764, 765, 766, 767, 771, 772, 775, 777, 779, 780, 781, 782, 786, 789, 792, 794, 795, 796, 797, 798, 799, 800, 801, 803, 805, 808, 809, 814, 815, 819, 820, 821, 825, 827, 829, 832, 833, 835, 836, 838, 839, 840, 842, 844, 845, 846, 856, 859, 861, 862, 865, 870, 871, 875, 877, 878, 880, 883, 884, 885, 886, 888, 891, 892, 895, 896, 897, 898, 900, 901, 907, 909, 910, 914, 915, 916, 917, 918, 920, 921, 923, 924, 925, 927, 928, 929, 932, 936, 938, 939, 940, 942, 945, 946, 947, 948, 950, 951, 952, 954, 956, 957, 960, 961, 966, 967, 973, 975, 979, 980, 982, 984, 987, 988, 994, 996, 997, 999, 1002, 1003, 1010, 1013, 1015, 1020, 1023, 1025, 1026, 1027, 1028, 1033, 1034, 1035, 1037, 1038, 1039, 1040, 1041, 1042, 1046, 1048, 1049, 1050, 1053, 1058, 1059, 1062, 1063, 1065, 1067, 1070, 1076, 1078, 1079, 1080, 1081, 1082, 1085, 1087, 1088, 1089, 1090, 1096, 1097, 1098, 1099, 1101, 1102, 1103, 1107, 1111, 1112, 1113, 1115, 1116, 1117, 1118, 1119, 1121, 1122, 1124, 1125, 1126, 1128, 1129, 1130, 1131, 1132, 1136, 1137, 1138, 1140, 1141, 1142, 1143, 1144, 1145, 1147, 1148, 1150, 1156, 1159, 1160, 1162, 1164, 1166, 1167, 1169, 1170, 1171, 1172, 1173, 1174, 1175, 1176, 1177, 1178, 1181, 1185, 1186, 1188, 1189, 1191, 1192, 1193, 1195, 1196, 1197, 1198, 1201, 1202, 1206, 1207, 1210, 1211, 1213, 1214, 1217, 1218, 1225, 1226, 1228, 1232, 1234, 1235, 1237, 1242, 1245, 1247, 1253, 1255, 1256, 1257, 1259, 1260, 1261, 1264, 1265, 1267, 1270, 1272, 1275, 1279, 1280, 1283, 1284, 1287, 1288, 1291, 1292, 1293, 1296, 1298, 1300, 1301, 1302, 1304, 1305, 1306, 1307, 1308, 1309, 1310, 1311, 1312, 1314, 1317, 1318, 1320, 1321, 1322, 1325, 1330, 1335, 1340, 1341, 1344, 1345, 1346, 1347, 1349, 1350, 1351, 1352, 1353, 1354, 1357, 1358, 1359, 1363, 1364, 1365, 1367, 1369, 1370, 1372, 1375, 1376, 1377, 1380, 1382, 1384, 1387, 1388, 1390, 1394, 1395, 1397, 1399, 1402, 1403, 1404, 1408, 1410, 1411, 1412, 1413, 1414, 1416, 1420, 1421, 1425, 1428, 1432, 1435, 1436, 1437, 1438, 1439, 1440, 1442, 1445, 1446, 1447, 1449, 1450, 1453, 1455, 1457, 1459, 1460, 1464, 1467, 1468, 1469, 1471, 1473, 1474, 1475, 1476, 1477, 1481, 1487, 1489, 1491, 1492, 1493, 1495, 1497, 1498, 1499, 1500, 1507, 1511, 1513, 1515, 1518, 1519, 1522, 1523, 1526, 1527, 1528, 1530, 1531, 1532, 1533, 1534, 1535, 1539, 1541, 1542, 1544, 1549, 1550, 1553, 1555, 1560, 1565, 1566, 1568, 1569, 1571, 1572, 1575, 1577, 1578, 1581, 1582, 1590, 1591, 1595, 1597, 1598, 1599, 1600, 1601, 1603, 1604, 1605, 1606, 1607, 1608, 1609, 1610, 1621, 1622, 1623, 1624, 1626, 1627, 1630, 1632, 1633, 1634, 1636, 1640, 1643, 1645, 1650, 1651, 1652, 1653, 1655, 1656, 1658, 1660, 1663, 1664, 1665, 1666, 1667, 1670, 1671, 1673, 1676, 1682, 1683, 1684, 1685, 1688, 1691, 1692, 1693, 1694, 1696, 1697, 1698, 1704, 1705, 1706, 1707, 1708, 1709, 1712, 1713, 1714, 1716, 1717, 1718, 1719, 1720, 1721, 1723, 1726, 1728, 1730, 1734, 1735, 1738, 1739, 1746, 1747, 1748, 1749, 1750, 1751, 1752, 1753, 1754, 1755, 1758, 1762, 1764, 1765, 1767, 1768, 1770, 1772, 1773, 1774, 1775, 1777, 1778, 1780, 1781, 1786, 1787, 1788, 1791, 1792, 1793, 1794, 1795, 1796, 1802, 1803, 1804, 1805, 1808, 1811, 1813, 1816, 1818, 1821, 1823, 1828, 1829, 1830, 1832, 1833, 1836, 1838, 1842, 1843, 1844, 1845, 1846, 1849, 1850, 1851, 1853, 1855, 1856, 1857, 1859, 1860, 1862, 1864, 1866, 1867, 1870, 1875, 1876, 1878, 1881, 1882, 1883, 1884, 1885, 1888, 1889, 1891, 1894, 1896, 1899, 1900, 1901, 1902, 1905, 1906, 1907, 1908, 1910, 1914, 1916, 1917, 1925, 1930, 1931, 1932, 1934, 1935, 1937, 1938, 1946, 1947, 1948, 1950, 1951, 1953, 1954, 1955, 1956, 1959, 1961, 1962, 1964, 1965, 1974, 1976, 1977, 1978, 1979, 1980, 1982, 1983, 1984, 1985, 1986, 1990, 1991, 1992, 1996, 1997, 2000, 2001, 2004, 2005, 2006, 2007, 2008, 2009, 2011, 2012, 2015, 2017, 2022, 2025, 2029, 2031, 2033, 2037, 2041, 2042, 2045, 2046, 2047]
node= 8 | level=4 | parent=   5 | left=None | right=None | size= 8 | indici originali=[24, 37, 49, 294, 955, 1562, 1892, 2014]
node= 9 | level=5 | parent=   7 | left=  11 | right=  12 | size=1032 | indici originali=[0, 1, 2, 6, 8, 9, 10, 11, 12, 15, 17, 19, 21, 22, 23, 27, 31, 34, 39, 40, 41, 42, 43, 45, 47, 48, 52, 53, 55, 59, 60, 62, 63, 64, 65, 70, 71, 72, 75, 78, 79, 80, 81, 82, 83, 84, 85, 86, 89, 100, 102, 105, 106, 109, 110, 111, 112, 113, 114, 116, 122, 129, 130, 131, 134, 136, 139, 141, 142, 144, 151, 154, 156, 157, 158, 159, 161, 162, 170, 172, 176, 177, 178, 179, 183, 185, 186, 187, 188, 194, 195, 197, 198, 200, 202, 203, 206, 207, 208, 212, 213, 214, 215, 217, 219, 221, 222, 224, 225, 226, 233, 234, 236, 238, 239, 252, 253, 254, 255, 261, 262, 264, 265, 270, 271, 273, 274, 275, 277, 278, 279, 280, 281, 282, 284, 285, 288, 289, 290, 291, 292, 293, 297, 298, 300, 302, 303, 306, 308, 310, 312, 319, 324, 325, 326, 327, 330, 331, 332, 334, 335, 336, 337, 339, 342, 345, 346, 348, 349, 352, 353, 355, 356, 357, 359, 361, 363, 364, 368, 372, 373, 375, 377, 378, 379, 382, 384, 387, 388, 392, 393, 394, 395, 396, 397, 398, 401, 404, 405, 407, 410, 412, 414, 415, 417, 421, 425, 426, 430, 431, 433, 436, 439, 440, 441, 442, 443, 444, 446, 448, 449, 450, 452, 453, 454, 458, 459, 460, 461, 463, 464, 465, 466, 468, 470, 471, 475, 477, 480, 481, 482, 484, 486, 488, 491, 493, 495, 496, 498, 499, 501, 506, 509, 511, 513, 515, 516, 518, 525, 526, 527, 529, 530, 532, 533, 534, 535, 536, 537, 539, 542, 545, 546, 547, 550, 552, 553, 555, 558, 559, 563, 566, 567, 570, 571, 573, 575, 578, 580, 581, 583, 585, 587, 588, 591, 593, 595, 596, 597, 599, 601, 603, 608, 614, 617, 618, 622, 623, 624, 626, 628, 629, 631, 635, 639, 641, 645, 647, 650, 654, 655, 656, 661, 666, 667, 671, 678, 679, 680, 681, 682, 683, 684, 685, 686, 688, 690, 692, 694, 695, 699, 700, 703, 704, 705, 706, 710, 711, 712, 714, 715, 716, 717, 718, 719, 724, 725, 727, 728, 730, 731, 733, 735, 737, 738, 741, 745, 746, 749, 750, 752, 753, 754, 756, 758, 762, 763, 764, 765, 766, 767, 771, 772, 775, 777, 779, 780, 781, 782, 786, 789, 792, 794, 795, 796, 797, 798, 799, 800, 801, 803, 805, 808, 809, 814, 815, 819, 820, 821, 825, 827, 829, 832, 833, 835, 836, 838, 839, 840, 842, 844, 845, 846, 856, 859, 861, 862, 865, 870, 871, 875, 877, 878, 880, 883, 884, 885, 886, 888, 891, 892, 895, 896, 897, 898, 900, 901, 907, 909, 910, 914, 915, 916, 917, 918, 920, 921, 923, 924, 925, 927, 928, 929, 932, 936, 938, 939, 940, 942, 945, 946, 947, 948, 950, 951, 952, 954, 956, 957, 960, 961, 966, 967, 973, 975, 979, 980, 982, 984, 987, 988, 994, 996, 997, 999, 1002, 1003, 1010, 1013, 1015, 1020, 1023, 1025, 1026, 1027, 1028, 1033, 1034, 1035, 1037, 1038, 1039, 1040, 1041, 1042, 1046, 1048, 1049, 1050, 1053, 1058, 1059, 1062, 1063, 1065, 1067, 1070, 1076, 1078, 1079, 1080, 1081, 1082, 1085, 1087, 1088, 1089, 1090, 1096, 1097, 1098, 1099, 1101, 1102, 1103, 1107, 1111, 1112, 1113, 1115, 1116, 1117, 1118, 1119, 1121, 1122, 1124, 1125, 1126, 1128, 1129, 1130, 1131, 1132, 1136, 1137, 1138, 1140, 1141, 1142, 1143, 1144, 1145, 1147, 1148, 1150, 1156, 1159, 1160, 1162, 1164, 1166, 1167, 1169, 1170, 1171, 1172, 1173, 1174, 1175, 1176, 1177, 1178, 1181, 1185, 1186, 1188, 1189, 1191, 1192, 1193, 1195, 1196, 1197, 1198, 1201, 1202, 1206, 1207, 1210, 1211, 1213, 1214, 1217, 1218, 1225, 1226, 1228, 1232, 1234, 1235, 1237, 1242, 1245, 1247, 1253, 1255, 1256, 1257, 1259, 1260, 1261, 1264, 1265, 1267, 1270, 1272, 1275, 1279, 1280, 1283, 1284, 1287, 1288, 1291, 1292, 1293, 1296, 1298, 1300, 1301, 1302, 1304, 1305, 1306, 1307, 1308, 1309, 1310, 1311, 1312, 1314, 1317, 1318, 1320, 1321, 1322, 1325, 1330, 1335, 1340, 1341, 1344, 1345, 1346, 1347, 1349, 1350, 1351, 1352, 1353, 1354, 1357, 1358, 1359, 1363, 1364, 1365, 1367, 1369, 1370, 1372, 1375, 1376, 1377, 1380, 1382, 1384, 1387, 1388, 1390, 1394, 1395, 1397, 1399, 1402, 1403, 1404, 1408, 1410, 1411, 1412, 1413, 1414, 1416, 1420, 1421, 1425, 1428, 1432, 1435, 1436, 1437, 1438, 1439, 1440, 1442, 1445, 1446, 1447, 1449, 1450, 1453, 1455, 1457, 1459, 1460, 1464, 1467, 1468, 1469, 1471, 1473, 1474, 1475, 1476, 1477, 1481, 1487, 1489, 1491, 1492, 1493, 1495, 1497, 1498, 1499, 1500, 1507, 1511, 1513, 1515, 1518, 1519, 1522, 1523, 1526, 1527, 1528, 1530, 1531, 1532, 1533, 1534, 1535, 1539, 1541, 1542, 1544, 1549, 1550, 1553, 1555, 1560, 1565, 1566, 1568, 1569, 1571, 1572, 1575, 1577, 1578, 1581, 1582, 1590, 1591, 1595, 1597, 1598, 1599, 1600, 1601, 1603, 1604, 1605, 1606, 1607, 1608, 1609, 1610, 1621, 1622, 1623, 1624, 1626, 1627, 1630, 1632, 1633, 1634, 1636, 1640, 1643, 1645, 1650, 1651, 1652, 1653, 1655, 1656, 1658, 1660, 1663, 1664, 1665, 1666, 1667, 1670, 1671, 1673, 1676, 1682, 1683, 1684, 1685, 1688, 1691, 1692, 1693, 1694, 1696, 1697, 1698, 1704, 1705, 1706, 1707, 1708, 1709, 1712, 1713, 1714, 1716, 1717, 1718, 1719, 1720, 1721, 1723, 1726, 1728, 1730, 1734, 1735, 1738, 1739, 1746, 1747, 1748, 1749, 1750, 1751, 1752, 1753, 1754, 1755, 1758, 1762, 1764, 1765, 1767, 1768, 1770, 1772, 1773, 1774, 1775, 1777, 1778, 1780, 1781, 1786, 1787, 1788, 1791, 1792, 1793, 1794, 1795, 1796, 1802, 1803, 1804, 1805, 1808, 1811, 1813, 1818, 1821, 1823, 1828, 1829, 1830, 1832, 1833, 1836, 1838, 1842, 1843, 1844, 1845, 1846, 1849, 1850, 1851, 1853, 1855, 1856, 1857, 1859, 1860, 1862, 1864, 1866, 1867, 1870, 1875, 1876, 1878, 1881, 1882, 1883, 1884, 1885, 1888, 1889, 1891, 1894, 1896, 1899, 1900, 1901, 1902, 1905, 1906, 1907, 1908, 1910, 1914, 1916, 1917, 1925, 1930, 1931, 1932, 1934, 1935, 1937, 1938, 1946, 1947, 1948, 1950, 1951, 1953, 1954, 1955, 1956, 1959, 1961, 1962, 1964, 1965, 1974, 1976, 1977, 1978, 1979, 1980, 1982, 1983, 1984, 1985, 1986, 1990, 1991, 1992, 1996, 1997, 2000, 2001, 2004, 2006, 2007, 2008, 2009, 2011, 2012, 2015, 2017, 2022, 2025, 2029, 2031, 2033, 2037, 2041, 2042, 2045, 2046, 2047]
node=10 | level=5 | parent=   7 | left=None | right=None | size= 2 | indici originali=[1816, 2005]
node=11 | level=6 | parent=   9 | left=  13 | right=  14 | size=1030 | indici originali=[0, 1, 2, 6, 8, 9, 10, 11, 12, 15, 17, 19, 21, 22, 23, 27, 31, 34, 39, 40, 41, 42, 43, 45, 47, 48, 52, 53, 55, 59, 60, 62, 63, 64, 65, 70, 71, 72, 75, 78, 79, 80, 81, 82, 83, 84, 85, 86, 89, 100, 102, 105, 106, 109, 110, 111, 112, 113, 114, 116, 122, 129, 130, 131, 134, 136, 139, 141, 142, 144, 151, 154, 156, 157, 158, 159, 161, 162, 170, 172, 176, 177, 178, 179, 183, 185, 186, 187, 188, 194, 195, 197, 198, 200, 202, 203, 206, 207, 208, 212, 213, 214, 215, 217, 219, 221, 222, 224, 225, 226, 233, 234, 236, 238, 239, 252, 253, 254, 255, 261, 264, 265, 270, 271, 273, 274, 275, 277, 278, 279, 280, 281, 282, 284, 285, 288, 289, 290, 291, 292, 293, 297, 298, 300, 302, 303, 306, 308, 310, 312, 319, 324, 325, 326, 327, 330, 331, 332, 334, 335, 336, 337, 339, 342, 345, 346, 348, 349, 352, 353, 355, 356, 357, 359, 361, 363, 364, 368, 372, 373, 375, 377, 378, 379, 382, 384, 387, 388, 392, 393, 394, 395, 396, 397, 398, 401, 404, 405, 407, 410, 412, 414, 415, 417, 421, 425, 426, 430, 431, 433, 436, 439, 440, 441, 442, 443, 444, 446, 449, 450, 452, 453, 454, 458, 459, 460, 461, 463, 464, 465, 466, 468, 470, 471, 475, 477, 480, 481, 482, 484, 486, 488, 491, 493, 495, 496, 498, 499, 501, 506, 509, 511, 513, 515, 516, 518, 525, 526, 527, 529, 530, 532, 533, 534, 535, 536, 537, 539, 542, 545, 546, 547, 550, 552, 553, 555, 558, 559, 563, 566, 567, 570, 571, 573, 575, 578, 580, 581, 583, 585, 587, 588, 591, 593, 595, 596, 597, 599, 601, 603, 608, 614, 617, 618, 622, 623, 624, 626, 628, 629, 631, 635, 639, 641, 645, 647, 650, 654, 655, 656, 661, 666, 667, 671, 678, 679, 680, 681, 682, 683, 684, 685, 686, 688, 690, 692, 694, 695, 699, 700, 703, 704, 705, 706, 710, 711, 712, 714, 715, 716, 717, 718, 719, 724, 725, 727, 728, 730, 731, 733, 735, 737, 738, 741, 745, 746, 749, 750, 752, 753, 754, 756, 758, 762, 763, 764, 765, 766, 767, 771, 772, 775, 777, 779, 780, 781, 782, 786, 789, 792, 794, 795, 796, 797, 798, 799, 800, 801, 803, 805, 808, 809, 814, 815, 819, 820, 821, 825, 827, 829, 832, 833, 835, 836, 838, 839, 840, 842, 844, 845, 846, 856, 859, 861, 862, 865, 870, 871, 875, 877, 878, 880, 883, 884, 885, 886, 888, 891, 892, 895, 896, 897, 898, 900, 901, 907, 909, 910, 914, 915, 916, 917, 918, 920, 921, 923, 924, 925, 927, 928, 929, 932, 936, 938, 939, 940, 942, 945, 946, 947, 948, 950, 951, 952, 954, 956, 957, 960, 961, 966, 967, 973, 975, 979, 980, 982, 984, 987, 988, 994, 996, 997, 999, 1002, 1003, 1010, 1013, 1015, 1020, 1023, 1025, 1026, 1027, 1028, 1033, 1034, 1035, 1037, 1038, 1039, 1040, 1041, 1042, 1046, 1048, 1049, 1050, 1053, 1058, 1059, 1062, 1063, 1065, 1067, 1070, 1076, 1078, 1079, 1080, 1081, 1082, 1085, 1087, 1088, 1089, 1090, 1096, 1097, 1098, 1099, 1101, 1102, 1103, 1107, 1111, 1112, 1113, 1115, 1116, 1117, 1118, 1119, 1121, 1122, 1124, 1125, 1126, 1128, 1129, 1130, 1131, 1132, 1136, 1137, 1138, 1140, 1141, 1142, 1143, 1144, 1145, 1147, 1148, 1150, 1156, 1159, 1160, 1162, 1164, 1166, 1167, 1169, 1170, 1171, 1172, 1173, 1174, 1175, 1176, 1177, 1178, 1181, 1185, 1186, 1188, 1189, 1191, 1192, 1193, 1195, 1196, 1197, 1198, 1201, 1202, 1206, 1207, 1210, 1211, 1213, 1214, 1217, 1218, 1225, 1226, 1228, 1232, 1234, 1235, 1237, 1242, 1245, 1247, 1253, 1255, 1256, 1257, 1259, 1260, 1261, 1264, 1265, 1267, 1270, 1272, 1275, 1279, 1280, 1283, 1284, 1287, 1288, 1291, 1292, 1293, 1296, 1298, 1300, 1301, 1302, 1304, 1305, 1306, 1307, 1308, 1309, 1310, 1311, 1312, 1314, 1317, 1318, 1320, 1321, 1322, 1325, 1330, 1335, 1340, 1341, 1344, 1345, 1346, 1347, 1349, 1350, 1351, 1352, 1353, 1354, 1357, 1358, 1359, 1363, 1364, 1365, 1367, 1369, 1370, 1372, 1375, 1376, 1377, 1380, 1382, 1384, 1387, 1388, 1390, 1394, 1395, 1397, 1399, 1402, 1403, 1404, 1408, 1410, 1411, 1412, 1413, 1414, 1416, 1420, 1421, 1425, 1428, 1432, 1435, 1436, 1437, 1438, 1439, 1440, 1442, 1445, 1446, 1447, 1449, 1450, 1453, 1455, 1457, 1459, 1460, 1464, 1467, 1468, 1469, 1471, 1473, 1474, 1475, 1476, 1477, 1481, 1487, 1489, 1491, 1492, 1493, 1495, 1497, 1498, 1499, 1500, 1507, 1511, 1513, 1515, 1518, 1519, 1522, 1523, 1526, 1527, 1528, 1530, 1531, 1532, 1533, 1534, 1535, 1539, 1541, 1542, 1544, 1549, 1550, 1553, 1555, 1560, 1565, 1566, 1568, 1569, 1571, 1572, 1575, 1577, 1578, 1581, 1582, 1590, 1591, 1595, 1597, 1598, 1599, 1600, 1601, 1603, 1604, 1605, 1606, 1607, 1608, 1609, 1610, 1621, 1622, 1623, 1624, 1626, 1627, 1630, 1632, 1633, 1634, 1636, 1640, 1643, 1645, 1650, 1651, 1652, 1653, 1655, 1656, 1658, 1660, 1663, 1664, 1665, 1666, 1667, 1670, 1671, 1673, 1676, 1682, 1683, 1684, 1685, 1688, 1691, 1692, 1693, 1694, 1696, 1697, 1698, 1704, 1705, 1706, 1707, 1708, 1709, 1712, 1713, 1714, 1716, 1717, 1718, 1719, 1720, 1721, 1723, 1726, 1728, 1730, 1734, 1735, 1738, 1739, 1746, 1747, 1748, 1749, 1750, 1751, 1752, 1753, 1754, 1755, 1758, 1762, 1764, 1765, 1767, 1768, 1770, 1772, 1773, 1774, 1775, 1777, 1778, 1780, 1781, 1786, 1787, 1788, 1791, 1792, 1793, 1794, 1795, 1796, 1802, 1803, 1804, 1805, 1808, 1811, 1813, 1818, 1821, 1823, 1828, 1829, 1830, 1832, 1833, 1836, 1838, 1842, 1843, 1844, 1845, 1846, 1849, 1850, 1851, 1853, 1855, 1856, 1857, 1859, 1860, 1862, 1864, 1866, 1867, 1870, 1875, 1876, 1878, 1881, 1882, 1883, 1884, 1885, 1888, 1889, 1891, 1894, 1896, 1899, 1900, 1901, 1902, 1905, 1906, 1907, 1908, 1910, 1914, 1916, 1917, 1925, 1930, 1931, 1932, 1934, 1935, 1937, 1938, 1946, 1947, 1948, 1950, 1951, 1953, 1954, 1955, 1956, 1959, 1961, 1962, 1964, 1965, 1974, 1976, 1977, 1978, 1979, 1980, 1982, 1983, 1984, 1985, 1986, 1990, 1991, 1992, 1996, 1997, 2000, 2001, 2004, 2006, 2007, 2008, 2009, 2011, 2012, 2015, 2017, 2022, 2025, 2029, 2031, 2033, 2037, 2041, 2042, 2045, 2046, 2047]
node=12 | level=6 | parent=   9 | left=None | right=None | size= 2 | indici originali=[262, 448]
node=13 | level=7 | parent=  11 | left=  15 | right=  16 | size=1013 | indici originali=[0, 1, 2, 6, 8, 9, 10, 11, 12, 15, 17, 19, 21, 22, 23, 27, 31, 34, 39, 40, 42, 43, 45, 47, 48, 52, 53, 55, 59, 60, 62, 63, 64, 65, 70, 71, 72, 75, 78, 79, 80, 81, 82, 83, 84, 85, 86, 89, 100, 102, 105, 106, 109, 110, 111, 112, 113, 114, 116, 122, 129, 130, 131, 134, 136, 139, 141, 142, 144, 151, 154, 156, 157, 158, 159, 161, 162, 170, 172, 176, 177, 178, 179, 183, 185, 186, 187, 188, 194, 195, 197, 198, 200, 202, 203, 206, 207, 208, 212, 213, 214, 215, 217, 219, 221, 222, 224, 225, 226, 233, 234, 236, 238, 239, 252, 253, 254, 255, 261, 264, 265, 270, 271, 273, 274, 275, 277, 278, 279, 280, 281, 282, 284, 285, 288, 289, 290, 291, 292, 293, 297, 298, 300, 302, 303, 306, 308, 310, 312, 319, 324, 325, 326, 327, 331, 332, 334, 335, 336, 339, 342, 345, 346, 348, 349, 352, 353, 355, 356, 357, 359, 361, 363, 364, 368, 372, 373, 375, 377, 378, 379, 382, 384, 387, 388, 392, 393, 394, 395, 396, 397, 398, 401, 404, 405, 407, 410, 412, 414, 415, 417, 421, 425, 426, 430, 431, 433, 436, 439, 440, 441, 442, 443, 444, 446, 449, 450, 452, 453, 454, 458, 459, 460, 461, 463, 464, 465, 466, 468, 470, 471, 475, 477, 480, 481, 482, 484, 486, 488, 491, 493, 495, 496, 498, 499, 501, 506, 509, 511, 513, 515, 516, 518, 525, 526, 529, 530, 532, 533, 534, 535, 536, 537, 539, 542, 545, 546, 547, 550, 552, 553, 555, 558, 559, 563, 566, 567, 570, 571, 573, 575, 578, 580, 581, 583, 585, 587, 588, 591, 593, 595, 596, 597, 599, 601, 603, 608, 614, 617, 618, 623, 624, 626, 628, 629, 631, 635, 639, 641, 645, 647, 650, 654, 655, 656, 661, 666, 667, 671, 678, 679, 680, 681, 682, 683, 684, 685, 686, 688, 690, 692, 694, 695, 699, 700, 703, 704, 705, 706, 710, 711, 712, 714, 715, 716, 717, 718, 719, 724, 725, 727, 728, 730, 731, 733, 735, 737, 738, 741, 745, 746, 749, 750, 752, 753, 754, 756, 758, 762, 763, 764, 765, 766, 767, 771, 772, 775, 777, 779, 780, 781, 782, 786, 789, 792, 794, 795, 796, 797, 798, 799, 800, 801, 803, 805, 808, 809, 814, 815, 819, 820, 821, 825, 827, 829, 832, 833, 835, 836, 838, 839, 840, 842, 844, 845, 846, 856, 859, 861, 862, 870, 871, 875, 877, 878, 880, 883, 884, 885, 886, 888, 891, 892, 895, 896, 897, 898, 900, 901, 907, 909, 910, 914, 915, 916, 917, 918, 920, 921, 923, 924, 925, 927, 928, 929, 932, 936, 938, 939, 940, 942, 945, 946, 947, 948, 950, 951, 952, 954, 956, 957, 960, 961, 966, 967, 973, 975, 979, 980, 982, 984, 987, 988, 994, 996, 997, 999, 1002, 1003, 1010, 1013, 1015, 1020, 1023, 1025, 1026, 1027, 1028, 1033, 1034, 1035, 1037, 1038, 1039, 1040, 1041, 1042, 1046, 1048, 1049, 1050, 1053, 1058, 1059, 1062, 1063, 1065, 1067, 1070, 1076, 1078, 1079, 1080, 1081, 1082, 1085, 1087, 1088, 1089, 1090, 1096, 1097, 1098, 1099, 1101, 1102, 1103, 1107, 1111, 1112, 1113, 1115, 1116, 1117, 1118, 1119, 1121, 1122, 1124, 1125, 1126, 1128, 1129, 1130, 1131, 1132, 1136, 1137, 1138, 1140, 1141, 1142, 1143, 1145, 1147, 1148, 1150, 1156, 1159, 1160, 1162, 1164, 1166, 1167, 1169, 1170, 1171, 1172, 1173, 1174, 1175, 1176, 1177, 1178, 1181, 1185, 1186, 1188, 1189, 1191, 1192, 1193, 1195, 1196, 1198, 1201, 1202, 1206, 1210, 1211, 1214, 1217, 1218, 1225, 1226, 1228, 1232, 1234, 1235, 1237, 1242, 1245, 1247, 1253, 1255, 1256, 1257, 1259, 1260, 1261, 1264, 1265, 1267, 1270, 1272, 1275, 1279, 1280, 1283, 1284, 1287, 1288, 1291, 1292, 1293, 1296, 1298, 1300, 1301, 1302, 1304, 1305, 1306, 1307, 1308, 1309, 1310, 1311, 1312, 1314, 1317, 1318, 1320, 1321, 1322, 1325, 1330, 1335, 1340, 1341, 1344, 1345, 1346, 1347, 1349, 1350, 1351, 1352, 1353, 1354, 1357, 1358, 1359, 1363, 1364, 1365, 1367, 1369, 1370, 1372, 1375, 1376, 1377, 1380, 1382, 1384, 1387, 1388, 1394, 1395, 1397, 1399, 1402, 1403, 1404, 1408, 1410, 1411, 1413, 1414, 1416, 1420, 1421, 1425, 1428, 1432, 1435, 1436, 1437, 1438, 1439, 1440, 1442, 1445, 1446, 1447, 1449, 1450, 1453, 1455, 1457, 1459, 1460, 1464, 1467, 1468, 1469, 1471, 1473, 1474, 1475, 1476, 1477, 1481, 1487, 1489, 1491, 1492, 1493, 1495, 1497, 1498, 1499, 1500, 1507, 1511, 1513, 1515, 1518, 1519, 1522, 1526, 1527, 1528, 1530, 1531, 1532, 1533, 1534, 1535, 1539, 1541, 1542, 1544, 1549, 1550, 1553, 1555, 1560, 1565, 1566, 1568, 1569, 1571, 1572, 1575, 1577, 1578, 1581, 1582, 1590, 1591, 1595, 1597, 1598, 1599, 1600, 1601, 1603, 1604, 1605, 1607, 1608, 1609, 1610, 1621, 1622, 1623, 1624, 1626, 1627, 1630, 1632, 1633, 1634, 1636, 1640, 1643, 1645, 1650, 1651, 1652, 1653, 1655, 1656, 1658, 1660, 1663, 1664, 1665, 1666, 1667, 1670, 1671, 1673, 1676, 1682, 1683, 1684, 1685, 1688, 1691, 1692, 1693, 1694, 1696, 1697, 1698, 1704, 1705, 1706, 1707, 1708, 1709, 1712, 1713, 1714, 1716, 1717, 1718, 1719, 1720, 1721, 1723, 1726, 1728, 1730, 1734, 1735, 1738, 1739, 1746, 1747, 1748, 1749, 1750, 1751, 1752, 1753, 1754, 1755, 1758, 1762, 1764, 1765, 1767, 1768, 1770, 1772, 1773, 1774, 1775, 1777, 1778, 1780, 1781, 1786, 1787, 1788, 1791, 1792, 1793, 1794, 1795, 1796, 1802, 1803, 1804, 1805, 1808, 1811, 1813, 1818, 1821, 1823, 1828, 1829, 1830, 1832, 1833, 1836, 1838, 1842, 1843, 1844, 1845, 1846, 1849, 1850, 1851, 1853, 1855, 1856, 1857, 1859, 1860, 1862, 1864, 1866, 1867, 1875, 1876, 1878, 1881, 1882, 1883, 1884, 1885, 1888, 1889, 1891, 1894, 1896, 1899, 1900, 1901, 1902, 1905, 1906, 1908, 1910, 1914, 1916, 1917, 1925, 1930, 1931, 1932, 1934, 1935, 1937, 1938, 1946, 1947, 1948, 1950, 1951, 1953, 1954, 1955, 1956, 1959, 1961, 1962, 1964, 1965, 1974, 1976, 1977, 1978, 1979, 1980, 1982, 1983, 1984, 1985, 1986, 1990, 1991, 1992, 1996, 1997, 2000, 2001, 2004, 2006, 2007, 2008, 2009, 2011, 2012, 2015, 2017, 2022, 2025, 2029, 2031, 2033, 2037, 2041, 2042, 2046, 2047]
node=14 | level=7 | parent=  11 | left=None | right=None | size=17 | indici originali=[41, 330, 337, 527, 622, 865, 1144, 1197, 1207, 1213, 1390, 1412, 1523, 1606, 1870, 1907, 2045]
node=15 | level=8 | parent=  13 | left=  17 | right=  18 | size=1008 | indici originali=[0, 1, 2, 6, 8, 9, 10, 11, 12, 15, 17, 19, 21, 22, 23, 27, 31, 34, 39, 40, 42, 43, 45, 47, 48, 52, 53, 55, 59, 60, 62, 63, 64, 65, 70, 71, 72, 75, 78, 79, 80, 81, 82, 83, 84, 85, 86, 89, 100, 102, 105, 106, 109, 110, 111, 112, 113, 114, 116, 122, 129, 130, 131, 134, 136, 139, 141, 142, 144, 151, 154, 156, 157, 158, 159, 161, 162, 170, 172, 176, 177, 178, 179, 183, 185, 186, 187, 188, 194, 195, 197, 198, 200, 202, 203, 206, 207, 208, 212, 213, 214, 215, 217, 219, 221, 222, 224, 225, 226, 233, 234, 236, 238, 239, 252, 253, 254, 255, 261, 264, 265, 270, 271, 273, 274, 275, 277, 278, 279, 280, 281, 282, 284, 285, 288, 289, 290, 291, 292, 293, 297, 298, 300, 302, 303, 306, 308, 310, 312, 319, 324, 325, 326, 327, 331, 332, 334, 335, 336, 339, 342, 345, 346, 348, 349, 352, 353, 355, 356, 357, 359, 361, 363, 364, 368, 372, 373, 375, 377, 378, 379, 382, 384, 387, 388, 392, 393, 394, 395, 396, 397, 398, 401, 404, 405, 407, 410, 412, 414, 415, 417, 421, 425, 426, 430, 431, 433, 436, 439, 440, 441, 442, 443, 444, 446, 449, 450, 452, 453, 454, 458, 459, 460, 461, 463, 464, 465, 466, 468, 470, 471, 475, 477, 480, 481, 482, 484, 486, 488, 491, 493, 495, 496, 498, 499, 501, 506, 509, 511, 513, 515, 516, 518, 525, 526, 529, 530, 532, 533, 534, 535, 536, 537, 539, 542, 545, 546, 547, 550, 552, 553, 555, 558, 559, 563, 566, 567, 570, 571, 573, 575, 578, 580, 581, 583, 585, 587, 588, 591, 593, 595, 596, 597, 599, 601, 603, 608, 614, 617, 618, 623, 624, 626, 628, 629, 631, 635, 639, 641, 645, 647, 650, 654, 655, 656, 661, 666, 667, 671, 678, 679, 680, 681, 682, 683, 684, 685, 686, 688, 690, 692, 694, 695, 699, 700, 703, 704, 705, 706, 710, 711, 712, 714, 715, 716, 717, 718, 719, 724, 725, 727, 728, 730, 731, 733, 735, 737, 738, 741, 745, 746, 749, 750, 752, 753, 754, 756, 758, 762, 763, 764, 765, 766, 767, 771, 772, 775, 777, 779, 780, 781, 786, 789, 792, 794, 795, 796, 797, 798, 799, 800, 801, 803, 805, 808, 809, 814, 815, 819, 820, 821, 825, 827, 829, 832, 833, 835, 836, 838, 839, 840, 842, 844, 845, 846, 856, 859, 861, 862, 870, 871, 875, 877, 878, 880, 883, 884, 885, 886, 888, 891, 892, 895, 896, 897, 898, 900, 901, 907, 909, 910, 914, 915, 916, 917, 918, 920, 921, 923, 924, 925, 927, 928, 929, 932, 936, 938, 939, 940, 942, 945, 946, 947, 948, 950, 951, 952, 954, 956, 957, 960, 961, 966, 967, 973, 975, 979, 980, 982, 984, 987, 988, 994, 996, 997, 999, 1002, 1003, 1010, 1013, 1015, 1020, 1023, 1025, 1026, 1027, 1028, 1033, 1034, 1035, 1037, 1038, 1039, 1040, 1041, 1042, 1046, 1048, 1049, 1050, 1053, 1058, 1059, 1062, 1063, 1065, 1067, 1070, 1076, 1078, 1079, 1080, 1081, 1082, 1085, 1087, 1088, 1089, 1090, 1096, 1097, 1098, 1099, 1101, 1102, 1103, 1107, 1111, 1112, 1113, 1115, 1116, 1117, 1118, 1119, 1121, 1122, 1124, 1125, 1126, 1128, 1129, 1130, 1131, 1132, 1136, 1137, 1138, 1140, 1141, 1142, 1143, 1145, 1147, 1148, 1150, 1156, 1159, 1160, 1162, 1164, 1166, 1167, 1169, 1170, 1171, 1172, 1173, 1174, 1175, 1176, 1177, 1178, 1181, 1185, 1186, 1188, 1189, 1191, 1192, 1193, 1195, 1196, 1198, 1201, 1202, 1206, 1210, 1211, 1214, 1217, 1218, 1225, 1226, 1228, 1232, 1234, 1235, 1237, 1242, 1245, 1247, 1253, 1255, 1256, 1257, 1259, 1260, 1261, 1264, 1265, 1267, 1270, 1272, 1275, 1279, 1280, 1283, 1284, 1287, 1288, 1291, 1292, 1293, 1296, 1298, 1300, 1301, 1302, 1304, 1305, 1306, 1307, 1308, 1309, 1310, 1311, 1312, 1314, 1317, 1318, 1320, 1321, 1322, 1325, 1330, 1335, 1340, 1341, 1344, 1345, 1346, 1347, 1349, 1351, 1352, 1353, 1354, 1357, 1358, 1359, 1363, 1364, 1365, 1367, 1369, 1370, 1372, 1375, 1376, 1377, 1380, 1382, 1384, 1387, 1388, 1394, 1395, 1397, 1399, 1402, 1403, 1404, 1408, 1410, 1411, 1413, 1414, 1416, 1420, 1421, 1425, 1428, 1432, 1435, 1436, 1437, 1438, 1439, 1440, 1442, 1445, 1446, 1447, 1449, 1450, 1453, 1455, 1457, 1459, 1460, 1464, 1467, 1468, 1469, 1471, 1473, 1474, 1475, 1476, 1477, 1481, 1487, 1489, 1491, 1492, 1493, 1495, 1497, 1498, 1499, 1500, 1507, 1511, 1513, 1515, 1518, 1519, 1522, 1526, 1527, 1528, 1530, 1531, 1532, 1533, 1535, 1539, 1541, 1542, 1544, 1549, 1550, 1553, 1555, 1560, 1565, 1566, 1568, 1569, 1571, 1572, 1575, 1577, 1578, 1581, 1582, 1590, 1591, 1595, 1597, 1598, 1599, 1600, 1601, 1603, 1604, 1605, 1607, 1608, 1609, 1610, 1621, 1622, 1623, 1624, 1626, 1627, 1630, 1632, 1633, 1634, 1636, 1640, 1643, 1645, 1650, 1651, 1652, 1653, 1655, 1656, 1658, 1660, 1663, 1664, 1665, 1666, 1667, 1670, 1671, 1673, 1676, 1682, 1683, 1684, 1685, 1688, 1691, 1692, 1693, 1694, 1696, 1697, 1698, 1704, 1705, 1706, 1707, 1708, 1709, 1712, 1713, 1714, 1716, 1717, 1718, 1719, 1720, 1721, 1723, 1726, 1728, 1730, 1734, 1735, 1738, 1739, 1746, 1747, 1748, 1749, 1750, 1751, 1752, 1753, 1754, 1755, 1758, 1762, 1764, 1765, 1767, 1768, 1770, 1772, 1773, 1774, 1775, 1777, 1778, 1780, 1781, 1786, 1787, 1788, 1792, 1793, 1794, 1795, 1796, 1802, 1803, 1804, 1805, 1808, 1811, 1813, 1818, 1823, 1828, 1829, 1830, 1832, 1833, 1836, 1838, 1842, 1843, 1844, 1845, 1846, 1849, 1850, 1851, 1853, 1855, 1856, 1857, 1859, 1860, 1862, 1864, 1866, 1867, 1875, 1876, 1878, 1881, 1882, 1883, 1884, 1885, 1888, 1889, 1891, 1894, 1896, 1899, 1900, 1901, 1902, 1905, 1906, 1908, 1910, 1914, 1916, 1917, 1925, 1930, 1931, 1932, 1934, 1935, 1937, 1938, 1946, 1947, 1948, 1950, 1951, 1953, 1954, 1955, 1956, 1959, 1961, 1962, 1964, 1965, 1974, 1976, 1977, 1978, 1979, 1980, 1982, 1983, 1984, 1985, 1986, 1990, 1991, 1992, 1996, 1997, 2000, 2001, 2004, 2006, 2007, 2008, 2009, 2011, 2012, 2015, 2017, 2022, 2025, 2029, 2031, 2033, 2037, 2041, 2042, 2046, 2047]
node=16 | level=8 | parent=  13 | left=None | right=None | size= 5 | indici originali=[782, 1350, 1534, 1791, 1821]
node=17 | level=9 | parent=  15 | left=  19 | right=  20 | size=1002 | indici originali=[0, 1, 2, 6, 8, 9, 10, 11, 12, 15, 17, 19, 21, 22, 23, 27, 31, 34, 39, 40, 42, 43, 45, 47, 48, 52, 53, 55, 59, 60, 62, 63, 64, 65, 70, 71, 72, 75, 78, 79, 80, 81, 82, 83, 84, 85, 86, 89, 100, 102, 105, 106, 109, 110, 111, 112, 113, 114, 116, 122, 129, 130, 131, 134, 136, 139, 141, 142, 144, 151, 154, 156, 157, 158, 159, 161, 162, 170, 172, 176, 177, 178, 179, 183, 185, 186, 187, 188, 194, 195, 197, 198, 200, 202, 203, 206, 207, 208, 212, 213, 214, 215, 217, 219, 221, 222, 224, 225, 226, 233, 234, 236, 238, 239, 252, 253, 254, 255, 261, 264, 265, 270, 271, 273, 274, 275, 277, 278, 279, 280, 282, 284, 285, 288, 289, 290, 291, 292, 293, 297, 298, 300, 303, 306, 308, 310, 312, 324, 325, 326, 327, 331, 332, 334, 335, 336, 339, 342, 345, 346, 348, 349, 352, 353, 355, 356, 357, 359, 361, 363, 364, 368, 372, 373, 377, 378, 379, 382, 384, 387, 388, 392, 393, 394, 395, 396, 397, 398, 401, 404, 405, 407, 410, 412, 414, 415, 417, 421, 425, 426, 430, 431, 433, 436, 439, 440, 441, 442, 443, 444, 446, 449, 450, 452, 453, 454, 458, 459, 460, 461, 463, 464, 465, 466, 468, 470, 471, 475, 477, 480, 481, 482, 484, 486, 488, 491, 493, 495, 496, 498, 499, 501, 506, 509, 511, 513, 515, 516, 518, 525, 526, 529, 530, 532, 533, 534, 535, 536, 537, 539, 542, 545, 546, 547, 550, 552, 553, 555, 558, 559, 563, 566, 567, 570, 571, 573, 575, 578, 580, 581, 583, 585, 587, 588, 591, 593, 595, 596, 597, 599, 601, 603, 608, 614, 617, 618, 623, 624, 626, 628, 629, 631, 635, 639, 641, 645, 647, 650, 654, 655, 656, 661, 666, 667, 671, 678, 679, 680, 681, 682, 683, 684, 685, 686, 688, 690, 692, 694, 695, 699, 700, 703, 704, 705, 706, 710, 711, 712, 714, 715, 716, 717, 718, 719, 724, 725, 727, 728, 730, 731, 733, 735, 737, 738, 741, 745, 746, 749, 750, 752, 753, 754, 756, 758, 762, 763, 764, 765, 766, 767, 771, 772, 775, 777, 779, 780, 781, 786, 789, 792, 794, 795, 796, 797, 798, 799, 800, 801, 803, 805, 808, 809, 814, 815, 819, 820, 821, 825, 827, 829, 832, 833, 835, 836, 838, 839, 840, 842, 844, 845, 846, 856, 859, 861, 862, 870, 871, 875, 877, 878, 880, 883, 884, 885, 886, 888, 891, 892, 895, 896, 897, 898, 900, 901, 907, 909, 910, 914, 915, 916, 917, 918, 920, 921, 923, 924, 925, 927, 928, 929, 932, 936, 938, 939, 940, 942, 945, 946, 947, 948, 950, 951, 952, 954, 956, 957, 960, 961, 966, 967, 973, 975, 979, 980, 982, 984, 987, 988, 994, 996, 997, 999, 1002, 1003, 1010, 1013, 1015, 1020, 1023, 1025, 1026, 1027, 1028, 1033, 1034, 1035, 1037, 1038, 1039, 1040, 1042, 1046, 1048, 1049, 1050, 1053, 1058, 1059, 1062, 1063, 1065, 1067, 1070, 1076, 1078, 1079, 1080, 1081, 1082, 1085, 1087, 1088, 1089, 1090, 1096, 1097, 1098, 1099, 1101, 1102, 1103, 1107, 1111, 1112, 1113, 1115, 1116, 1117, 1118, 1119, 1121, 1122, 1125, 1126, 1128, 1129, 1130, 1131, 1132, 1136, 1137, 1138, 1140, 1141, 1142, 1143, 1145, 1147, 1148, 1150, 1156, 1159, 1160, 1162, 1164, 1166, 1167, 1169, 1170, 1171, 1172, 1173, 1174, 1175, 1176, 1177, 1178, 1181, 1185, 1186, 1188, 1189, 1191, 1192, 1193, 1195, 1196, 1198, 1201, 1202, 1206, 1210, 1211, 1214, 1217, 1218, 1225, 1226, 1228, 1232, 1234, 1235, 1237, 1242, 1245, 1247, 1253, 1255, 1256, 1257, 1259, 1260, 1261, 1264, 1265, 1267, 1270, 1272, 1275, 1279, 1280, 1283, 1284, 1287, 1288, 1291, 1292, 1293, 1296, 1298, 1300, 1301, 1302, 1304, 1305, 1306, 1307, 1308, 1309, 1310, 1311, 1312, 1314, 1317, 1318, 1320, 1321, 1322, 1325, 1330, 1335, 1340, 1341, 1344, 1345, 1346, 1347, 1349, 1351, 1352, 1353, 1354, 1357, 1358, 1359, 1363, 1364, 1365, 1367, 1369, 1370, 1372, 1375, 1376, 1377, 1380, 1382, 1384, 1387, 1388, 1394, 1395, 1397, 1399, 1402, 1403, 1404, 1408, 1410, 1411, 1413, 1414, 1416, 1420, 1421, 1425, 1428, 1432, 1435, 1436, 1437, 1438, 1439, 1440, 1442, 1445, 1446, 1447, 1449, 1450, 1453, 1455, 1457, 1459, 1460, 1464, 1467, 1468, 1469, 1471, 1473, 1474, 1475, 1476, 1477, 1481, 1487, 1489, 1491, 1492, 1493, 1495, 1497, 1498, 1499, 1500, 1507, 1511, 1513, 1515, 1518, 1519, 1522, 1526, 1527, 1528, 1530, 1531, 1532, 1533, 1535, 1539, 1541, 1542, 1544, 1549, 1550, 1553, 1555, 1560, 1565, 1566, 1568, 1569, 1571, 1572, 1575, 1577, 1578, 1581, 1582, 1590, 1591, 1595, 1597, 1598, 1599, 1600, 1601, 1603, 1604, 1605, 1607, 1608, 1609, 1610, 1621, 1622, 1623, 1624, 1626, 1627, 1630, 1632, 1633, 1634, 1636, 1640, 1643, 1645, 1650, 1651, 1652, 1653, 1655, 1656, 1658, 1660, 1663, 1664, 1665, 1666, 1667, 1670, 1671, 1673, 1676, 1682, 1683, 1684, 1685, 1688, 1691, 1692, 1693, 1694, 1696, 1697, 1698, 1704, 1705, 1706, 1707, 1708, 1709, 1712, 1713, 1714, 1716, 1717, 1718, 1719, 1720, 1721, 1723, 1726, 1728, 1730, 1734, 1735, 1738, 1739, 1746, 1747, 1748, 1749, 1750, 1751, 1752, 1753, 1754, 1755, 1758, 1762, 1764, 1765, 1767, 1768, 1770, 1772, 1773, 1774, 1775, 1777, 1778, 1780, 1781, 1786, 1787, 1788, 1792, 1793, 1794, 1795, 1796, 1802, 1803, 1804, 1805, 1808, 1811, 1813, 1818, 1823, 1828, 1829, 1830, 1832, 1833, 1836, 1838, 1842, 1843, 1844, 1845, 1846, 1849, 1850, 1851, 1853, 1855, 1856, 1857, 1859, 1860, 1862, 1864, 1866, 1867, 1875, 1876, 1878, 1881, 1882, 1883, 1884, 1885, 1888, 1889, 1891, 1894, 1896, 1899, 1900, 1901, 1902, 1905, 1906, 1908, 1910, 1914, 1916, 1917, 1925, 1930, 1931, 1932, 1934, 1935, 1937, 1938, 1946, 1947, 1948, 1950, 1951, 1953, 1954, 1955, 1956, 1959, 1961, 1962, 1964, 1965, 1974, 1976, 1977, 1978, 1979, 1980, 1982, 1983, 1984, 1985, 1986, 1990, 1991, 1992, 1996, 1997, 2000, 2001, 2004, 2006, 2007, 2008, 2009, 2011, 2012, 2015, 2017, 2022, 2025, 2029, 2031, 2033, 2037, 2041, 2042, 2046, 2047]
node=18 | level=9 | parent=  15 | left=None | right=None | size= 6 | indici originali=[281, 302, 319, 375, 1041, 1124]
node=19 | level=10 | parent=  17 | left=  21 | right=  22 | size=997 | indici originali=[0, 1, 2, 6, 8, 9, 10, 11, 12, 15, 17, 19, 21, 22, 23, 27, 31, 34, 39, 40, 42, 43, 45, 47, 48, 52, 53, 55, 59, 60, 62, 63, 64, 65, 70, 71, 72, 75, 78, 79, 80, 81, 82, 83, 84, 85, 86, 89, 100, 102, 105, 106, 109, 110, 111, 112, 113, 114, 116, 122, 129, 130, 131, 134, 136, 139, 141, 142, 144, 151, 154, 156, 157, 158, 159, 161, 162, 170, 172, 176, 177, 178, 179, 183, 185, 186, 187, 188, 194, 195, 197, 198, 200, 202, 203, 206, 207, 208, 212, 213, 214, 215, 217, 219, 221, 222, 224, 225, 226, 233, 234, 236, 238, 239, 252, 253, 254, 255, 261, 264, 265, 270, 271, 273, 274, 275, 277, 278, 279, 280, 282, 284, 285, 288, 289, 290, 291, 292, 293, 297, 298, 300, 303, 306, 308, 310, 312, 324, 325, 326, 327, 331, 332, 334, 335, 336, 339, 342, 345, 346, 348, 349, 352, 353, 355, 356, 357, 359, 361, 363, 364, 368, 372, 373, 377, 378, 379, 382, 384, 387, 388, 392, 393, 394, 395, 396, 397, 398, 401, 404, 405, 407, 410, 412, 414, 415, 417, 421, 425, 426, 430, 431, 433, 436, 439, 440, 441, 442, 443, 444, 446, 449, 450, 452, 453, 454, 458, 459, 460, 461, 463, 464, 465, 466, 468, 470, 471, 475, 477, 480, 481, 482, 484, 486, 488, 491, 493, 495, 496, 498, 499, 501, 506, 509, 511, 513, 515, 516, 518, 525, 526, 529, 530, 532, 533, 534, 535, 536, 537, 539, 542, 545, 546, 547, 550, 552, 553, 555, 558, 559, 563, 566, 567, 570, 571, 573, 575, 578, 580, 581, 583, 585, 587, 588, 591, 593, 595, 596, 597, 599, 601, 603, 608, 614, 617, 618, 623, 624, 626, 628, 629, 631, 635, 639, 641, 645, 647, 650, 654, 655, 656, 661, 666, 667, 671, 678, 679, 680, 681, 682, 683, 684, 685, 686, 688, 690, 692, 694, 695, 699, 700, 703, 704, 705, 706, 710, 711, 712, 714, 715, 716, 717, 718, 719, 724, 725, 727, 728, 730, 731, 733, 735, 737, 738, 741, 745, 746, 749, 750, 752, 753, 754, 756, 758, 762, 763, 764, 765, 766, 767, 771, 772, 775, 777, 779, 780, 781, 786, 789, 792, 794, 795, 796, 797, 798, 799, 800, 801, 803, 805, 808, 809, 814, 815, 819, 820, 821, 825, 827, 829, 832, 833, 835, 836, 838, 839, 840, 842, 844, 845, 846, 856, 859, 861, 862, 870, 871, 875, 877, 878, 880, 883, 884, 885, 886, 888, 891, 892, 896, 897, 898, 900, 901, 907, 909, 910, 914, 915, 916, 917, 918, 920, 921, 923, 924, 925, 927, 928, 929, 932, 936, 938, 939, 940, 942, 945, 946, 947, 948, 950, 951, 952, 954, 956, 957, 960, 961, 966, 967, 973, 975, 979, 980, 982, 984, 987, 988, 994, 996, 997, 999, 1002, 1003, 1010, 1013, 1015, 1020, 1023, 1025, 1026, 1027, 1028, 1033, 1034, 1035, 1037, 1038, 1039, 1040, 1042, 1046, 1048, 1049, 1050, 1053, 1058, 1059, 1062, 1063, 1065, 1067, 1070, 1076, 1078, 1079, 1080, 1081, 1082, 1085, 1087, 1088, 1089, 1090, 1096, 1097, 1098, 1099, 1101, 1102, 1103, 1107, 1111, 1112, 1113, 1115, 1116, 1117, 1118, 1119, 1121, 1122, 1125, 1126, 1128, 1129, 1130, 1131, 1132, 1136, 1137, 1138, 1140, 1141, 1142, 1143, 1145, 1147, 1148, 1150, 1156, 1159, 1160, 1162, 1164, 1166, 1169, 1170, 1171, 1172, 1173, 1174, 1175, 1176, 1177, 1178, 1181, 1185, 1186, 1188, 1189, 1191, 1192, 1193, 1195, 1196, 1198, 1201, 1202, 1206, 1210, 1211, 1214, 1217, 1218, 1225, 1226, 1228, 1232, 1234, 1235, 1237, 1242, 1247, 1253, 1255, 1256, 1257, 1259, 1260, 1261, 1264, 1265, 1267, 1270, 1272, 1275, 1279, 1280, 1283, 1284, 1287, 1288, 1292, 1293, 1296, 1298, 1300, 1301, 1302, 1304, 1305, 1306, 1307, 1308, 1309, 1310, 1311, 1312, 1314, 1317, 1318, 1320, 1321, 1322, 1325, 1330, 1335, 1340, 1341, 1344, 1345, 1346, 1347, 1349, 1351, 1352, 1353, 1354, 1357, 1358, 1359, 1363, 1364, 1365, 1367, 1369, 1370, 1372, 1375, 1376, 1377, 1380, 1382, 1384, 1387, 1388, 1394, 1395, 1397, 1399, 1402, 1403, 1404, 1408, 1410, 1411, 1413, 1414, 1416, 1420, 1421, 1425, 1428, 1432, 1435, 1436, 1437, 1438, 1439, 1440, 1442, 1445, 1446, 1447, 1449, 1450, 1453, 1455, 1457, 1459, 1460, 1464, 1467, 1468, 1469, 1471, 1473, 1474, 1475, 1476, 1477, 1481, 1487, 1489, 1491, 1492, 1493, 1495, 1497, 1498, 1499, 1500, 1507, 1511, 1513, 1515, 1518, 1519, 1522, 1526, 1527, 1528, 1530, 1531, 1532, 1533, 1535, 1539, 1541, 1542, 1544, 1549, 1550, 1553, 1555, 1560, 1565, 1566, 1568, 1569, 1571, 1572, 1575, 1577, 1578, 1581, 1582, 1590, 1591, 1595, 1597, 1598, 1599, 1600, 1601, 1603, 1604, 1605, 1607, 1608, 1609, 1610, 1621, 1622, 1623, 1624, 1626, 1627, 1630, 1632, 1633, 1634, 1636, 1640, 1643, 1645, 1650, 1651, 1652, 1653, 1655, 1656, 1658, 1660, 1663, 1664, 1665, 1666, 1667, 1670, 1671, 1673, 1676, 1682, 1683, 1684, 1685, 1688, 1691, 1692, 1693, 1694, 1696, 1697, 1698, 1704, 1705, 1706, 1707, 1708, 1709, 1712, 1713, 1714, 1716, 1717, 1718, 1719, 1720, 1721, 1723, 1726, 1728, 1730, 1734, 1735, 1738, 1739, 1746, 1747, 1748, 1749, 1750, 1751, 1752, 1753, 1754, 1755, 1758, 1762, 1764, 1765, 1767, 1768, 1770, 1772, 1773, 1774, 1775, 1777, 1778, 1780, 1781, 1786, 1787, 1788, 1792, 1793, 1794, 1795, 1796, 1802, 1803, 1804, 1805, 1808, 1811, 1813, 1818, 1823, 1828, 1829, 1830, 1832, 1833, 1836, 1838, 1842, 1843, 1844, 1845, 1846, 1849, 1850, 1851, 1853, 1855, 1856, 1857, 1859, 1860, 1862, 1864, 1866, 1867, 1875, 1876, 1878, 1881, 1882, 1884, 1885, 1888, 1889, 1891, 1894, 1896, 1899, 1900, 1901, 1902, 1905, 1906, 1908, 1910, 1914, 1916, 1917, 1925, 1930, 1931, 1932, 1934, 1935, 1937, 1938, 1946, 1947, 1948, 1950, 1951, 1953, 1954, 1955, 1956, 1959, 1961, 1962, 1964, 1965, 1974, 1976, 1977, 1978, 1979, 1980, 1982, 1983, 1984, 1985, 1986, 1990, 1991, 1992, 1996, 1997, 2000, 2001, 2004, 2006, 2007, 2008, 2009, 2011, 2012, 2015, 2017, 2022, 2025, 2029, 2031, 2033, 2037, 2041, 2042, 2046, 2047]
node=20 | level=10 | parent=  17 | left=None | right=None | size= 5 | indici originali=[895, 1167, 1245, 1291, 1883]
node=21 | level=11 | parent=  19 | left=  23 | right=  24 | size=994 | indici originali=[0, 1, 2, 6, 8, 9, 10, 11, 12, 15, 17, 19, 21, 22, 23, 27, 31, 34, 39, 40, 42, 43, 45, 47, 48, 52, 53, 55, 59, 60, 62, 63, 64, 65, 70, 71, 72, 75, 78, 79, 80, 81, 82, 83, 84, 85, 86, 89, 100, 102, 105, 106, 109, 110, 111, 112, 113, 114, 116, 122, 129, 130, 131, 134, 136, 139, 141, 142, 144, 151, 154, 156, 157, 158, 159, 161, 162, 170, 172, 176, 177, 178, 179, 183, 185, 186, 187, 188, 194, 195, 197, 198, 200, 202, 203, 206, 207, 208, 212, 213, 214, 215, 217, 219, 221, 222, 224, 225, 226, 233, 234, 236, 238, 239, 252, 253, 254, 255, 261, 264, 265, 270, 271, 273, 274, 275, 277, 278, 279, 280, 282, 284, 288, 289, 290, 291, 292, 293, 297, 298, 300, 303, 306, 308, 310, 312, 324, 325, 326, 327, 331, 332, 334, 335, 336, 339, 342, 345, 346, 348, 349, 352, 353, 355, 356, 357, 359, 361, 363, 364, 368, 372, 373, 377, 378, 379, 382, 384, 387, 388, 392, 393, 394, 395, 396, 397, 398, 401, 404, 405, 407, 410, 412, 414, 415, 417, 421, 425, 426, 430, 431, 433, 436, 439, 440, 441, 442, 443, 444, 446, 449, 450, 452, 453, 454, 458, 459, 460, 461, 463, 464, 465, 466, 468, 470, 471, 475, 477, 480, 481, 482, 484, 486, 488, 491, 493, 495, 496, 498, 499, 501, 506, 509, 511, 513, 515, 516, 518, 525, 526, 529, 530, 532, 533, 534, 535, 536, 537, 539, 542, 545, 546, 547, 550, 552, 553, 555, 558, 559, 563, 566, 567, 570, 571, 573, 575, 578, 580, 581, 583, 585, 587, 588, 591, 593, 595, 596, 597, 599, 601, 603, 608, 614, 617, 618, 623, 624, 626, 628, 629, 631, 635, 639, 641, 645, 647, 650, 654, 655, 656, 661, 666, 667, 671, 678, 679, 680, 681, 682, 683, 684, 685, 686, 688, 690, 692, 694, 695, 699, 700, 703, 704, 705, 706, 710, 711, 712, 714, 715, 716, 717, 718, 719, 725, 727, 728, 730, 731, 733, 735, 737, 738, 741, 745, 746, 749, 750, 752, 753, 754, 756, 758, 762, 763, 764, 765, 766, 767, 771, 772, 775, 777, 779, 780, 781, 786, 789, 792, 794, 795, 796, 797, 798, 799, 800, 801, 803, 805, 808, 809, 814, 815, 819, 820, 821, 825, 827, 829, 832, 833, 835, 836, 838, 839, 840, 842, 844, 845, 846, 856, 859, 861, 862, 870, 871, 875, 877, 878, 880, 883, 884, 885, 886, 888, 891, 892, 896, 897, 898, 900, 901, 907, 909, 910, 914, 915, 916, 917, 918, 920, 921, 923, 924, 925, 927, 928, 929, 932, 936, 938, 939, 940, 942, 945, 946, 947, 948, 950, 951, 952, 954, 956, 957, 960, 961, 966, 967, 973, 975, 979, 980, 982, 984, 987, 988, 994, 996, 997, 999, 1002, 1003, 1010, 1013, 1015, 1020, 1023, 1025, 1026, 1027, 1028, 1033, 1034, 1035, 1037, 1038, 1039, 1040, 1042, 1046, 1048, 1049, 1050, 1053, 1058, 1059, 1062, 1063, 1065, 1067, 1070, 1076, 1078, 1079, 1080, 1081, 1082, 1085, 1087, 1088, 1089, 1090, 1096, 1097, 1098, 1099, 1101, 1102, 1103, 1107, 1111, 1112, 1113, 1115, 1116, 1117, 1118, 1119, 1121, 1122, 1125, 1126, 1128, 1129, 1130, 1131, 1132, 1136, 1137, 1138, 1140, 1141, 1142, 1143, 1145, 1147, 1148, 1150, 1156, 1159, 1160, 1162, 1164, 1166, 1169, 1170, 1171, 1172, 1173, 1174, 1175, 1176, 1177, 1178, 1181, 1185, 1186, 1188, 1189, 1191, 1192, 1193, 1195, 1196, 1198, 1201, 1202, 1206, 1210, 1211, 1214, 1217, 1218, 1225, 1226, 1228, 1232, 1234, 1235, 1237, 1242, 1247, 1253, 1255, 1256, 1257, 1259, 1260, 1261, 1264, 1265, 1267, 1270, 1272, 1275, 1279, 1280, 1283, 1284, 1287, 1288, 1292, 1293, 1296, 1298, 1300, 1301, 1302, 1304, 1305, 1306, 1307, 1308, 1309, 1310, 1311, 1312, 1314, 1317, 1318, 1320, 1321, 1322, 1325, 1330, 1335, 1340, 1341, 1344, 1345, 1346, 1347, 1349, 1351, 1352, 1353, 1354, 1357, 1358, 1359, 1363, 1364, 1365, 1367, 1369, 1370, 1372, 1375, 1376, 1377, 1380, 1382, 1384, 1387, 1388, 1394, 1395, 1397, 1399, 1402, 1403, 1404, 1408, 1410, 1411, 1413, 1414, 1416, 1420, 1421, 1425, 1428, 1432, 1435, 1436, 1437, 1438, 1439, 1440, 1442, 1445, 1446, 1447, 1449, 1450, 1453, 1455, 1457, 1459, 1460, 1464, 1467, 1468, 1469, 1471, 1473, 1474, 1475, 1476, 1477, 1481, 1487, 1489, 1491, 1492, 1493, 1495, 1497, 1498, 1499, 1500, 1507, 1511, 1513, 1515, 1518, 1519, 1522, 1526, 1527, 1528, 1530, 1531, 1532, 1533, 1535, 1539, 1541, 1542, 1544, 1549, 1550, 1553, 1555, 1560, 1565, 1566, 1568, 1569, 1571, 1572, 1575, 1577, 1578, 1581, 1582, 1590, 1591, 1595, 1597, 1598, 1599, 1600, 1601, 1603, 1604, 1605, 1607, 1608, 1609, 1610, 1621, 1622, 1623, 1624, 1626, 1627, 1630, 1632, 1633, 1634, 1636, 1640, 1643, 1645, 1650, 1651, 1652, 1653, 1655, 1656, 1658, 1660, 1663, 1664, 1665, 1666, 1667, 1670, 1671, 1673, 1676, 1682, 1683, 1684, 1685, 1688, 1691, 1692, 1693, 1694, 1696, 1697, 1698, 1704, 1705, 1706, 1707, 1708, 1709, 1712, 1713, 1714, 1716, 1717, 1718, 1719, 1720, 1721, 1723, 1726, 1728, 1730, 1734, 1735, 1738, 1739, 1746, 1747, 1748, 1749, 1750, 1751, 1752, 1753, 1754, 1755, 1758, 1762, 1764, 1765, 1767, 1768, 1770, 1772, 1773, 1774, 1775, 1777, 1778, 1780, 1781, 1786, 1787, 1788, 1792, 1794, 1795, 1796, 1802, 1803, 1804, 1805, 1808, 1811, 1813, 1818, 1823, 1828, 1829, 1830, 1832, 1833, 1836, 1838, 1842, 1843, 1844, 1845, 1846, 1849, 1850, 1851, 1853, 1855, 1856, 1857, 1859, 1860, 1862, 1864, 1866, 1867, 1875, 1876, 1878, 1881, 1882, 1884, 1885, 1888, 1889, 1891, 1894, 1896, 1899, 1900, 1901, 1902, 1905, 1906, 1908, 1910, 1914, 1916, 1917, 1925, 1930, 1931, 1932, 1934, 1935, 1937, 1938, 1946, 1947, 1948, 1950, 1951, 1953, 1954, 1955, 1956, 1959, 1961, 1962, 1964, 1965, 1974, 1976, 1977, 1978, 1979, 1980, 1982, 1983, 1984, 1985, 1986, 1990, 1991, 1992, 1996, 1997, 2000, 2001, 2004, 2006, 2007, 2008, 2009, 2011, 2012, 2015, 2017, 2022, 2025, 2029, 2031, 2033, 2037, 2041, 2042, 2046, 2047]
node=22 | level=11 | parent=  19 | left=None | right=None | size= 3 | indici originali=[285, 724, 1793]
node=23 | level=12 | parent=  21 | left=None | right=None | size=981 | indici originali=[0, 1, 2, 6, 8, 9, 10, 11, 12, 15, 17, 19, 21, 22, 23, 27, 31, 34, 39, 40, 42, 43, 45, 47, 48, 52, 53, 55, 59, 60, 62, 63, 64, 65, 70, 71, 72, 75, 78, 79, 81, 82, 83, 84, 85, 86, 89, 100, 102, 105, 106, 109, 110, 111, 112, 113, 114, 116, 122, 129, 130, 131, 134, 136, 139, 141, 142, 144, 151, 154, 156, 157, 158, 159, 161, 162, 170, 172, 176, 177, 178, 179, 183, 185, 186, 187, 188, 194, 195, 197, 198, 200, 202, 203, 206, 207, 208, 212, 213, 214, 215, 217, 219, 221, 222, 224, 225, 226, 233, 234, 236, 238, 239, 252, 253, 254, 255, 261, 264, 265, 270, 271, 273, 274, 275, 277, 278, 279, 280, 282, 284, 288, 289, 290, 291, 292, 293, 297, 298, 300, 303, 306, 308, 310, 312, 324, 325, 326, 327, 331, 332, 334, 335, 336, 339, 342, 345, 346, 348, 349, 352, 353, 355, 356, 357, 359, 361, 363, 364, 368, 372, 373, 377, 378, 379, 382, 384, 387, 388, 392, 393, 394, 395, 396, 401, 404, 405, 407, 410, 412, 414, 415, 417, 421, 425, 426, 430, 431, 433, 436, 439, 440, 441, 442, 443, 444, 446, 449, 450, 452, 453, 454, 458, 459, 460, 461, 463, 464, 465, 466, 468, 470, 471, 475, 477, 480, 481, 482, 484, 486, 488, 491, 493, 495, 496, 498, 499, 501, 506, 509, 511, 513, 515, 516, 518, 525, 526, 529, 530, 532, 533, 534, 535, 536, 537, 539, 542, 545, 546, 547, 550, 552, 553, 555, 558, 559, 563, 566, 567, 570, 571, 573, 575, 578, 580, 581, 583, 585, 587, 591, 593, 595, 596, 597, 599, 601, 603, 608, 614, 617, 618, 623, 624, 626, 628, 629, 631, 635, 639, 641, 645, 647, 650, 654, 655, 656, 661, 666, 667, 671, 678, 679, 680, 681, 682, 683, 684, 685, 686, 688, 690, 692, 694, 695, 699, 700, 703, 704, 705, 706, 710, 711, 712, 714, 715, 716, 717, 718, 719, 725, 727, 728, 730, 731, 733, 735, 737, 738, 741, 745, 746, 749, 750, 752, 753, 754, 756, 758, 762, 763, 764, 765, 766, 767, 771, 772, 775, 777, 779, 780, 781, 786, 789, 792, 794, 796, 797, 798, 799, 800, 801, 803, 805, 808, 809, 814, 815, 819, 820, 821, 825, 827, 829, 832, 833, 835, 836, 838, 839, 840, 842, 844, 845, 846, 856, 859, 861, 862, 870, 871, 875, 877, 878, 880, 883, 884, 885, 886, 888, 891, 892, 896, 897, 898, 900, 901, 907, 909, 910, 914, 915, 916, 917, 918, 920, 921, 923, 924, 925, 927, 928, 929, 932, 936, 938, 939, 940, 942, 945, 946, 947, 948, 950, 951, 952, 954, 956, 957, 961, 966, 967, 973, 975, 979, 980, 982, 984, 987, 988, 994, 996, 997, 999, 1002, 1003, 1010, 1013, 1015, 1020, 1023, 1025, 1026, 1027, 1028, 1033, 1034, 1035, 1037, 1038, 1039, 1040, 1042, 1046, 1048, 1049, 1050, 1053, 1058, 1059, 1062, 1063, 1065, 1067, 1070, 1076, 1078, 1079, 1080, 1081, 1082, 1085, 1087, 1088, 1089, 1090, 1096, 1097, 1098, 1099, 1101, 1102, 1103, 1107, 1111, 1112, 1113, 1115, 1116, 1117, 1118, 1119, 1121, 1122, 1125, 1126, 1128, 1129, 1130, 1131, 1132, 1136, 1137, 1138, 1140, 1141, 1142, 1143, 1145, 1147, 1148, 1150, 1156, 1159, 1160, 1162, 1164, 1166, 1169, 1170, 1171, 1172, 1173, 1174, 1176, 1177, 1178, 1181, 1185, 1186, 1188, 1189, 1191, 1192, 1193, 1195, 1196, 1198, 1201, 1202, 1206, 1210, 1211, 1214, 1217, 1218, 1225, 1226, 1228, 1232, 1234, 1237, 1242, 1247, 1253, 1255, 1256, 1257, 1259, 1260, 1261, 1264, 1265, 1267, 1270, 1272, 1275, 1279, 1280, 1283, 1284, 1287, 1288, 1292, 1293, 1296, 1298, 1300, 1301, 1302, 1304, 1305, 1306, 1307, 1308, 1309, 1310, 1311, 1312, 1314, 1317, 1318, 1320, 1321, 1322, 1325, 1330, 1335, 1340, 1341, 1344, 1345, 1346, 1347, 1349, 1351, 1352, 1353, 1354, 1357, 1358, 1359, 1363, 1364, 1365, 1367, 1369, 1370, 1372, 1375, 1376, 1377, 1380, 1382, 1384, 1387, 1388, 1394, 1395, 1397, 1399, 1402, 1403, 1404, 1408, 1410, 1411, 1413, 1414, 1416, 1420, 1421, 1425, 1428, 1432, 1435, 1436, 1437, 1438, 1439, 1440, 1442, 1445, 1446, 1447, 1449, 1450, 1453, 1455, 1457, 1459, 1460, 1464, 1467, 1468, 1469, 1471, 1473, 1474, 1475, 1476, 1477, 1481, 1487, 1489, 1491, 1492, 1493, 1495, 1497, 1498, 1499, 1500, 1507, 1511, 1513, 1515, 1518, 1522, 1526, 1527, 1528, 1530, 1531, 1532, 1533, 1535, 1539, 1541, 1542, 1544, 1549, 1550, 1553, 1555, 1560, 1565, 1566, 1568, 1569, 1571, 1572, 1575, 1577, 1578, 1581, 1582, 1590, 1591, 1595, 1597, 1598, 1599, 1600, 1601, 1603, 1604, 1605, 1607, 1608, 1609, 1610, 1621, 1622, 1623, 1624, 1626, 1627, 1630, 1632, 1633, 1634, 1636, 1640, 1643, 1645, 1650, 1651, 1652, 1653, 1655, 1656, 1658, 1660, 1663, 1664, 1665, 1667, 1670, 1671, 1673, 1676, 1682, 1683, 1684, 1688, 1691, 1692, 1693, 1694, 1696, 1697, 1698, 1704, 1705, 1706, 1707, 1708, 1709, 1712, 1713, 1714, 1716, 1718, 1719, 1720, 1721, 1723, 1726, 1728, 1730, 1734, 1735, 1738, 1739, 1746, 1747, 1748, 1749, 1750, 1751, 1752, 1753, 1754, 1755, 1758, 1762, 1764, 1765, 1767, 1768, 1770, 1772, 1773, 1774, 1775, 1777, 1778, 1780, 1781, 1786, 1787, 1788, 1792, 1794, 1795, 1796, 1802, 1803, 1804, 1805, 1808, 1811, 1813, 1818, 1823, 1828, 1829, 1830, 1832, 1833, 1836, 1838, 1842, 1843, 1844, 1845, 1846, 1849, 1850, 1851, 1853, 1855, 1856, 1857, 1859, 1860, 1862, 1864, 1866, 1867, 1875, 1876, 1878, 1881, 1882, 1884, 1885, 1888, 1889, 1891, 1894, 1896, 1899, 1900, 1901, 1902, 1905, 1906, 1908, 1910, 1914, 1916, 1917, 1925, 1930, 1931, 1932, 1934, 1935, 1937, 1938, 1946, 1947, 1948, 1950, 1951, 1953, 1954, 1955, 1956, 1959, 1961, 1962, 1964, 1965, 1974, 1977, 1978, 1979, 1980, 1982, 1983, 1984, 1985, 1986, 1990, 1991, 1992, 1996, 1997, 2000, 2001, 2004, 2006, 2007, 2008, 2009, 2011, 2012, 2015, 2017, 2022, 2025, 2029, 2031, 2033, 2037, 2041, 2042, 2046, 2047]
node=24 | level=12 | parent=  21 | left=None | right=None | size= 6 | indici originali=[397, 398, 588, 1175, 1519, 1717]
node=25 | level=12 | parent=  21 | left=None | right=None | size= 7 | indici originali=[80, 795, 960, 1235, 1666, 1685, 1976]
node=26 | level=2 | parent=   2 | left=  28 | right=  29 | size=992 | indici originali=[3, 4, 5, 7, 13, 14, 16, 18, 20, 25, 26, 28, 29, 30, 32, 33, 35, 36, 38, 44, 46, 50, 51, 54, 56, 57, 58, 61, 66, 67, 68, 69, 73, 74, 76, 77, 87, 88, 90, 91, 92, 93, 94, 95, 96, 97, 99, 101, 103, 104, 107, 108, 115, 117, 118, 119, 120, 121, 123, 124, 125, 126, 127, 128, 132, 133, 135, 137, 138, 140, 143, 145, 146, 147, 148, 149, 150, 152, 153, 155, 160, 163, 164, 165, 166, 167, 168, 169, 171, 173, 174, 175, 180, 181, 182, 184, 189, 190, 191, 192, 193, 196, 199, 201, 204, 205, 209, 210, 211, 216, 218, 220, 223, 227, 228, 229, 230, 231, 232, 235, 237, 240, 241, 242, 243, 244, 245, 246, 247, 248, 249, 250, 251, 256, 257, 258, 259, 260, 263, 266, 267, 268, 269, 272, 276, 283, 286, 287, 295, 296, 299, 301, 304, 305, 307, 309, 311, 313, 314, 315, 316, 317, 318, 320, 321, 322, 323, 328, 329, 333, 338, 340, 341, 343, 344, 347, 350, 351, 354, 358, 360, 362, 365, 366, 367, 369, 370, 371, 376, 380, 381, 383, 385, 386, 389, 390, 391, 399, 400, 402, 403, 408, 409, 411, 413, 418, 419, 420, 422, 423, 424, 427, 428, 429, 432, 434, 435, 437, 438, 445, 447, 451, 455, 456, 457, 467, 469, 472, 473, 474, 476, 478, 479, 483, 485, 487, 489, 490, 492, 494, 497, 500, 502, 503, 504, 505, 507, 508, 510, 512, 514, 517, 519, 520, 521, 523, 524, 528, 531, 538, 540, 541, 543, 544, 548, 549, 551, 554, 556, 557, 560, 561, 562, 564, 565, 568, 569, 572, 574, 576, 577, 579, 582, 584, 586, 589, 590, 592, 594, 598, 600, 602, 604, 605, 606, 607, 609, 610, 611, 612, 613, 615, 616, 619, 620, 621, 625, 627, 630, 632, 633, 634, 636, 637, 638, 640, 642, 643, 644, 646, 648, 649, 651, 652, 653, 657, 658, 659, 660, 662, 663, 664, 665, 668, 669, 670, 672, 673, 674, 675, 676, 677, 687, 689, 691, 693, 697, 698, 701, 702, 707, 708, 709, 713, 720, 721, 722, 723, 726, 729, 732, 734, 736, 739, 740, 742, 743, 744, 747, 748, 751, 755, 757, 759, 760, 761, 768, 769, 770, 773, 774, 776, 778, 783, 784, 785, 787, 788, 790, 791, 793, 802, 804, 806, 807, 810, 811, 812, 813, 816, 817, 818, 822, 823, 824, 826, 828, 830, 831, 834, 837, 841, 843, 847, 848, 849, 850, 851, 852, 853, 854, 855, 857, 858, 860, 863, 864, 866, 867, 868, 869, 872, 873, 874, 876, 879, 881, 882, 887, 889, 890, 893, 894, 899, 902, 903, 904, 905, 906, 908, 911, 912, 913, 919, 922, 926, 930, 931, 933, 934, 935, 937, 941, 943, 944, 949, 953, 958, 959, 962, 963, 964, 965, 968, 969, 970, 971, 972, 974, 976, 977, 978, 981, 983, 985, 986, 989, 990, 991, 992, 993, 995, 998, 1000, 1001, 1004, 1005, 1006, 1007, 1008, 1009, 1011, 1012, 1014, 1016, 1017, 1018, 1019, 1021, 1022, 1024, 1029, 1030, 1031, 1032, 1036, 1043, 1044, 1045, 1047, 1051, 1052, 1054, 1055, 1056, 1057, 1060, 1061, 1064, 1066, 1068, 1069, 1071, 1072, 1073, 1074, 1075, 1077, 1083, 1084, 1086, 1091, 1092, 1093, 1094, 1095, 1100, 1104, 1105, 1106, 1108, 1109, 1110, 1114, 1120, 1123, 1127, 1133, 1134, 1135, 1139, 1146, 1149, 1151, 1152, 1153, 1154, 1155, 1157, 1158, 1161, 1163, 1168, 1179, 1180, 1182, 1183, 1184, 1187, 1190, 1194, 1199, 1200, 1203, 1204, 1205, 1208, 1209, 1212, 1216, 1219, 1220, 1222, 1223, 1224, 1227, 1229, 1230, 1231, 1233, 1236, 1238, 1239, 1240, 1241, 1243, 1244, 1246, 1248, 1249, 1250, 1251, 1252, 1254, 1258, 1262, 1263, 1266, 1268, 1269, 1271, 1273, 1274, 1276, 1277, 1278, 1281, 1282, 1285, 1286, 1289, 1290, 1294, 1295, 1297, 1299, 1303, 1313, 1315, 1316, 1319, 1323, 1324, 1326, 1327, 1328, 1329, 1331, 1332, 1333, 1334, 1336, 1337, 1338, 1339, 1342, 1343, 1348, 1355, 1356, 1360, 1361, 1362, 1366, 1368, 1371, 1373, 1374, 1378, 1379, 1381, 1383, 1385, 1386, 1389, 1391, 1392, 1393, 1396, 1398, 1400, 1401, 1405, 1406, 1407, 1409, 1415, 1417, 1418, 1422, 1423, 1424, 1426, 1427, 1429, 1430, 1431, 1433, 1434, 1441, 1443, 1444, 1448, 1451, 1452, 1454, 1456, 1458, 1462, 1463, 1465, 1466, 1470, 1472, 1478, 1479, 1480, 1482, 1483, 1484, 1485, 1486, 1488, 1490, 1494, 1496, 1501, 1502, 1503, 1504, 1505, 1506, 1508, 1509, 1510, 1512, 1514, 1516, 1517, 1520, 1521, 1524, 1525, 1529, 1536, 1537, 1538, 1540, 1543, 1545, 1546, 1547, 1548, 1551, 1552, 1554, 1556, 1557, 1558, 1559, 1561, 1563, 1564, 1567, 1570, 1573, 1574, 1576, 1579, 1580, 1583, 1584, 1585, 1586, 1587, 1588, 1589, 1592, 1593, 1594, 1596, 1602, 1611, 1612, 1613, 1615, 1616, 1617, 1618, 1619, 1620, 1625, 1628, 1629, 1631, 1635, 1637, 1638, 1639, 1641, 1642, 1644, 1646, 1647, 1648, 1649, 1654, 1657, 1659, 1661, 1662, 1668, 1669, 1672, 1674, 1675, 1677, 1678, 1679, 1680, 1681, 1686, 1687, 1689, 1690, 1695, 1699, 1700, 1701, 1702, 1703, 1710, 1711, 1715, 1722, 1724, 1725, 1727, 1729, 1731, 1732, 1733, 1736, 1737, 1740, 1741, 1742, 1743, 1744, 1745, 1756, 1757, 1759, 1760, 1761, 1763, 1766, 1769, 1771, 1776, 1779, 1782, 1783, 1784, 1785, 1789, 1790, 1797, 1798, 1799, 1800, 1801, 1806, 1807, 1809, 1810, 1812, 1814, 1815, 1817, 1819, 1820, 1822, 1824, 1825, 1826, 1827, 1831, 1834, 1835, 1837, 1839, 1840, 1841, 1847, 1848, 1852, 1854, 1858, 1861, 1863, 1865, 1868, 1869, 1871, 1872, 1873, 1874, 1877, 1879, 1880, 1886, 1887, 1890, 1893, 1895, 1897, 1898, 1903, 1904, 1909, 1911, 1912, 1913, 1915, 1918, 1919, 1920, 1921, 1922, 1923, 1924, 1926, 1927, 1928, 1929, 1933, 1936, 1939, 1940, 1941, 1942, 1943, 1944, 1945, 1949, 1952, 1957, 1958, 1960, 1963, 1966, 1967, 1968, 1969, 1970, 1971, 1972, 1973, 1975, 1981, 1987, 1988, 1989, 1993, 1994, 1995, 1998, 1999, 2002, 2003, 2010, 2013, 2016, 2019, 2020, 2021, 2023, 2024, 2026, 2027, 2028, 2030, 2032, 2034, 2035, 2036, 2038, 2039, 2040, 2043, 2044]
node=27 | level=2 | parent=   2 | left=None | right=None | size= 2 | indici originali=[1461, 2018]
node=28 | level=3 | parent=  26 | left=None | right=None | size=986 | indici originali=[3, 4, 5, 7, 13, 14, 16, 18, 20, 25, 26, 28, 29, 30, 32, 33, 35, 36, 38, 46, 50, 51, 54, 57, 58, 61, 66, 67, 68, 69, 73, 74, 76, 77, 87, 88, 90, 91, 92, 93, 94, 95, 96, 97, 101, 103, 104, 107, 108, 115, 117, 118, 119, 120, 123, 124, 125, 126, 127, 128, 132, 133, 135, 137, 138, 140, 143, 145, 146, 147, 148, 149, 150, 152, 153, 155, 160, 163, 164, 165, 166, 167, 168, 169, 171, 173, 174, 175, 180, 181, 182, 184, 189, 190, 191, 192, 193, 196, 199, 201, 204, 205, 209, 210, 211, 216, 218, 220, 223, 227, 228, 229, 230, 231, 232, 235, 237, 240, 241, 242, 243, 244, 245, 246, 247, 248, 249, 250, 251, 256, 257, 258, 259, 260, 263, 266, 267, 268, 269, 272, 276, 283, 286, 287, 295, 296, 299, 301, 304, 305, 309, 311, 313, 314, 315, 316, 317, 318, 320, 321, 322, 323, 328, 329, 333, 338, 340, 341, 343, 344, 347, 350, 351, 354, 358, 360, 362, 365, 366, 367, 369, 370, 371, 376, 380, 381, 383, 385, 386, 389, 390, 391, 399, 400, 402, 403, 408, 409, 411, 413, 418, 419, 420, 422, 423, 424, 427, 428, 429, 432, 434, 435, 437, 438, 445, 447, 451, 455, 456, 457, 467, 469, 472, 473, 474, 476, 478, 479, 483, 485, 487, 489, 490, 492, 494, 497, 500, 502, 503, 504, 505, 507, 508, 510, 512, 514, 517, 519, 520, 521, 523, 524, 528, 531, 538, 540, 541, 543, 544, 548, 549, 551, 554, 556, 557, 560, 561, 562, 564, 565, 568, 569, 572, 574, 576, 577, 579, 582, 584, 586, 589, 590, 592, 594, 598, 600, 602, 604, 605, 606, 607, 609, 610, 611, 612, 613, 615, 616, 619, 620, 621, 625, 627, 630, 632, 633, 634, 636, 637, 638, 640, 642, 643, 644, 646, 648, 649, 651, 652, 653, 657, 658, 659, 660, 662, 663, 664, 665, 668, 669, 670, 672, 673, 674, 675, 676, 677, 687, 689, 691, 693, 697, 698, 701, 702, 707, 708, 709, 713, 720, 721, 722, 723, 726, 729, 732, 734, 736, 739, 740, 742, 743, 744, 747, 748, 751, 755, 757, 759, 760, 761, 768, 769, 770, 773, 774, 776, 778, 783, 784, 785, 787, 788, 790, 791, 793, 802, 804, 806, 807, 810, 811, 812, 813, 816, 817, 818, 822, 823, 824, 826, 828, 830, 831, 834, 837, 841, 843, 847, 848, 849, 850, 851, 852, 853, 854, 855, 857, 858, 860, 863, 864, 866, 867, 868, 869, 872, 873, 874, 876, 879, 881, 882, 887, 889, 890, 893, 894, 899, 902, 903, 904, 905, 906, 908, 911, 912, 913, 919, 922, 926, 930, 931, 933, 934, 935, 937, 941, 943, 944, 949, 953, 958, 959, 962, 963, 964, 965, 968, 969, 970, 971, 972, 974, 976, 977, 978, 981, 983, 985, 986, 989, 990, 991, 992, 993, 995, 998, 1000, 1001, 1004, 1005, 1006, 1007, 1008, 1009, 1011, 1012, 1014, 1016, 1017, 1018, 1019, 1021, 1022, 1024, 1029, 1030, 1031, 1032, 1036, 1043, 1044, 1045, 1047, 1051, 1052, 1054, 1055, 1056, 1057, 1060, 1061, 1064, 1066, 1068, 1069, 1071, 1072, 1073, 1074, 1075, 1077, 1083, 1084, 1086, 1091, 1092, 1093, 1094, 1095, 1100, 1104, 1105, 1106, 1108, 1109, 1110, 1114, 1120, 1123, 1127, 1133, 1134, 1135, 1139, 1146, 1149, 1151, 1152, 1153, 1154, 1155, 1157, 1158, 1161, 1163, 1168, 1179, 1180, 1182, 1183, 1184, 1187, 1190, 1194, 1199, 1200, 1203, 1204, 1205, 1208, 1209, 1212, 1216, 1219, 1220, 1222, 1223, 1224, 1227, 1229, 1230, 1231, 1233, 1236, 1238, 1239, 1240, 1241, 1243, 1244, 1246, 1248, 1249, 1250, 1251, 1252, 1254, 1258, 1262, 1263, 1266, 1268, 1269, 1271, 1273, 1274, 1276, 1277, 1278, 1281, 1282, 1285, 1286, 1289, 1290, 1294, 1295, 1297, 1299, 1303, 1313, 1315, 1316, 1319, 1323, 1324, 1326, 1327, 1328, 1329, 1331, 1332, 1333, 1334, 1336, 1337, 1338, 1339, 1342, 1343, 1348, 1355, 1356, 1360, 1361, 1362, 1366, 1368, 1371, 1373, 1374, 1378, 1379, 1381, 1383, 1385, 1386, 1389, 1391, 1392, 1393, 1396, 1398, 1400, 1401, 1405, 1406, 1407, 1409, 1415, 1417, 1418, 1422, 1423, 1424, 1426, 1427, 1429, 1431, 1433, 1434, 1441, 1443, 1444, 1448, 1451, 1452, 1454, 1456, 1458, 1462, 1463, 1465, 1466, 1470, 1472, 1478, 1479, 1480, 1482, 1483, 1484, 1485, 1486, 1488, 1490, 1494, 1496, 1501, 1502, 1503, 1504, 1505, 1506, 1508, 1509, 1510, 1512, 1514, 1516, 1517, 1520, 1521, 1524, 1525, 1529, 1536, 1537, 1538, 1540, 1543, 1545, 1546, 1547, 1548, 1551, 1552, 1554, 1556, 1557, 1558, 1559, 1561, 1563, 1564, 1567, 1570, 1573, 1574, 1576, 1579, 1580, 1583, 1584, 1585, 1586, 1587, 1588, 1589, 1592, 1593, 1594, 1596, 1602, 1611, 1612, 1613, 1615, 1616, 1617, 1618, 1619, 1620, 1625, 1628, 1629, 1631, 1635, 1637, 1638, 1639, 1641, 1642, 1644, 1646, 1647, 1648, 1649, 1654, 1657, 1659, 1661, 1662, 1668, 1669, 1672, 1674, 1675, 1677, 1678, 1679, 1680, 1681, 1686, 1687, 1689, 1690, 1695, 1699, 1700, 1701, 1702, 1703, 1710, 1711, 1715, 1722, 1724, 1725, 1727, 1729, 1731, 1732, 1733, 1736, 1737, 1740, 1741, 1742, 1743, 1744, 1745, 1756, 1757, 1759, 1760, 1761, 1763, 1766, 1769, 1771, 1776, 1779, 1782, 1783, 1784, 1785, 1789, 1790, 1797, 1798, 1799, 1800, 1801, 1806, 1807, 1809, 1810, 1812, 1814, 1815, 1817, 1819, 1820, 1822, 1824, 1825, 1826, 1827, 1831, 1834, 1835, 1837, 1839, 1840, 1841, 1847, 1848, 1852, 1854, 1858, 1861, 1863, 1865, 1868, 1869, 1871, 1872, 1873, 1874, 1877, 1879, 1880, 1886, 1887, 1890, 1893, 1895, 1897, 1898, 1903, 1904, 1909, 1911, 1912, 1913, 1915, 1918, 1919, 1920, 1921, 1922, 1923, 1924, 1926, 1927, 1928, 1929, 1933, 1936, 1939, 1940, 1941, 1942, 1943, 1944, 1945, 1949, 1952, 1957, 1958, 1960, 1963, 1966, 1967, 1968, 1969, 1970, 1971, 1972, 1973, 1975, 1981, 1987, 1988, 1989, 1993, 1994, 1995, 1998, 1999, 2002, 2003, 2010, 2013, 2016, 2019, 2020, 2021, 2023, 2024, 2026, 2027, 2028, 2030, 2032, 2034, 2035, 2036, 2038, 2039, 2040, 2043, 2044]
node=29 | level=3 | parent=  26 | left=None | right=None | size= 6 | indici originali=[44, 56, 99, 121, 307, 1430]
End: Thu Aug  6 15:26:45 CEST 2026
