Job ID: 78259
Node: acnode03.e4red
CUDA_VISIBLE_DEVICES=0
Start: Fri Aug  7 16:20:26 CEST 2026
density: 100.0

========================================================================
MATRICE QUBO ORIGINALE
========================================================================
Shape                 : (2048, 2048)
Numero di variabili   : 2048
Numero di cluster     : 16
Dimensione dei blocchi: 128
Matrice simmetrica    : True
Cluster ottimali      : [array([   2,   14,   25,   45,   67,   73,   99,  104,  109,  162,  179,  195,  231,  249,  252,  277,  279,  281,  305,  308,  316,  321,
        329,  341,  379,  383,  398,  442,  445,  483,  555,  576,  579,  583,  594,  668,  682,  687,  693,  697,  727,  732,  737,  745,
        754,  772,  773,  833,  834,  859,  899,  940,  941,  998, 1039, 1042, 1071, 1072, 1077, 1095, 1096, 1100, 1105, 1109, 1111, 1134,
       1136, 1145, 1146, 1147, 1149, 1151, 1159, 1171, 1175, 1177, 1191, 1197, 1198, 1205, 1210, 1224, 1228, 1241, 1288, 1294, 1316, 1318,
       1332, 1361, 1379, 1390, 1397, 1419, 1425, 1433, 1462, 1476, 1510, 1516, 1526, 1534, 1553, 1566, 1568, 1595, 1596, 1623, 1641, 1647,
       1681, 1688, 1697, 1753, 1775, 1776, 1851, 1881, 1895, 1916, 1918, 1965, 1972, 1979, 1986, 2013, 2033, 2038]), array([  30,   36,   71,   96,  120,  126,  137,  147,  172,  186,  193,  198,  228,  232,  240,  254,  286,  287,  299,  309,  343,  361,
        375,  388,  428,  446,  472,  481,  498,  500,  515,  532,  533,  545,  564,  614,  620,  661,  665,  724,  736,  741,  758,  769,
        775,  784,  800,  814,  844,  846,  870,  881,  885,  895,  902,  913,  926,  944,  951,  971,  997, 1000, 1013, 1022, 1025, 1032,
       1045, 1047, 1067, 1073, 1114, 1115, 1125, 1148, 1154, 1155, 1158, 1165, 1166, 1187, 1194, 1231, 1232, 1244, 1295, 1314, 1337, 1350,
       1383, 1405, 1444, 1470, 1486, 1549, 1580, 1586, 1603, 1609, 1620, 1640, 1646, 1667, 1674, 1689, 1692, 1703, 1717, 1728, 1738, 1742,
       1746, 1755, 1758, 1773, 1863, 1892, 1893, 1897, 1923, 1925, 1945, 1946, 1964, 1978, 1984, 2000, 2012, 2028]), array([  16,   51,   72,   75,   95,   98,  105,  124,  139,  142,  157,  163,  189,  196,  199,  212,  214,  219,  223,  241,  250,  258,
        259,  268,  272,  290,  344,  357,  358,  366,  367,  386,  392,  394,  425,  435,  444,  449,  475,  488,  492,  493,  497,  513,
        518,  540,  544,  550,  577,  608,  613,  634,  657,  659,  673,  690,  696,  705,  718,  748,  761,  767,  771,  792,  804,  808,
        811,  825,  830,  838,  862,  865,  873,  936,  953,  961,  973,  975,  991,  993, 1003, 1008, 1017, 1028, 1058, 1085, 1094, 1102,
       1108, 1112, 1138, 1140, 1189, 1234, 1268, 1271, 1303, 1330, 1378, 1395, 1435, 1447, 1448, 1463, 1467, 1520, 1521, 1537, 1545, 1548,
       1565, 1610, 1636, 1711, 1713, 1749, 1750, 1802, 1900, 1901, 1922, 1929, 1933, 1943, 1980, 2017, 2024, 2035]), array([   6,    8,   31,   32,   38,   56,   77,  110,  129,  130,  169,  175,  181,  191,  203,  246,  251,  253,  263,  326,  387,  406,
        409,  414,  426,  453,  459,  468,  470,  471,  490,  496,  504,  512,  516,  521,  562,  585,  599,  601,  610,  655,  674,  702,
        703,  719,  730,  746,  750,  774,  782,  805,  809,  827,  898,  900,  903,  905,  911,  914,  930,  946,  972, 1035, 1041, 1061,
       1167, 1176, 1186, 1201, 1220, 1242, 1246, 1251, 1256, 1301, 1304, 1309, 1329, 1343, 1377, 1381, 1382, 1407, 1414, 1420, 1430, 1434,
       1468, 1469, 1498, 1540, 1560, 1563, 1564, 1573, 1585, 1611, 1619, 1643, 1651, 1677, 1690, 1701, 1718, 1725, 1731, 1736, 1752, 1768,
       1788, 1849, 1864, 1867, 1885, 1886, 1902, 1904, 1921, 1939, 1949, 1967, 1982, 2006, 2008, 2015, 2020, 2037]), array([   7,   76,   79,   81,   84,  101,  103,  106,  107,  111,  143,  144,  188,  190,  209,  224,  226,  229,  238,  239,  276,  306,
        327,  353,  369,  376,  382,  389,  395,  400,  438,  440,  451,  460,  461,  501,  508,  510,  519,  520,  523,  528,  529,  547,
        549,  593,  626,  627,  637,  638,  650,  662,  669,  685,  686,  743,  762,  768,  791,  798,  812,  816,  867,  890,  891,  894,
        912,  915,  931,  935,  963,  983, 1016, 1021, 1024, 1033, 1044, 1046, 1062, 1064, 1074, 1098, 1101, 1104, 1124, 1128, 1130, 1150,
       1162, 1261, 1347, 1363, 1389, 1418, 1423, 1451, 1461, 1491, 1499, 1503, 1504, 1519, 1552, 1575, 1590, 1593, 1608, 1616, 1627, 1656,
       1685, 1710, 1722, 1741, 1811, 1812, 1833, 1835, 1841, 1843, 1853, 1875, 1905, 1913, 1955, 1975, 1981, 1996]), array([   1,   24,   42,   55,   62,   74,   88,  112,  116,  117,  156,  170,  204,  235,  245,  247,  275,  289,  304,  350,  381,  390,
        402,  423,  431,  439,  479,  514,  526,  556,  570,  581,  584,  632,  636,  675,  688,  710,  734,  735,  753,  756,  764,  810,
        840,  854,  866,  880,  907,  925,  952, 1001, 1007, 1026, 1030, 1056, 1059, 1093, 1103, 1126, 1137, 1173, 1184, 1193, 1202, 1212,
       1225, 1243, 1257, 1260, 1263, 1269, 1274, 1292, 1313, 1317, 1348, 1349, 1351, 1375, 1376, 1399, 1404, 1408, 1409, 1412, 1429, 1439,
       1442, 1456, 1482, 1493, 1512, 1517, 1522, 1555, 1562, 1567, 1576, 1591, 1629, 1648, 1654, 1719, 1734, 1743, 1774, 1777, 1797, 1803,
       1806, 1830, 1834, 1846, 1855, 1868, 1873, 1879, 1880, 1910, 1924, 1931, 1948, 1950, 1987, 1998, 2003, 2011]), array([  23,   47,   82,   87,   90,   93,  119,  134,  184,  197,  216,  256,  267,  280,  284,  315,  318,  334,  352,  354,  355,  419,
        484,  524,  535,  548,  557,  569,  588,  595,  609,  618,  623,  624,  628,  645,  698,  699,  709,  711,  713,  776,  820,  831,
        837,  842,  857,  863,  872,  889,  921,  929,  933,  959,  960,  981, 1010, 1011, 1014, 1031, 1052, 1075, 1106, 1118, 1143, 1157,
       1169, 1215, 1227, 1229, 1245, 1259, 1273, 1287, 1290, 1299, 1306, 1307, 1321, 1366, 1372, 1374, 1392, 1416, 1426, 1443, 1445, 1454,
       1490, 1502, 1509, 1515, 1524, 1525, 1530, 1531, 1543, 1556, 1571, 1583, 1588, 1638, 1665, 1670, 1672, 1707, 1748, 1757, 1771, 1829,
       1856, 1860, 1865, 1866, 1882, 1890, 1926, 1928, 1941, 1966, 1977, 1985, 1992, 2010, 2021, 2025, 2030, 2045]), array([  15,   17,   22,   29,   78,  100,  113,  114,  115,  131,  151,  155,  202,  215,  220,  266,  270,  296,  317,  320,  332,  345,
        363,  371,  384,  401,  411,  424,  443,  454,  456,  457,  463,  480,  495,  502,  507,  509,  539,  543,  561,  580,  582,  587,
        606,  607,  633,  646,  695,  701,  714,  723,  738,  755,  795,  815,  826,  841,  852,  856,  868,  879,  888,  897,  901,  938,
        964,  987, 1006, 1034, 1048, 1156, 1164, 1180, 1185, 1247, 1248, 1255, 1272, 1276, 1297, 1336, 1342, 1344, 1358, 1367, 1402, 1406,
       1422, 1453, 1471, 1474, 1477, 1484, 1523, 1529, 1535, 1541, 1561, 1569, 1574, 1587, 1600, 1601, 1605, 1631, 1634, 1668, 1673, 1698,
       1705, 1724, 1732, 1745, 1779, 1810, 1831, 1852, 1877, 1889, 1896, 1935, 1944, 1957, 1974, 1999, 2002, 2018]), array([  10,   11,   12,   40,   41,   46,   48,   80,   83,   91,  102,  125,  127,  138,  140,  206,  234,  273,  311,  330,  348,  359,
        362,  377,  420,  429,  433,  436,  448,  462,  469,  527,  578,  590,  600,  616,  640,  660,  679,  691,  716,  720,  721,  742,
        797,  799,  849,  861,  864,  874,  882,  883,  886,  887,  924,  945,  986, 1002, 1051, 1066, 1070, 1088, 1089, 1107, 1113, 1119,
       1132, 1207, 1208, 1214, 1233, 1236, 1266, 1267, 1275, 1296, 1305, 1315, 1324, 1345, 1346, 1360, 1368, 1384, 1415, 1436, 1450, 1478,
       1479, 1487, 1500, 1501, 1508, 1514, 1542, 1550, 1558, 1578, 1582, 1604, 1618, 1625, 1649, 1678, 1687, 1695, 1700, 1739, 1790, 1837,
       1842, 1862, 1871, 1887, 1888, 1894, 1908, 1920, 1927, 1954, 1958, 1963, 2007, 2031, 2040, 2042, 2043, 2047]), array([   5,   18,   53,   54,   70,   97,  123,  133,  159,  164,  177,  194,  210,  211,  274,  288,  310,  319,  335,  365,  368,  374,
        413,  432,  437,  447,  466,  467,  494,  506,  511,  531,  551,  565,  567,  596,  631,  644,  647,  648,  651,  678,  684,  725,
        760,  765,  770,  778,  780,  787,  807,  818,  829,  835,  843,  947,  954,  977, 1012, 1036, 1040, 1049, 1054, 1065, 1079, 1090,
       1131, 1152, 1168, 1170, 1179, 1254, 1262, 1283, 1286, 1289, 1300, 1320, 1325, 1331, 1333, 1339, 1340, 1354, 1359, 1364, 1365, 1431,
       1437, 1457, 1458, 1464, 1472, 1494, 1497, 1532, 1551, 1559, 1579, 1598, 1621, 1622, 1658, 1659, 1669, 1679, 1727, 1740, 1754, 1765,
       1792, 1799, 1816, 1818, 1838, 1840, 1844, 1854, 1870, 1907, 1911, 1919, 1936, 1990, 1993, 2016, 2019, 2036]), array([   9,   20,   39,   50,   60,   64,   66,   94,  136,  146,  150,  166,  174,  176,  180,  192,  227,  230,  257,  262,  297,  298,
        307,  393,  397,  422,  427,  455,  476,  487,  499,  525,  538,  553,  566,  568,  621,  643,  652,  656,  664,  676,  680,  726,
        739,  757,  763,  766,  802,  853,  869,  884,  910,  918,  949,  969,  976,  982,  988,  995, 1020, 1037, 1043, 1057, 1069, 1078,
       1083, 1084, 1091, 1116, 1133, 1135, 1142, 1174, 1203, 1206, 1211, 1217, 1222, 1223, 1226, 1230, 1240, 1252, 1280, 1291, 1322, 1326,
       1327, 1334, 1370, 1391, 1396, 1413, 1432, 1452, 1465, 1481, 1495, 1527, 1546, 1557, 1589, 1597, 1645, 1650, 1663, 1704, 1715, 1735,
       1737, 1786, 1796, 1807, 1808, 1813, 1814, 1820, 1823, 1912, 1971, 1973, 1976, 1983, 2014, 2026, 2032, 2044]), array([   0,    3,   19,   21,   37,   49,   89,  108,  132,  135,  152,  165,  187,  207,  217,  218,  225,  236,  248,  260,  265,  285,
        291,  312,  314,  323,  333,  349,  396,  403,  404,  405,  473,  482,  489,  503,  530,  560,  571,  572,  602,  611,  619,  639,
        653,  654,  666,  683,  704,  715,  728,  779,  793,  803,  821,  824,  847,  851,  892,  920,  967,  980, 1005, 1050, 1080, 1097,
       1160, 1195, 1199, 1219, 1235, 1238, 1250, 1264, 1281, 1310, 1311, 1312, 1341, 1356, 1388, 1393, 1401, 1417, 1459, 1485, 1492, 1505,
       1511, 1581, 1624, 1633, 1660, 1661, 1682, 1683, 1716, 1744, 1756, 1759, 1767, 1783, 1784, 1785, 1789, 1804, 1805, 1815, 1819, 1821,
       1848, 1859, 1898, 1906, 1909, 1938, 1951, 1956, 1959, 1968, 1969, 1989, 1991, 2004, 2022, 2023, 2034, 2046]), array([  13,   33,   34,   44,   68,   69,  141,  145,  160,  161,  168,  171,  183,  201,  213,  221,  243,  303,  324,  328,  331,  337,
        340,  346,  351,  378,  385,  407,  416,  417,  452,  458,  474,  478,  485,  558,  597,  598,  617,  630,  635,  642,  649,  667,
        670,  672,  677,  722,  733,  740,  749,  751,  777,  785,  789,  790,  801,  819,  836,  839,  845,  850,  875,  876,  878,  893,
        927,  955,  957,  958,  968,  974,  992,  994, 1009, 1018, 1060, 1092, 1122, 1127, 1129, 1153, 1161, 1183, 1188, 1190, 1204, 1218,
       1270, 1277, 1279, 1293, 1362, 1387, 1398, 1403, 1411, 1427, 1446, 1473, 1480, 1507, 1538, 1547, 1554, 1628, 1630, 1637, 1666, 1708,
       1714, 1747, 1766, 1772, 1780, 1781, 1794, 1822, 1827, 1857, 1861, 1878, 1884, 1947, 1961, 1994, 2009, 2039]), array([  27,   35,   58,   59,   92,  148,  167,  173,  178,  182,  233,  237,  244,  271,  293,  295,  301,  302,  336,  338,  339,  342,
        370,  391,  408,  410,  412,  415,  418,  421,  505,  537,  554,  591,  603,  612,  615,  629,  641,  681,  692,  694,  700,  712,
        717,  744,  747,  781,  788,  813,  817,  858,  860,  896,  917,  919,  928,  932,  950,  985,  990,  996, 1023, 1029, 1076, 1086,
       1120, 1123, 1182, 1200, 1249, 1253, 1282, 1284, 1285, 1353, 1355, 1357, 1373, 1380, 1385, 1438, 1440, 1455, 1488, 1513, 1536, 1584,
       1607, 1612, 1613, 1615, 1632, 1639, 1652, 1657, 1662, 1671, 1680, 1684, 1694, 1702, 1706, 1712, 1729, 1760, 1763, 1770, 1782, 1791,
       1795, 1801, 1809, 1839, 1845, 1850, 1858, 1876, 1883, 1903, 1930, 1932, 1934, 1937, 2005, 2027, 2029, 2041]), array([   4,   26,   28,   57,   61,   65,  121,  128,  149,  154,  200,  255,  264,  283,  292,  356,  360,  364,  399,  441,  477,  486,
        491,  546,  552,  573,  592,  622,  625,  658,  663,  671,  706,  708,  731,  752,  786,  822,  823,  848,  855,  871,  877,  904,
        906,  909,  922,  934,  937,  942,  948,  965,  970,  979,  984, 1004, 1015, 1019, 1027, 1038, 1068, 1081, 1082, 1087, 1099, 1117,
       1139, 1141, 1163, 1178, 1181, 1192, 1209, 1213, 1221, 1237, 1265, 1278, 1302, 1335, 1369, 1371, 1386, 1400, 1410, 1466, 1483, 1506,
       1539, 1544, 1570, 1572, 1592, 1614, 1642, 1655, 1664, 1675, 1676, 1686, 1696, 1699, 1723, 1726, 1751, 1769, 1787, 1793, 1798, 1800,
       1824, 1828, 1832, 1836, 1847, 1872, 1891, 1899, 1914, 1915, 1917, 1942, 1952, 1953, 1960, 1988, 1995, 2001]), array([  43,   52,   63,   85,   86,  118,  122,  153,  158,  185,  205,  208,  222,  242,  261,  269,  278,  282,  294,  300,  313,  322,
        325,  347,  372,  373,  380,  430,  434,  450,  464,  465,  517,  522,  534,  536,  541,  542,  559,  563,  574,  575,  586,  589,
        604,  605,  689,  707,  729,  759,  783,  794,  796,  806,  828,  832,  908,  916,  923,  939,  943,  956,  962,  966,  978,  989,
        999, 1053, 1055, 1063, 1110, 1121, 1144, 1172, 1196, 1216, 1239, 1258, 1298, 1308, 1319, 1323, 1328, 1338, 1352, 1394, 1421, 1424,
       1428, 1441, 1449, 1460, 1475, 1489, 1496, 1518, 1528, 1533, 1577, 1594, 1599, 1602, 1606, 1617, 1626, 1635, 1644, 1653, 1691, 1693,
       1709, 1720, 1721, 1730, 1733, 1761, 1762, 1764, 1778, 1817, 1825, 1826, 1869, 1874, 1940, 1962, 1970, 1997])]
[GMC-CPU] iter=1 components=1 consecutive=0lambda=2eigenvalues=[8.670766369004108e-16, 0.02422513724210155, 0.025230164880984906, 0.02565022037065916, 0.026884198611032743, 0.027992028483311643, 0.028228886633379715, 0.02950302355412591, 0.030608387718433158, 0.0313338009951319, 0.031553068289295216, 0.03347236585846944, 0.034858011020969776, 0.038089544584503296, 0.039619572785000834, 0.04027725568105632]
[GMC-CPU] iter=2 components=1 consecutive=1lambda=4eigenvalues=[2.6802127659684324e-16, 0.021394139580930303, 0.022064701793571097, 0.02255140117878779, 0.02363157572459739, 0.024682177360604705, 0.0247897355506818, 0.02598211277597378, 0.027239203609289803, 0.02781904869295531, 0.02807968857567194, 0.029614077809830497, 0.03139228352115623, 0.03421015972384459, 0.035493912934310014, 0.03618993626283542]
[GMC-CPU] iter=3 components=1 consecutive=2lambda=8eigenvalues=[8.855327814086007e-16, 0.016477670398251827, 0.01688252235879633, 0.017236331017643686, 0.01815091914358296, 0.018939135505017426, 0.01931131872406005, 0.020134953732851173, 0.02152005534275114, 0.021940522009859548, 0.022104708722082953, 0.02322645598912851, 0.025125685736385996, 0.027473369930281905, 0.028268316117554863, 0.029250298533988056]
[GMC-CPU] iter=4 components=1 consecutive=3lambda=16eigenvalues=[-1.1557093055244595e-16, 0.009068071212359429, 0.009339097192123974, 0.009477194794483189, 0.010205315708108655, 0.010548916127393507, 0.011224524037420858, 0.011661280935043098, 0.01286605994651652, 0.013025429279176527, 0.013557420724925977, 0.013623413990486898, 0.015389809612671973, 0.016684783565757543, 0.01750802152880863, 0.01890975960739095]
[GMC-CPU] iter=5 components=1 consecutive=4lambda=32eigenvalues=[-3.8890002162554134e-16, 0.0017217494950048733, 0.0020401412977681284, 0.0025314504201864475, 0.002688983676668184, 0.002742735426678118, 0.0027981324839592148, 0.003264950925989057, 0.0034714829621542353, 0.0038239906798767853, 0.00407164018308919, 0.004517795449753015, 0.005077540325996427, 0.005604530131387915, 0.006929280690551103, 0.007070070145124062]
[GMC-CPU] iter=6 components=5 consecutive=0lambda=64eigenvalues=[-7.94444451576472e-16, 4.594248891958557e-16, 4.594248891958557e-16, 4.594248891958557e-16, 4.594248891958557e-16, 2.1709355229075788e-05, 6.326934092369991e-05, 8.424818606520563e-05, 0.00017801664118588637, 0.0002587669790062017, 0.00036653945896426723, 0.0006812097384449696, 0.0007494855773992966, 0.0007689940851167917, 0.0010387821519743116, 0.0010794282295275585]
[GMC-CPU] iter=7 components=16 consecutive=0lambda=64eigenvalues=[-4.522488631831728e-16, -4.522488631831728e-16, -4.522488631831728e-16, -4.522488631831728e-16, -4.522488631831728e-16, -4.522488631831728e-16, -4.522488631831728e-16, -4.522488631831728e-16, -4.522488631831728e-16, -4.522488631831728e-16, -4.522488631831728e-16, 5.123365072993005e-16, 5.123365072993005e-16, 5.123365072993005e-16, 5.123365072993005e-16, 5.123365072993005e-16]
Fine GMC diretto.
[GMC-CPU] iter=1 components=1 consecutive=0lambda=2eigenvalues=[-3.697874632975028e-17, 0.026455078732863856]
[GMC-CPU] iter=2 components=1 consecutive=1lambda=4eigenvalues=[5.71008634174273e-16, 0.02540577551582111]
[GMC-CPU] iter=3 components=1 consecutive=2lambda=8eigenvalues=[5.845443174302844e-16, 0.022989981593720205]
[GMC-CPU] iter=4 components=1 consecutive=3lambda=16eigenvalues=[5.482621549325842e-16, 0.01773195739647006]
[GMC-CPU] iter=5 components=1 consecutive=4lambda=32eigenvalues=[-3.472305850666147e-16, 0.009665309742891108]
[GMC-CPU] iter=6 components=1 consecutive=5lambda=64eigenvalues=[-1.3536339559784807e-16, 0.0027087377614774715]
[GMC-CPU] iter=7 components=2 consecutive=0lambda=64eigenvalues=[-5.431023663314548e-16, -5.431023663314548e-16]
[Hierarchy-CPU] node=0 components=2 leaves=2 target=16
[GMC-CPU] iter=1 components=1 consecutive=0lambda=2eigenvalues=[-4.3834041064510103e-16, 0.026148433234491793]
[GMC-CPU] iter=2 components=1 consecutive=1lambda=4eigenvalues=[-3.8758232557025197e-16, 0.02535399940122695]
[GMC-CPU] iter=3 components=1 consecutive=2lambda=8eigenvalues=[-3.5003112812298306e-17, 0.02365902329356788]
[GMC-CPU] iter=4 components=1 consecutive=3lambda=16eigenvalues=[-5.749248423955933e-16, 0.020076891173037043]
[GMC-CPU] iter=5 components=1 consecutive=4lambda=32eigenvalues=[1.4933377354028312e-16, 0.013143062731648086]
[GMC-CPU] iter=6 components=1 consecutive=5lambda=64eigenvalues=[9.547510833148199e-17, 0.003864111810358442]
[GMC-CPU] iter=7 components=1 consecutive=6lambda=128eigenvalues=[2.9121976690020575e-16, 0.00028594594995359096]
[GMC-CPU] iter=8 components=2 consecutive=0lambda=128eigenvalues=[1.3965909676941427e-16, 1.3965909676941427e-16]
[Hierarchy-CPU] node=1 components=2 leaves=3 target=16
[GMC-CPU] iter=1 components=1 consecutive=0lambda=2eigenvalues=[8.095042733588332e-16, 0.02573222917604579]
[GMC-CPU] iter=2 components=1 consecutive=1lambda=4eigenvalues=[-1.0866905323976666e-16, 0.02443263454754567]
[GMC-CPU] iter=3 components=1 consecutive=2lambda=8eigenvalues=[-4.50193493535018e-16, 0.021999038662145788]
[GMC-CPU] iter=4 components=1 consecutive=3lambda=16eigenvalues=[8.210429189701581e-16, 0.0173472435671837]
[GMC-CPU] iter=5 components=1 consecutive=4lambda=32eigenvalues=[2.571900469912015e-16, 0.010543713257249582]
[GMC-CPU] iter=6 components=1 consecutive=5lambda=64eigenvalues=[1.31079185780907e-15, 0.003419065467925823]
[GMC-CPU] iter=7 components=1 consecutive=6lambda=128eigenvalues=[4.207577684155672e-16, 0.00011318076048883136]
[GMC-CPU] iter=8 components=2 consecutive=0lambda=128eigenvalues=[-7.20807445971012e-16, -7.20807445971012e-16]
[Hierarchy-CPU] node=3 components=2 leaves=4 target=16
[GMC-CPU] iter=1 components=1 consecutive=0lambda=2eigenvalues=[6.276357455829441e-16, 0.025525755864114718]
[GMC-CPU] iter=2 components=1 consecutive=1lambda=4eigenvalues=[-3.6564390940149177e-16, 0.02446563504403812]
[GMC-CPU] iter=3 components=1 consecutive=2lambda=8eigenvalues=[-4.333847326138075e-17, 0.022047289782563068]
[GMC-CPU] iter=4 components=1 consecutive=3lambda=16eigenvalues=[-8.306620132095876e-17, 0.01716779253985884]
[GMC-CPU] iter=5 components=1 consecutive=4lambda=32eigenvalues=[-3.243624424618449e-16, 0.009021007870176005]
[GMC-CPU] iter=6 components=1 consecutive=5lambda=64eigenvalues=[-8.646631824563394e-16, 0.0022047204579765537]
[GMC-CPU] iter=7 components=2 consecutive=0lambda=64eigenvalues=[-7.594853537469471e-16, -7.594853537469471e-16]
[Hierarchy-CPU] node=5 components=2 leaves=5 target=16
[GMC-CPU] iter=1 components=1 consecutive=0lambda=2eigenvalues=[-4.255206170622471e-16, 0.024077642112348883]
[GMC-CPU] iter=2 components=1 consecutive=1lambda=4eigenvalues=[-5.214121884213454e-17, 0.022876252615183584]
[GMC-CPU] iter=3 components=1 consecutive=2lambda=8eigenvalues=[-2.7919416043774897e-16, 0.020522105259730285]
[GMC-CPU] iter=4 components=1 consecutive=3lambda=16eigenvalues=[4.0745812928584354e-16, 0.015946802613129675]
[GMC-CPU] iter=5 components=1 consecutive=4lambda=32eigenvalues=[-1.0184088325603037e-16, 0.00933234938688772]
[GMC-CPU] iter=6 components=1 consecutive=5lambda=64eigenvalues=[-3.9074807704184156e-17, 0.002868641727372388]
[GMC-CPU] iter=7 components=2 consecutive=0lambda=64eigenvalues=[2.1064469536824274e-16, 2.1064469536824274e-16]
[Hierarchy-CPU] node=7 components=2 leaves=6 target=16
[GMC-CPU] iter=1 components=1 consecutive=0lambda=2eigenvalues=[3.0193137239660465e-16, 0.023471897874535536]
[GMC-CPU] iter=2 components=1 consecutive=1lambda=4eigenvalues=[-1.8626731031574573e-16, 0.02256732881363851]
[GMC-CPU] iter=3 components=1 consecutive=2lambda=8eigenvalues=[-3.329221907875818e-16, 0.02073048665938273]
[GMC-CPU] iter=4 components=1 consecutive=3lambda=16eigenvalues=[3.1047568163130786e-16, 0.016913682048564624]
[GMC-CPU] iter=5 components=1 consecutive=4lambda=32eigenvalues=[-7.248947729043588e-16, 0.010147055652963768]
[GMC-CPU] iter=6 components=1 consecutive=5lambda=64eigenvalues=[3.3668533375685664e-16, 0.0029367434121167703]
[GMC-CPU] iter=7 components=1 consecutive=6lambda=128eigenvalues=[-9.635552168376061e-17, 0.00023300555148317813]
[GMC-CPU] iter=8 components=2 consecutive=0lambda=128eigenvalues=[3.1033294377847376e-17, 3.1033294377847376e-17]
[Hierarchy-CPU] node=9 components=2 leaves=7 target=16
[GMC-CPU] iter=1 components=1 consecutive=0lambda=2eigenvalues=[2.024591222825347e-17, 0.022318787119644197]
[GMC-CPU] iter=2 components=1 consecutive=1lambda=4eigenvalues=[-8.354459191042088e-16, 0.02152423234877466]
[GMC-CPU] iter=3 components=1 consecutive=2lambda=8eigenvalues=[-3.156030209434568e-16, 0.019941523539210054]
[GMC-CPU] iter=4 components=1 consecutive=3lambda=16eigenvalues=[8.195515533591688e-17, 0.017263323352152322]
[GMC-CPU] iter=5 components=1 consecutive=4lambda=32eigenvalues=[-3.6530643236834026e-16, 0.012937744886894021]
[GMC-CPU] iter=6 components=1 consecutive=5lambda=64eigenvalues=[2.1600279846201104e-16, 0.006749401848484045]
[GMC-CPU] iter=7 components=1 consecutive=6lambda=128eigenvalues=[1.044662450865433e-16, 0.0007730888192647649]
[GMC-CPU] iter=8 components=2 consecutive=0lambda=128eigenvalues=[2.9637910191083076e-16, 2.9637910191083076e-16]
[Hierarchy-CPU] node=11 components=2 leaves=8 target=16
[GMC-CPU] iter=1 components=1 consecutive=0lambda=2eigenvalues=[1.5279845282240673e-16, 0.021454876423856434]
[GMC-CPU] iter=2 components=1 consecutive=1lambda=4eigenvalues=[1.3622395023796512e-16, 0.020599520179207638]
[GMC-CPU] iter=3 components=1 consecutive=2lambda=8eigenvalues=[8.855917578664263e-17, 0.018586764775231128]
[GMC-CPU] iter=4 components=1 consecutive=3lambda=16eigenvalues=[2.460380911963026e-16, 0.0139428127939785]
[GMC-CPU] iter=5 components=1 consecutive=4lambda=32eigenvalues=[-7.622873893060402e-17, 0.006357849615779177]
[GMC-CPU] iter=6 components=1 consecutive=5lambda=64eigenvalues=[-6.107422076571435e-17, 0.0017287413741871697]
[GMC-CPU] iter=7 components=1 consecutive=6lambda=128eigenvalues=[2.597212166490131e-16, 0.0002915428052119555]
[GMC-CPU] iter=8 components=2 consecutive=0lambda=128eigenvalues=[-2.755302231379279e-16, -2.755302231379279e-16]
[Hierarchy-CPU] node=13 components=2 leaves=9 target=16
[GMC-CPU] iter=1 components=1 consecutive=0lambda=2eigenvalues=[-1.9100850215886287e-16, 0.019384436874016284]
[GMC-CPU] iter=2 components=1 consecutive=1lambda=4eigenvalues=[-9.079682511960625e-17, 0.018421970759318652]
[GMC-CPU] iter=3 components=1 consecutive=2lambda=8eigenvalues=[7.428006660518954e-16, 0.016517077161961012]
[GMC-CPU] iter=4 components=1 consecutive=3lambda=16eigenvalues=[-3.0285144393849256e-16, 0.013002440205647088]
[GMC-CPU] iter=5 components=1 consecutive=4lambda=32eigenvalues=[3.948130257699333e-17, 0.00761540308701197]
[GMC-CPU] iter=6 components=1 consecutive=5lambda=64eigenvalues=[6.714943298776376e-16, 0.0028429289566262107]
[GMC-CPU] iter=7 components=1 consecutive=6lambda=128eigenvalues=[-5.812325642296695e-16, 0.0006738893080684915]
[GMC-CPU] iter=8 components=2 consecutive=0lambda=128eigenvalues=[-3.1973154733363065e-16, -3.1973154733363065e-16]
[Hierarchy-CPU] node=15 components=2 leaves=10 target=16
[GMC-CPU] iter=1 components=1 consecutive=0lambda=2eigenvalues=[-5.3228712750009806e-17, 0.017240756371804687]
[GMC-CPU] iter=2 components=1 consecutive=1lambda=4eigenvalues=[9.631769953457278e-17, 0.01595825164296914]
[GMC-CPU] iter=3 components=1 consecutive=2lambda=8eigenvalues=[-1.1119729592276685e-16, 0.013476297371228145]
[GMC-CPU] iter=4 components=1 consecutive=3lambda=16eigenvalues=[4.1485361521137687e-16, 0.009565411039023747]
[GMC-CPU] iter=5 components=1 consecutive=4lambda=32eigenvalues=[7.037885382619562e-16, 0.004732027829989906]
[GMC-CPU] iter=6 components=1 consecutive=5lambda=64eigenvalues=[-6.212214908756203e-17, 0.0006768618090396365]
[GMC-CPU] iter=7 components=2 consecutive=0lambda=64eigenvalues=[-1.7622578453787318e-16, 6.219453703769666e-16]
[Hierarchy-CPU] node=17 components=2 leaves=11 target=16
[GMC-CPU] iter=1 components=1 consecutive=0lambda=2eigenvalues=[-4.703625678590561e-16, 0.015995161653777578]
[GMC-CPU] iter=2 components=1 consecutive=1lambda=4eigenvalues=[-3.470163069540318e-16, 0.01518498151232354]
[GMC-CPU] iter=3 components=1 consecutive=2lambda=8eigenvalues=[4.54002913909067e-16, 0.01342442064079485]
[GMC-CPU] iter=4 components=1 consecutive=3lambda=16eigenvalues=[4.2524330110987733e-16, 0.010323331760657372]
[GMC-CPU] iter=5 components=1 consecutive=4lambda=32eigenvalues=[3.566564421888605e-16, 0.0051407846281260015]
[GMC-CPU] iter=6 components=1 consecutive=5lambda=64eigenvalues=[-1.0395503555826658e-16, 0.0005025263311112596]
[GMC-CPU] iter=7 components=2 consecutive=0lambda=64eigenvalues=[-1.624604401086042e-16, -1.624604401086042e-16]
[Hierarchy-CPU] node=19 components=2 leaves=12 target=16
[GMC-CPU] iter=1 components=1 consecutive=0lambda=2eigenvalues=[2.656068905049356e-16, 0.01348956626075715]
[GMC-CPU] iter=2 components=1 consecutive=1lambda=4eigenvalues=[-3.426498276422702e-16, 0.012967191324127235]
[GMC-CPU] iter=3 components=1 consecutive=2lambda=8eigenvalues=[6.358027334047217e-17, 0.011922912550285752]
[GMC-CPU] iter=4 components=1 consecutive=3lambda=16eigenvalues=[4.724240106542808e-16, 0.009941997005505528]
[GMC-CPU] iter=5 components=1 consecutive=4lambda=32eigenvalues=[2.260726181989618e-18, 0.006965177124100645]
[GMC-CPU] iter=6 components=1 consecutive=5lambda=64eigenvalues=[1.9463919958909699e-16, 0.004104416207441357]
[GMC-CPU] iter=7 components=1 consecutive=6lambda=128eigenvalues=[-6.39710880488794e-16, 0.0006892438731657003]
[GMC-CPU] iter=8 components=2 consecutive=0lambda=128eigenvalues=[-2.414974097974876e-16, -2.414974097974876e-16]
[Hierarchy-CPU] node=21 components=2 leaves=13 target=16
[GMC-CPU] iter=1 components=1 consecutive=0lambda=2eigenvalues=[-4.701590705596248e-16, 0.012457538382298058]
[GMC-CPU] iter=2 components=1 consecutive=1lambda=4eigenvalues=[8.099591566657848e-16, 0.011700110910050444]
[GMC-CPU] iter=3 components=1 consecutive=2lambda=8eigenvalues=[-3.1898218666535874e-16, 0.01037351282931712]
[GMC-CPU] iter=4 components=1 consecutive=3lambda=16eigenvalues=[7.090043381731845e-16, 0.008062635259384877]
[GMC-CPU] iter=5 components=1 consecutive=4lambda=32eigenvalues=[-7.955554296567896e-17, 0.004716395812372048]
[GMC-CPU] iter=6 components=1 consecutive=5lambda=64eigenvalues=[-6.306972600042039e-17, 0.0006197929114417827]
[GMC-CPU] iter=7 components=2 consecutive=0lambda=64eigenvalues=[-1.5897549467988576e-16, -1.5897549467988576e-16]
[Hierarchy-CPU] node=24 components=2 leaves=14 target=16
[GMC-CPU] iter=1 components=1 consecutive=0lambda=2eigenvalues=[2.363026476039461e-16, 0.01133428808827692]
[GMC-CPU] iter=2 components=1 consecutive=1lambda=4eigenvalues=[9.58817944945866e-17, 0.010331477364375449]
[GMC-CPU] iter=3 components=1 consecutive=2lambda=8eigenvalues=[2.1523546923240087e-16, 0.008533058212118205]
[GMC-CPU] iter=4 components=1 consecutive=3lambda=16eigenvalues=[2.0587839816453243e-16, 0.005575270910733817]
[GMC-CPU] iter=5 components=1 consecutive=4lambda=32eigenvalues=[3.7651019609810063e-17, 0.002357144735699737]
[GMC-CPU] iter=6 components=1 consecutive=5lambda=64eigenvalues=[3.9071916079988886e-16, 7.940913629927423e-05]
[GMC-CPU] iter=7 components=2 consecutive=0lambda=64eigenvalues=[-1.0499056312796267e-16, 5.709123477403774e-16]
[Hierarchy-CPU] node=26 components=2 leaves=15 target=16
[GMC-CPU] iter=1 components=1 consecutive=0lambda=2eigenvalues=[3.9387193435378637e-16, 0.008070480347464166]
[GMC-CPU] iter=2 components=1 consecutive=1lambda=4eigenvalues=[4.3359682700177785e-16, 0.006978737495877862]
[GMC-CPU] iter=3 components=1 consecutive=2lambda=8eigenvalues=[-3.980570242227983e-16, 0.00485986540957267]
[GMC-CPU] iter=4 components=1 consecutive=3lambda=16eigenvalues=[1.4420754935412662e-17, 0.0016663452371655102]
[GMC-CPU] iter=5 components=2 consecutive=0lambda=16eigenvalues=[-4.863877397112671e-16, 2.013352311834473e-16]
[Hierarchy-CPU] node=27 components=2 leaves=16 target=16
GPU disponibile.

Esecuzione del GMC GPU in modalità parallela.
[Hierarchy-GPU] level=0 nodes=1 workers=1 sizes=[2048]
[GMC-GPU] iter=1 components=1 consecutive=0 lambda=2eigenvalues=[3.7709326532912525e-17, 0.026455079141705834]
[GMC-GPU] iter=2 components=1 consecutive=1 lambda=4eigenvalues=[-1.6885032180036047e-17, 0.025405775874392855]
[GMC-GPU] iter=3 components=1 consecutive=2 lambda=8eigenvalues=[4.6946721875014196e-17, 0.022989981951672137]
[GMC-GPU] iter=4 components=1 consecutive=3 lambda=16eigenvalues=[-6.51388148444868e-17, 0.017731957617558185]
[GMC-GPU] iter=5 components=1 consecutive=4 lambda=32eigenvalues=[-1.8189901934418826e-17, 0.009665309800401914]
[GMC-GPU] iter=6 components=1 consecutive=5 lambda=64eigenvalues=[8.981661624318729e-17, 0.002708737770730345]
[GMC-GPU] iter=7 components=2 consecutive=0 lambda=64eigenvalues=[-1.4480291384189458e-16, 9.649636884778222e-16]
[Hierarchy-GPU] level=0 completed leaves=2/16 time=1.314976s
[Hierarchy-GPU] level=1 nodes=2 workers=1 sizes=[1920, 128]
[GMC-GPU] iter=1 components=1 consecutive=0 lambda=2eigenvalues=[-7.701286762306267e-17, 0.026148433356578935]
[GMC-GPU] iter=2 components=1 consecutive=1 lambda=4eigenvalues=[1.5448256476475865e-16, 0.02535399954222766]
[GMC-GPU] iter=3 components=1 consecutive=2 lambda=8eigenvalues=[8.177941297190114e-18, 0.02365902342916314]
[GMC-GPU] iter=4 components=1 consecutive=3 lambda=16eigenvalues=[-1.5448298851423503e-17, 0.02007689121524742]
[GMC-GPU] iter=5 components=1 consecutive=4 lambda=32eigenvalues=[1.853316199400677e-16, 0.013143062701654924]
[GMC-GPU] iter=6 components=1 consecutive=5 lambda=64eigenvalues=[5.495930131043436e-18, 0.003864111812126747]
[GMC-GPU] iter=7 components=1 consecutive=6 lambda=128eigenvalues=[-1.3464143988424133e-16, 0.0002859459500462768]
[GMC-GPU] iter=8 components=2 consecutive=0 lambda=128eigenvalues=[-9.614037353317248e-16, 1.416004994099841e-15]
[GMC-GPU] iter=1 components=1 consecutive=0 lambda=2eigenvalues=[-5.278090902131557e-17, 0.22391207909292166]
[GMC-GPU] iter=2 components=1 consecutive=1 lambda=4eigenvalues=[2.32066287132172e-17, 0.19329020929189103]
[GMC-GPU] iter=3 components=1 consecutive=2 lambda=8eigenvalues=[1.4676744157654553e-16, 0.1417820827878776]
[GMC-GPU] iter=4 components=1 consecutive=3 lambda=16eigenvalues=[1.1507442434665003e-17, 0.07436274193390606]
[GMC-GPU] iter=5 components=1 consecutive=4 lambda=32eigenvalues=[3.1300413630715286e-17, 0.018033243112643527]
[GMC-GPU] iter=6 components=1 consecutive=5 lambda=64eigenvalues=[5.780679297385254e-17, 0.00040933544168355966]
[GMC-GPU] iter=7 components=2 consecutive=0 lambda=64eigenvalues=[1.4935117828462242e-16, 2.586455467777199e-16]
[Hierarchy-GPU] level=1 completed leaves=4/16 time=1.290138s
[Hierarchy-GPU] level=2 nodes=4 workers=1 sizes=[1792, 128, 66, 62]
[GMC-GPU] iter=1 components=1 consecutive=0 lambda=2eigenvalues=[1.857123502164954e-18, 0.025732229181044758]
[GMC-GPU] iter=2 components=1 consecutive=1 lambda=4eigenvalues=[1.143556093999288e-16, 0.024432634522999763]
[GMC-GPU] iter=3 components=1 consecutive=2 lambda=8eigenvalues=[2.422157238099316e-17, 0.021999038625898477]
[GMC-GPU] iter=4 components=1 consecutive=3 lambda=16eigenvalues=[5.0463994517835254e-17, 0.017347243552894888]
[GMC-GPU] iter=5 components=1 consecutive=4 lambda=32eigenvalues=[-1.848655196871476e-16, 0.010543713249622218]
[GMC-GPU] iter=6 components=1 consecutive=5 lambda=64eigenvalues=[1.024913771034408e-17, 0.0034190654666848698]
[GMC-GPU] iter=7 components=1 consecutive=6 lambda=128eigenvalues=[-7.467218883523723e-18, 0.00011318076043121341]
[GMC-GPU] iter=8 components=2 consecutive=0 lambda=128eigenvalues=[-7.392019659593925e-16, 1.2522885268066462e-15]
[GMC-GPU] iter=1 components=1 consecutive=0 lambda=2eigenvalues=[-5.699871783580809e-17, 0.23370835045518518]
[GMC-GPU] iter=2 components=1 consecutive=1 lambda=4eigenvalues=[-1.3710900892426142e-16, 0.20118341137378304]
[GMC-GPU] iter=3 components=1 consecutive=2 lambda=8eigenvalues=[2.1319753697199796e-16, 0.14883141092347835]
[GMC-GPU] iter=4 components=1 consecutive=3 lambda=16eigenvalues=[1.44278560472676e-16, 0.0752188465246924]
[GMC-GPU] iter=5 components=1 consecutive=4 lambda=32eigenvalues=[1.635708171839876e-16, 0.012567550716399919]
[GMC-GPU] iter=6 components=2 consecutive=0 lambda=32eigenvalues=[-2.343906299859243e-17, 1.8313850225591394e-16]
[GMC-GPU] iter=1 components=1 consecutive=0 lambda=2eigenvalues=[8.233787863846674e-17, 0.322567192089269]
[GMC-GPU] iter=2 components=1 consecutive=1 lambda=4eigenvalues=[1.1278635025436388e-16, 0.2625764393086386]
[GMC-GPU] iter=3 components=1 consecutive=2 lambda=8eigenvalues=[5.740694373720655e-17, 0.1770274183845133]
[GMC-GPU] iter=4 components=1 consecutive=3 lambda=16eigenvalues=[4.162781981292823e-17, 0.05724755814129385]
[GMC-GPU] iter=5 components=2 consecutive=0 lambda=16eigenvalues=[-2.3637003734194006e-16, 1.481275083016614e-16]
[GMC-GPU] iter=1 components=1 consecutive=0 lambda=2eigenvalues=[1.878454896779564e-16, 0.2793431292203558]
[GMC-GPU] iter=2 components=1 consecutive=1 lambda=4eigenvalues=[1.702900694305338e-16, 0.17955982422127256]
[GMC-GPU] iter=3 components=1 consecutive=2 lambda=8eigenvalues=[-2.3133369673308216e-17, 0.05302633876386916]
[GMC-GPU] iter=4 components=2 consecutive=0 lambda=8eigenvalues=[-1.3096228631749343e-16, 1.6437774939985122e-16]
[Hierarchy-GPU] level=2 completed leaves=8/16 time=1.371506s
[Hierarchy-GPU] level=3 nodes=8 workers=1 sizes=[1664, 128, 68, 63, 60, 60, 3, 2]
[GMC-GPU] iter=1 components=1 consecutive=0 lambda=2eigenvalues=[-5.805114319272343e-17, 0.025525755309015963]
[GMC-GPU] iter=2 components=1 consecutive=1 lambda=4eigenvalues=[-1.651253811081684e-16, 0.024465634270823197]
[GMC-GPU] iter=3 components=1 consecutive=2 lambda=8eigenvalues=[1.8826430316682505e-16, 0.022047288889131107]
[GMC-GPU] iter=4 components=1 consecutive=3 lambda=16eigenvalues=[8.590996548019034e-17, 0.017167791866665102]
[GMC-GPU] iter=5 components=1 consecutive=4 lambda=32eigenvalues=[-2.1411552169073181e-16, 0.009021007642501851]
[GMC-GPU] iter=6 components=1 consecutive=5 lambda=64eigenvalues=[1.24616271171233e-16, 0.0022047204284736262]
[GMC-GPU] iter=7 components=2 consecutive=0 lambda=64eigenvalues=[-9.409348839109294e-16, -8.114125470931874e-16]
[GMC-GPU] iter=1 components=1 consecutive=0 lambda=2eigenvalues=[1.657389466972113e-16, 0.23158682509889586]
[GMC-GPU] iter=2 components=1 consecutive=1 lambda=4eigenvalues=[-4.637532513549191e-17, 0.19921614538673316]
[GMC-GPU] iter=3 components=1 consecutive=2 lambda=8eigenvalues=[-4.1173500952019907e-17, 0.14540625392538167]
[GMC-GPU] iter=4 components=1 consecutive=3 lambda=16eigenvalues=[-3.126040064154331e-17, 0.0738179439782986]
[GMC-GPU] iter=5 components=1 consecutive=4 lambda=32eigenvalues=[1.6329566199334267e-16, 0.019872771437019224]
[GMC-GPU] iter=6 components=1 consecutive=5 lambda=64eigenvalues=[-6.750714317486897e-17, 0.004285906427678989]
[GMC-GPU] iter=7 components=1 consecutive=6 lambda=128eigenvalues=[-1.1598422313971925e-16, 0.0011371396581507337]
[GMC-GPU] iter=8 components=2 consecutive=0 lambda=128eigenvalues=[1.2221198313201537e-16, 1.3655990401778247e-15]
[GMC-GPU] iter=1 components=1 consecutive=0 lambda=2eigenvalues=[-1.4441147531458278e-17, 0.3117891314411297]
[GMC-GPU] iter=2 components=1 consecutive=1 lambda=4eigenvalues=[-1.694860174991785e-16, 0.24628807504246353]
[GMC-GPU] iter=3 components=1 consecutive=2 lambda=8eigenvalues=[-1.2573468183627134e-16, 0.1556580285147319]
[GMC-GPU] iter=4 components=1 consecutive=3 lambda=16eigenvalues=[-7.77776265747681e-17, 0.06560753850466476]
[GMC-GPU] iter=5 components=1 consecutive=4 lambda=32eigenvalues=[9.841622743115462e-17, 0.012132176035141166]
[GMC-GPU] iter=6 components=2 consecutive=0 lambda=32eigenvalues=[9.90567785249956e-17, 3.4500526963033157e-16]
[GMC-GPU] iter=1 components=1 consecutive=0 lambda=2eigenvalues=[4.704244458797055e-17, 0.33765862319591033]
[GMC-GPU] iter=2 components=1 consecutive=1 lambda=4eigenvalues=[8.953744683347648e-17, 0.2818011548957145]
[GMC-GPU] iter=3 components=1 consecutive=2 lambda=8eigenvalues=[-1.730065116648909e-17, 0.18996788435186251]
[GMC-GPU] iter=4 components=1 consecutive=3 lambda=16eigenvalues=[-1.18383196458692e-16, 0.10869261234935061]
[GMC-GPU] iter=5 components=1 consecutive=4 lambda=32eigenvalues=[1.161301620706706e-16, 0.041776034723388304]
[GMC-GPU] iter=6 components=2 consecutive=0 lambda=32eigenvalues=[-7.509005139366536e-17, -5.096915926506364e-17]
[GMC-GPU] iter=1 components=1 consecutive=0 lambda=2eigenvalues=[1.6813324737268173e-17, 0.2601793624366752]
[GMC-GPU] iter=2 components=1 consecutive=1 lambda=4eigenvalues=[-2.1235540956551223e-16, 0.1581613018189068]
[GMC-GPU] iter=3 components=1 consecutive=2 lambda=8eigenvalues=[2.769070207866361e-17, 0.08598050047793009]
[GMC-GPU] iter=4 components=1 consecutive=3 lambda=16eigenvalues=[2.1256097673456614e-16, 0.01596708804150433]
[GMC-GPU] iter=5 components=2 consecutive=0 lambda=16eigenvalues=[-2.686194608634523e-16, -1.2791516380227862e-16]
[GMC-GPU] iter=1 components=1 consecutive=0 lambda=2eigenvalues=[-6.941344672475163e-17, 0.30395280619297693]
[GMC-GPU] iter=2 components=1 consecutive=1 lambda=4eigenvalues=[1.0325132645923395e-16, 0.24627908944202373]
[GMC-GPU] iter=3 components=1 consecutive=2 lambda=8eigenvalues=[-4.920964039142653e-17, 0.1691792726359006]
[GMC-GPU] iter=4 components=1 consecutive=3 lambda=16eigenvalues=[-6.051244422111523e-17, 0.10191201367727633]
[GMC-GPU] iter=5 components=1 consecutive=4 lambda=32eigenvalues=[-4.101705559871744e-17, 0.05326164993534479]
[GMC-GPU] iter=6 components=2 consecutive=0 lambda=32eigenvalues=[-9.131121443761492e-17, 3.025476543277003e-17]
[GMC-GPU] iter=1 components=1 consecutive=0 lambda=2eigenvalues=[-2.001599181912221e-16, 0.7195280016511945]
[GMC-GPU] iter=2 components=1 consecutive=1 lambda=4eigenvalues=[-1.9418492840959275e-16, 0.6695651058394168]
[GMC-GPU] iter=3 components=1 consecutive=2 lambda=8eigenvalues=[2.54679090316845e-16, 0.6339745962155614]
[GMC-GPU] iter=4 components=1 consecutive=3 lambda=16eigenvalues=[2.54679090316845e-16, 0.6339745962155614]
[GMC-GPU] iter=5 components=1 consecutive=4 lambda=32eigenvalues=[2.54679090316845e-16, 0.6339745962155614]
[GMC-GPU] iter=6 components=1 consecutive=5 lambda=64eigenvalues=[2.54679090316845e-16, 0.6339745962155614]
[GMC-GPU] iter=7 components=1 consecutive=6 lambda=128eigenvalues=[2.54679090316845e-16, 0.6339745962155614]
[GMC-GPU] iter=8 components=1 consecutive=7 lambda=256eigenvalues=[2.54679090316845e-16, 0.6339745962155614]
[GMC-GPU] iter=9 components=1 consecutive=8 lambda=512eigenvalues=[2.54679090316845e-16, 0.6339745962155614]
[GMC-GPU] iter=10 components=1 consecutive=9 lambda=1024eigenvalues=[2.54679090316845e-16, 0.6339745962155614]
[GMC-GPU] iter=11 components=1 consecutive=10 lambda=2048eigenvalues=[2.54679090316845e-16, 0.6339745962155614]
[GMC-GPU] iter=12 components=1 consecutive=11 lambda=4096eigenvalues=[2.54679090316845e-16, 0.6339745962155614]
[GMC-GPU] iter=13 components=1 consecutive=12 lambda=8192eigenvalues=[2.54679090316845e-16, 0.6339745962155614]
[GMC-GPU] iter=14 components=1 consecutive=13 lambda=16384eigenvalues=[2.54679090316845e-16, 0.6339745962155614]
[GMC-GPU] iter=15 components=1 consecutive=14 lambda=32768eigenvalues=[2.54679090316845e-16, 0.6339745962155614]
[GMC-GPU] iter=16 components=1 consecutive=15 lambda=65536eigenvalues=[2.54679090316845e-16, 0.6339745962155614]
[GMC-GPU] iter=17 components=1 consecutive=16 lambda=131072eigenvalues=[2.54679090316845e-16, 0.6339745962155614]
[GMC-GPU] iter=18 components=1 consecutive=17 lambda=262144eigenvalues=[2.54679090316845e-16, 0.6339745962155614]
[GMC-GPU] iter=19 components=1 consecutive=18 lambda=524288eigenvalues=[2.54679090316845e-16, 0.6339745962155614]
[GMC-GPU] iter=20 components=1 consecutive=19 lambda=1.04858e+06eigenvalues=[2.54679090316845e-16, 0.6339745962155614]
[GMC-GPU] iter=21 components=1 consecutive=20 lambda=2.09715e+06eigenvalues=[2.54679090316845e-16, 0.6339745962155614]
[GMC-GPU] iter=22 components=1 consecutive=21 lambda=4.1943e+06eigenvalues=[2.54679090316845e-16, 0.6339745962155614]
[GMC-GPU] iter=23 components=1 consecutive=22 lambda=8.38861e+06eigenvalues=[2.54679090316845e-16, 0.6339745962155614]
[GMC-GPU] iter=24 components=1 consecutive=23 lambda=1.67772e+07eigenvalues=[2.54679090316845e-16, 0.6339745962155614]
[GMC-GPU] iter=25 components=1 consecutive=24 lambda=3.35544e+07eigenvalues=[2.54679090316845e-16, 0.6339745962155614]
[GMC-GPU] iter=26 components=1 consecutive=25 lambda=6.71089e+07eigenvalues=[2.54679090316845e-16, 0.6339745962155614]
[GMC-GPU] iter=27 components=1 consecutive=26 lambda=1.34218e+08eigenvalues=[2.54679090316845e-16, 0.6339745962155614]
[GMC-GPU] iter=28 components=1 consecutive=27 lambda=2.68435e+08eigenvalues=[2.54679090316845e-16, 0.6339745962155614]
[GMC-GPU] iter=29 components=1 consecutive=28 lambda=5.36871e+08eigenvalues=[2.54679090316845e-16, 0.6339745962155614]
[GMC-GPU] iter=30 components=1 consecutive=29 lambda=1.07374e+09eigenvalues=[2.54679090316845e-16, 0.6339745962155614]
[GMC-GPU] iter=31 components=1 consecutive=30 lambda=2.14748e+09eigenvalues=[2.54679090316845e-16, 0.6339745962155614]
[GMC-GPU] iter=32 components=1 consecutive=31 lambda=4.29497e+09eigenvalues=[2.54679090316845e-16, 0.6339745962155614]
[GMC-GPU] iter=33 components=1 consecutive=32 lambda=8.58993e+09eigenvalues=[2.54679090316845e-16, 0.6339745962155614]
[GMC-GPU] iter=34 components=1 consecutive=33 lambda=1.71799e+10eigenvalues=[2.54679090316845e-16, 0.6339745962155614]
[GMC-GPU] iter=35 components=1 consecutive=34 lambda=3.43597e+10eigenvalues=[2.54679090316845e-16, 0.6339745962155614]
[GMC-GPU] iter=36 components=1 consecutive=35 lambda=6.87195e+10eigenvalues=[2.54679090316845e-16, 0.6339745962155614]
[GMC-GPU] iter=37 components=1 consecutive=36 lambda=1.37439e+11eigenvalues=[2.54679090316845e-16, 0.6339745962155614]
[GMC-GPU] iter=38 components=1 consecutive=37 lambda=2.74878e+11eigenvalues=[2.54679090316845e-16, 0.6339745962155614]
[GMC-GPU] iter=39 components=1 consecutive=38 lambda=5.49756e+11eigenvalues=[2.54679090316845e-16, 0.6339745962155614]
[GMC-GPU] iter=40 components=1 consecutive=39 lambda=1.09951e+12eigenvalues=[2.54679090316845e-16, 0.6339745962155614]
[GMC-GPU] iter=41 components=1 consecutive=40 lambda=2.19902e+12eigenvalues=[2.54679090316845e-16, 0.6339745962155614]
[GMC-GPU] iter=42 components=1 consecutive=41 lambda=4.39805e+12eigenvalues=[2.54679090316845e-16, 0.6339745962155614]
[GMC-GPU] iter=43 components=1 consecutive=42 lambda=8.79609e+12eigenvalues=[2.54679090316845e-16, 0.6339745962155614]
[GMC-GPU] iter=44 components=1 consecutive=43 lambda=1.75922e+13eigenvalues=[2.54679090316845e-16, 0.6339745962155614]
[GMC-GPU] iter=45 components=1 consecutive=44 lambda=3.51844e+13eigenvalues=[2.54679090316845e-16, 0.6339745962155614]
[GMC-GPU] iter=46 components=1 consecutive=45 lambda=7.03687e+13eigenvalues=[2.54679090316845e-16, 0.6339745962155614]
[GMC-GPU] iter=47 components=1 consecutive=46 lambda=1.40737e+14eigenvalues=[2.54679090316845e-16, 0.6339745962155614]
[GMC-GPU] iter=48 components=1 consecutive=47 lambda=2.81475e+14eigenvalues=[2.54679090316845e-16, 0.6339745962155614]
[GMC-GPU] iter=49 components=1 consecutive=48 lambda=5.6295e+14eigenvalues=[2.54679090316845e-16, 0.6339745962155614]
[GMC-GPU] iter=50 components=1 consecutive=49 lambda=1.1259e+15eigenvalues=[2.54679090316845e-16, 0.6339745962155614]
[Hierarchy-GPU] level=3 completed leaves=16/16 time=2.296709s

========================================================================
TEMPI DI ESECUZIONE
========================================================================
GMC diretto: 9.257950 secondi
BinaryHierarchicalGMC: 52.092307 secondi
BinaryHierarchicalGMCGPU: 6.585957 secondi

========================================================================
CONFRONTO DEI RISULTATI
========================================================================
Dimensioni Binary originale : [128, 128, 128, 128, 128, 128, 128, 128, 128, 128, 128, 128, 128, 128, 128, 128]
Dimensioni Binary bilanciato: [128, 128, 128, 128, 128, 128, 128, 128, 128, 128, 128, 128, 128, 128, 128, 128]
Dimensioni Binary GPU: [1536, 128, 69, 59, 62, 6, 54, 6, 56, 4, 1, 1, 12, 51, 1, 2]
Dimensioni Binary GPU bilanciato: [128, 128, 128, 128, 128, 128, 128, 128, 128, 128, 128, 128, 128, 128, 128, 128]

Adjusted Rand Index
-------------------
GMC diretto             : 1.000000
Binary originale        : 1.000000
Binary bilanciato       : 1.000000
Binary GPU bilanciato   : 0.070713

Differenze
----------
Diretto - Binary bilanciato      : +0.000000
Binary bilanciato - originale    : +0.000000
Diretto - Binary GPU bilanciato  : +0.732992

Cluster Binary originali
------------------------
Cluster 0: [1408, 1409, 1410, 1411, 1412, 1413, 1414, 1415, 1416, 1417, 1418, 1419, 1420, 1421, 1422, 1423, 1424, 1425, 1426, 1427, 1428, 1429, 1430, 1431, 1432, 1433, 1434, 1435, 1436, 1437, 1438, 1439, 1440, 1441, 1442, 1443, 1444, 1445, 1446, 1447, 1448, 1449, 1450, 1451, 1452, 1453, 1454, 1455, 1456, 1457, 1458, 1459, 1460, 1461, 1462, 1463, 1464, 1465, 1466, 1467, 1468, 1469, 1470, 1471, 1472, 1473, 1474, 1475, 1476, 1477, 1478, 1479, 1480, 1481, 1482, 1483, 1484, 1485, 1486, 1487, 1488, 1489, 1490, 1491, 1492, 1493, 1494, 1495, 1496, 1497, 1498, 1499, 1500, 1501, 1502, 1503, 1504, 1505, 1506, 1507, 1508, 1509, 1510, 1511, 1512, 1513, 1514, 1515, 1516, 1517, 1518, 1519, 1520, 1521, 1522, 1523, 1524, 1525, 1526, 1527, 1528, 1529, 1530, 1531, 1532, 1533, 1534, 1535], size=128
Cluster 1: [512, 513, 514, 515, 516, 517, 518, 519, 520, 521, 522, 523, 524, 525, 526, 527, 528, 529, 530, 531, 532, 533, 534, 535, 536, 537, 538, 539, 540, 541, 542, 543, 544, 545, 546, 547, 548, 549, 550, 551, 552, 553, 554, 555, 556, 557, 558, 559, 560, 561, 562, 563, 564, 565, 566, 567, 568, 569, 570, 571, 572, 573, 574, 575, 576, 577, 578, 579, 580, 581, 582, 583, 584, 585, 586, 587, 588, 589, 590, 591, 592, 593, 594, 595, 596, 597, 598, 599, 600, 601, 602, 603, 604, 605, 606, 607, 608, 609, 610, 611, 612, 613, 614, 615, 616, 617, 618, 619, 620, 621, 622, 623, 624, 625, 626, 627, 628, 629, 630, 631, 632, 633, 634, 635, 636, 637, 638, 639], size=128
Cluster 2: [1280, 1281, 1282, 1283, 1284, 1285, 1286, 1287, 1288, 1289, 1290, 1291, 1292, 1293, 1294, 1295, 1296, 1297, 1298, 1299, 1300, 1301, 1302, 1303, 1304, 1305, 1306, 1307, 1308, 1309, 1310, 1311, 1312, 1313, 1314, 1315, 1316, 1317, 1318, 1319, 1320, 1321, 1322, 1323, 1324, 1325, 1326, 1327, 1328, 1329, 1330, 1331, 1332, 1333, 1334, 1335, 1336, 1337, 1338, 1339, 1340, 1341, 1342, 1343, 1344, 1345, 1346, 1347, 1348, 1349, 1350, 1351, 1352, 1353, 1354, 1355, 1356, 1357, 1358, 1359, 1360, 1361, 1362, 1363, 1364, 1365, 1366, 1367, 1368, 1369, 1370, 1371, 1372, 1373, 1374, 1375, 1376, 1377, 1378, 1379, 1380, 1381, 1382, 1383, 1384, 1385, 1386, 1387, 1388, 1389, 1390, 1391, 1392, 1393, 1394, 1395, 1396, 1397, 1398, 1399, 1400, 1401, 1402, 1403, 1404, 1405, 1406, 1407], size=128
Cluster 3: [256, 257, 258, 259, 260, 261, 262, 263, 264, 265, 266, 267, 268, 269, 270, 271, 272, 273, 274, 275, 276, 277, 278, 279, 280, 281, 282, 283, 284, 285, 286, 287, 288, 289, 290, 291, 292, 293, 294, 295, 296, 297, 298, 299, 300, 301, 302, 303, 304, 305, 306, 307, 308, 309, 310, 311, 312, 313, 314, 315, 316, 317, 318, 319, 320, 321, 322, 323, 324, 325, 326, 327, 328, 329, 330, 331, 332, 333, 334, 335, 336, 337, 338, 339, 340, 341, 342, 343, 344, 345, 346, 347, 348, 349, 350, 351, 352, 353, 354, 355, 356, 357, 358, 359, 360, 361, 362, 363, 364, 365, 366, 367, 368, 369, 370, 371, 372, 373, 374, 375, 376, 377, 378, 379, 380, 381, 382, 383], size=128
Cluster 4: [768, 769, 770, 771, 772, 773, 774, 775, 776, 777, 778, 779, 780, 781, 782, 783, 784, 785, 786, 787, 788, 789, 790, 791, 792, 793, 794, 795, 796, 797, 798, 799, 800, 801, 802, 803, 804, 805, 806, 807, 808, 809, 810, 811, 812, 813, 814, 815, 816, 817, 818, 819, 820, 821, 822, 823, 824, 825, 826, 827, 828, 829, 830, 831, 832, 833, 834, 835, 836, 837, 838, 839, 840, 841, 842, 843, 844, 845, 846, 847, 848, 849, 850, 851, 852, 853, 854, 855, 856, 857, 858, 859, 860, 861, 862, 863, 864, 865, 866, 867, 868, 869, 870, 871, 872, 873, 874, 875, 876, 877, 878, 879, 880, 881, 882, 883, 884, 885, 886, 887, 888, 889, 890, 891, 892, 893, 894, 895], size=128
Cluster 5: [640, 641, 642, 643, 644, 645, 646, 647, 648, 649, 650, 651, 652, 653, 654, 655, 656, 657, 658, 659, 660, 661, 662, 663, 664, 665, 666, 667, 668, 669, 670, 671, 672, 673, 674, 675, 676, 677, 678, 679, 680, 681, 682, 683, 684, 685, 686, 687, 688, 689, 690, 691, 692, 693, 694, 695, 696, 697, 698, 699, 700, 701, 702, 703, 704, 705, 706, 707, 708, 709, 710, 711, 712, 713, 714, 715, 716, 717, 718, 719, 720, 721, 722, 723, 724, 725, 726, 727, 728, 729, 730, 731, 732, 733, 734, 735, 736, 737, 738, 739, 740, 741, 742, 743, 744, 745, 746, 747, 748, 749, 750, 751, 752, 753, 754, 755, 756, 757, 758, 759, 760, 761, 762, 763, 764, 765, 766, 767], size=128
Cluster 6: [128, 129, 130, 131, 132, 133, 134, 135, 136, 137, 138, 139, 140, 141, 142, 143, 144, 145, 146, 147, 148, 149, 150, 151, 152, 153, 154, 155, 156, 157, 158, 159, 160, 161, 162, 163, 164, 165, 166, 167, 168, 169, 170, 171, 172, 173, 174, 175, 176, 177, 178, 179, 180, 181, 182, 183, 184, 185, 186, 187, 188, 189, 190, 191, 192, 193, 194, 195, 196, 197, 198, 199, 200, 201, 202, 203, 204, 205, 206, 207, 208, 209, 210, 211, 212, 213, 214, 215, 216, 217, 218, 219, 220, 221, 222, 223, 224, 225, 226, 227, 228, 229, 230, 231, 232, 233, 234, 235, 236, 237, 238, 239, 240, 241, 242, 243, 244, 245, 246, 247, 248, 249, 250, 251, 252, 253, 254, 255], size=128
Cluster 7: [384, 385, 386, 387, 388, 389, 390, 391, 392, 393, 394, 395, 396, 397, 398, 399, 400, 401, 402, 403, 404, 405, 406, 407, 408, 409, 410, 411, 412, 413, 414, 415, 416, 417, 418, 419, 420, 421, 422, 423, 424, 425, 426, 427, 428, 429, 430, 431, 432, 433, 434, 435, 436, 437, 438, 439, 440, 441, 442, 443, 444, 445, 446, 447, 448, 449, 450, 451, 452, 453, 454, 455, 456, 457, 458, 459, 460, 461, 462, 463, 464, 465, 466, 467, 468, 469, 470, 471, 472, 473, 474, 475, 476, 477, 478, 479, 480, 481, 482, 483, 484, 485, 486, 487, 488, 489, 490, 491, 492, 493, 494, 495, 496, 497, 498, 499, 500, 501, 502, 503, 504, 505, 506, 507, 508, 509, 510, 511], size=128
Cluster 8: [1664, 1665, 1666, 1667, 1668, 1669, 1670, 1671, 1672, 1673, 1674, 1675, 1676, 1677, 1678, 1679, 1680, 1681, 1682, 1683, 1684, 1685, 1686, 1687, 1688, 1689, 1690, 1691, 1692, 1693, 1694, 1695, 1696, 1697, 1698, 1699, 1700, 1701, 1702, 1703, 1704, 1705, 1706, 1707, 1708, 1709, 1710, 1711, 1712, 1713, 1714, 1715, 1716, 1717, 1718, 1719, 1720, 1721, 1722, 1723, 1724, 1725, 1726, 1727, 1728, 1729, 1730, 1731, 1732, 1733, 1734, 1735, 1736, 1737, 1738, 1739, 1740, 1741, 1742, 1743, 1744, 1745, 1746, 1747, 1748, 1749, 1750, 1751, 1752, 1753, 1754, 1755, 1756, 1757, 1758, 1759, 1760, 1761, 1762, 1763, 1764, 1765, 1766, 1767, 1768, 1769, 1770, 1771, 1772, 1773, 1774, 1775, 1776, 1777, 1778, 1779, 1780, 1781, 1782, 1783, 1784, 1785, 1786, 1787, 1788, 1789, 1790, 1791], size=128
Cluster 9: [896, 897, 898, 899, 900, 901, 902, 903, 904, 905, 906, 907, 908, 909, 910, 911, 912, 913, 914, 915, 916, 917, 918, 919, 920, 921, 922, 923, 924, 925, 926, 927, 928, 929, 930, 931, 932, 933, 934, 935, 936, 937, 938, 939, 940, 941, 942, 943, 944, 945, 946, 947, 948, 949, 950, 951, 952, 953, 954, 955, 956, 957, 958, 959, 960, 961, 962, 963, 964, 965, 966, 967, 968, 969, 970, 971, 972, 973, 974, 975, 976, 977, 978, 979, 980, 981, 982, 983, 984, 985, 986, 987, 988, 989, 990, 991, 992, 993, 994, 995, 996, 997, 998, 999, 1000, 1001, 1002, 1003, 1004, 1005, 1006, 1007, 1008, 1009, 1010, 1011, 1012, 1013, 1014, 1015, 1016, 1017, 1018, 1019, 1020, 1021, 1022, 1023], size=128
Cluster 10: [1536, 1537, 1538, 1539, 1540, 1541, 1542, 1543, 1544, 1545, 1546, 1547, 1548, 1549, 1550, 1551, 1552, 1553, 1554, 1555, 1556, 1557, 1558, 1559, 1560, 1561, 1562, 1563, 1564, 1565, 1566, 1567, 1568, 1569, 1570, 1571, 1572, 1573, 1574, 1575, 1576, 1577, 1578, 1579, 1580, 1581, 1582, 1583, 1584, 1585, 1586, 1587, 1588, 1589, 1590, 1591, 1592, 1593, 1594, 1595, 1596, 1597, 1598, 1599, 1600, 1601, 1602, 1603, 1604, 1605, 1606, 1607, 1608, 1609, 1610, 1611, 1612, 1613, 1614, 1615, 1616, 1617, 1618, 1619, 1620, 1621, 1622, 1623, 1624, 1625, 1626, 1627, 1628, 1629, 1630, 1631, 1632, 1633, 1634, 1635, 1636, 1637, 1638, 1639, 1640, 1641, 1642, 1643, 1644, 1645, 1646, 1647, 1648, 1649, 1650, 1651, 1652, 1653, 1654, 1655, 1656, 1657, 1658, 1659, 1660, 1661, 1662, 1663], size=128
Cluster 11: [1024, 1025, 1026, 1027, 1028, 1029, 1030, 1031, 1032, 1033, 1034, 1035, 1036, 1037, 1038, 1039, 1040, 1041, 1042, 1043, 1044, 1045, 1046, 1047, 1048, 1049, 1050, 1051, 1052, 1053, 1054, 1055, 1056, 1057, 1058, 1059, 1060, 1061, 1062, 1063, 1064, 1065, 1066, 1067, 1068, 1069, 1070, 1071, 1072, 1073, 1074, 1075, 1076, 1077, 1078, 1079, 1080, 1081, 1082, 1083, 1084, 1085, 1086, 1087, 1088, 1089, 1090, 1091, 1092, 1093, 1094, 1095, 1096, 1097, 1098, 1099, 1100, 1101, 1102, 1103, 1104, 1105, 1106, 1107, 1108, 1109, 1110, 1111, 1112, 1113, 1114, 1115, 1116, 1117, 1118, 1119, 1120, 1121, 1122, 1123, 1124, 1125, 1126, 1127, 1128, 1129, 1130, 1131, 1132, 1133, 1134, 1135, 1136, 1137, 1138, 1139, 1140, 1141, 1142, 1143, 1144, 1145, 1146, 1147, 1148, 1149, 1150, 1151], size=128
Cluster 12: [1920, 1921, 1922, 1923, 1924, 1925, 1926, 1927, 1928, 1929, 1930, 1931, 1932, 1933, 1934, 1935, 1936, 1937, 1938, 1939, 1940, 1941, 1942, 1943, 1944, 1945, 1946, 1947, 1948, 1949, 1950, 1951, 1952, 1953, 1954, 1955, 1956, 1957, 1958, 1959, 1960, 1961, 1962, 1963, 1964, 1965, 1966, 1967, 1968, 1969, 1970, 1971, 1972, 1973, 1974, 1975, 1976, 1977, 1978, 1979, 1980, 1981, 1982, 1983, 1984, 1985, 1986, 1987, 1988, 1989, 1990, 1991, 1992, 1993, 1994, 1995, 1996, 1997, 1998, 1999, 2000, 2001, 2002, 2003, 2004, 2005, 2006, 2007, 2008, 2009, 2010, 2011, 2012, 2013, 2014, 2015, 2016, 2017, 2018, 2019, 2020, 2021, 2022, 2023, 2024, 2025, 2026, 2027, 2028, 2029, 2030, 2031, 2032, 2033, 2034, 2035, 2036, 2037, 2038, 2039, 2040, 2041, 2042, 2043, 2044, 2045, 2046, 2047], size=128
Cluster 13: [1152, 1153, 1154, 1155, 1156, 1157, 1158, 1159, 1160, 1161, 1162, 1163, 1164, 1165, 1166, 1167, 1168, 1169, 1170, 1171, 1172, 1173, 1174, 1175, 1176, 1177, 1178, 1179, 1180, 1181, 1182, 1183, 1184, 1185, 1186, 1187, 1188, 1189, 1190, 1191, 1192, 1193, 1194, 1195, 1196, 1197, 1198, 1199, 1200, 1201, 1202, 1203, 1204, 1205, 1206, 1207, 1208, 1209, 1210, 1211, 1212, 1213, 1214, 1215, 1216, 1217, 1218, 1219, 1220, 1221, 1222, 1223, 1224, 1225, 1226, 1227, 1228, 1229, 1230, 1231, 1232, 1233, 1234, 1235, 1236, 1237, 1238, 1239, 1240, 1241, 1242, 1243, 1244, 1245, 1246, 1247, 1248, 1249, 1250, 1251, 1252, 1253, 1254, 1255, 1256, 1257, 1258, 1259, 1260, 1261, 1262, 1263, 1264, 1265, 1266, 1267, 1268, 1269, 1270, 1271, 1272, 1273, 1274, 1275, 1276, 1277, 1278, 1279], size=128
Cluster 14: [0, 1, 2, 3, 4, 5, 6, 7, 8, 9, 10, 11, 12, 13, 14, 15, 16, 17, 18, 19, 20, 21, 22, 23, 24, 25, 26, 27, 28, 29, 30, 31, 32, 33, 34, 35, 36, 37, 38, 39, 40, 41, 42, 43, 44, 45, 46, 47, 48, 49, 50, 51, 52, 53, 54, 55, 56, 57, 58, 59, 60, 61, 62, 63, 64, 65, 66, 67, 68, 69, 70, 71, 72, 73, 74, 75, 76, 77, 78, 79, 80, 81, 82, 83, 84, 85, 86, 87, 88, 89, 90, 91, 92, 93, 94, 95, 96, 97, 98, 99, 100, 101, 102, 103, 104, 105, 106, 107, 108, 109, 110, 111, 112, 113, 114, 115, 116, 117, 118, 119, 120, 121, 122, 123, 124, 125, 126, 127], size=128
Cluster 15: [1792, 1793, 1794, 1795, 1796, 1797, 1798, 1799, 1800, 1801, 1802, 1803, 1804, 1805, 1806, 1807, 1808, 1809, 1810, 1811, 1812, 1813, 1814, 1815, 1816, 1817, 1818, 1819, 1820, 1821, 1822, 1823, 1824, 1825, 1826, 1827, 1828, 1829, 1830, 1831, 1832, 1833, 1834, 1835, 1836, 1837, 1838, 1839, 1840, 1841, 1842, 1843, 1844, 1845, 1846, 1847, 1848, 1849, 1850, 1851, 1852, 1853, 1854, 1855, 1856, 1857, 1858, 1859, 1860, 1861, 1862, 1863, 1864, 1865, 1866, 1867, 1868, 1869, 1870, 1871, 1872, 1873, 1874, 1875, 1876, 1877, 1878, 1879, 1880, 1881, 1882, 1883, 1884, 1885, 1886, 1887, 1888, 1889, 1890, 1891, 1892, 1893, 1894, 1895, 1896, 1897, 1898, 1899, 1900, 1901, 1902, 1903, 1904, 1905, 1906, 1907, 1908, 1909, 1910, 1911, 1912, 1913, 1914, 1915, 1916, 1917, 1918, 1919], size=128

Cluster Binary bilanciati
-------------------------
Cluster 0: [1408, 1409, 1410, 1411, 1412, 1413, 1414, 1415, 1416, 1417, 1418, 1419, 1420, 1421, 1422, 1423, 1424, 1425, 1426, 1427, 1428, 1429, 1430, 1431, 1432, 1433, 1434, 1435, 1436, 1437, 1438, 1439, 1440, 1441, 1442, 1443, 1444, 1445, 1446, 1447, 1448, 1449, 1450, 1451, 1452, 1453, 1454, 1455, 1456, 1457, 1458, 1459, 1460, 1461, 1462, 1463, 1464, 1465, 1466, 1467, 1468, 1469, 1470, 1471, 1472, 1473, 1474, 1475, 1476, 1477, 1478, 1479, 1480, 1481, 1482, 1483, 1484, 1485, 1486, 1487, 1488, 1489, 1490, 1491, 1492, 1493, 1494, 1495, 1496, 1497, 1498, 1499, 1500, 1501, 1502, 1503, 1504, 1505, 1506, 1507, 1508, 1509, 1510, 1511, 1512, 1513, 1514, 1515, 1516, 1517, 1518, 1519, 1520, 1521, 1522, 1523, 1524, 1525, 1526, 1527, 1528, 1529, 1530, 1531, 1532, 1533, 1534, 1535], size=128
Cluster 1: [512, 513, 514, 515, 516, 517, 518, 519, 520, 521, 522, 523, 524, 525, 526, 527, 528, 529, 530, 531, 532, 533, 534, 535, 536, 537, 538, 539, 540, 541, 542, 543, 544, 545, 546, 547, 548, 549, 550, 551, 552, 553, 554, 555, 556, 557, 558, 559, 560, 561, 562, 563, 564, 565, 566, 567, 568, 569, 570, 571, 572, 573, 574, 575, 576, 577, 578, 579, 580, 581, 582, 583, 584, 585, 586, 587, 588, 589, 590, 591, 592, 593, 594, 595, 596, 597, 598, 599, 600, 601, 602, 603, 604, 605, 606, 607, 608, 609, 610, 611, 612, 613, 614, 615, 616, 617, 618, 619, 620, 621, 622, 623, 624, 625, 626, 627, 628, 629, 630, 631, 632, 633, 634, 635, 636, 637, 638, 639], size=128
Cluster 2: [1280, 1281, 1282, 1283, 1284, 1285, 1286, 1287, 1288, 1289, 1290, 1291, 1292, 1293, 1294, 1295, 1296, 1297, 1298, 1299, 1300, 1301, 1302, 1303, 1304, 1305, 1306, 1307, 1308, 1309, 1310, 1311, 1312, 1313, 1314, 1315, 1316, 1317, 1318, 1319, 1320, 1321, 1322, 1323, 1324, 1325, 1326, 1327, 1328, 1329, 1330, 1331, 1332, 1333, 1334, 1335, 1336, 1337, 1338, 1339, 1340, 1341, 1342, 1343, 1344, 1345, 1346, 1347, 1348, 1349, 1350, 1351, 1352, 1353, 1354, 1355, 1356, 1357, 1358, 1359, 1360, 1361, 1362, 1363, 1364, 1365, 1366, 1367, 1368, 1369, 1370, 1371, 1372, 1373, 1374, 1375, 1376, 1377, 1378, 1379, 1380, 1381, 1382, 1383, 1384, 1385, 1386, 1387, 1388, 1389, 1390, 1391, 1392, 1393, 1394, 1395, 1396, 1397, 1398, 1399, 1400, 1401, 1402, 1403, 1404, 1405, 1406, 1407], size=128
Cluster 3: [256, 257, 258, 259, 260, 261, 262, 263, 264, 265, 266, 267, 268, 269, 270, 271, 272, 273, 274, 275, 276, 277, 278, 279, 280, 281, 282, 283, 284, 285, 286, 287, 288, 289, 290, 291, 292, 293, 294, 295, 296, 297, 298, 299, 300, 301, 302, 303, 304, 305, 306, 307, 308, 309, 310, 311, 312, 313, 314, 315, 316, 317, 318, 319, 320, 321, 322, 323, 324, 325, 326, 327, 328, 329, 330, 331, 332, 333, 334, 335, 336, 337, 338, 339, 340, 341, 342, 343, 344, 345, 346, 347, 348, 349, 350, 351, 352, 353, 354, 355, 356, 357, 358, 359, 360, 361, 362, 363, 364, 365, 366, 367, 368, 369, 370, 371, 372, 373, 374, 375, 376, 377, 378, 379, 380, 381, 382, 383], size=128
Cluster 4: [768, 769, 770, 771, 772, 773, 774, 775, 776, 777, 778, 779, 780, 781, 782, 783, 784, 785, 786, 787, 788, 789, 790, 791, 792, 793, 794, 795, 796, 797, 798, 799, 800, 801, 802, 803, 804, 805, 806, 807, 808, 809, 810, 811, 812, 813, 814, 815, 816, 817, 818, 819, 820, 821, 822, 823, 824, 825, 826, 827, 828, 829, 830, 831, 832, 833, 834, 835, 836, 837, 838, 839, 840, 841, 842, 843, 844, 845, 846, 847, 848, 849, 850, 851, 852, 853, 854, 855, 856, 857, 858, 859, 860, 861, 862, 863, 864, 865, 866, 867, 868, 869, 870, 871, 872, 873, 874, 875, 876, 877, 878, 879, 880, 881, 882, 883, 884, 885, 886, 887, 888, 889, 890, 891, 892, 893, 894, 895], size=128
Cluster 5: [640, 641, 642, 643, 644, 645, 646, 647, 648, 649, 650, 651, 652, 653, 654, 655, 656, 657, 658, 659, 660, 661, 662, 663, 664, 665, 666, 667, 668, 669, 670, 671, 672, 673, 674, 675, 676, 677, 678, 679, 680, 681, 682, 683, 684, 685, 686, 687, 688, 689, 690, 691, 692, 693, 694, 695, 696, 697, 698, 699, 700, 701, 702, 703, 704, 705, 706, 707, 708, 709, 710, 711, 712, 713, 714, 715, 716, 717, 718, 719, 720, 721, 722, 723, 724, 725, 726, 727, 728, 729, 730, 731, 732, 733, 734, 735, 736, 737, 738, 739, 740, 741, 742, 743, 744, 745, 746, 747, 748, 749, 750, 751, 752, 753, 754, 755, 756, 757, 758, 759, 760, 761, 762, 763, 764, 765, 766, 767], size=128
Cluster 6: [128, 129, 130, 131, 132, 133, 134, 135, 136, 137, 138, 139, 140, 141, 142, 143, 144, 145, 146, 147, 148, 149, 150, 151, 152, 153, 154, 155, 156, 157, 158, 159, 160, 161, 162, 163, 164, 165, 166, 167, 168, 169, 170, 171, 172, 173, 174, 175, 176, 177, 178, 179, 180, 181, 182, 183, 184, 185, 186, 187, 188, 189, 190, 191, 192, 193, 194, 195, 196, 197, 198, 199, 200, 201, 202, 203, 204, 205, 206, 207, 208, 209, 210, 211, 212, 213, 214, 215, 216, 217, 218, 219, 220, 221, 222, 223, 224, 225, 226, 227, 228, 229, 230, 231, 232, 233, 234, 235, 236, 237, 238, 239, 240, 241, 242, 243, 244, 245, 246, 247, 248, 249, 250, 251, 252, 253, 254, 255], size=128
Cluster 7: [384, 385, 386, 387, 388, 389, 390, 391, 392, 393, 394, 395, 396, 397, 398, 399, 400, 401, 402, 403, 404, 405, 406, 407, 408, 409, 410, 411, 412, 413, 414, 415, 416, 417, 418, 419, 420, 421, 422, 423, 424, 425, 426, 427, 428, 429, 430, 431, 432, 433, 434, 435, 436, 437, 438, 439, 440, 441, 442, 443, 444, 445, 446, 447, 448, 449, 450, 451, 452, 453, 454, 455, 456, 457, 458, 459, 460, 461, 462, 463, 464, 465, 466, 467, 468, 469, 470, 471, 472, 473, 474, 475, 476, 477, 478, 479, 480, 481, 482, 483, 484, 485, 486, 487, 488, 489, 490, 491, 492, 493, 494, 495, 496, 497, 498, 499, 500, 501, 502, 503, 504, 505, 506, 507, 508, 509, 510, 511], size=128
Cluster 8: [1664, 1665, 1666, 1667, 1668, 1669, 1670, 1671, 1672, 1673, 1674, 1675, 1676, 1677, 1678, 1679, 1680, 1681, 1682, 1683, 1684, 1685, 1686, 1687, 1688, 1689, 1690, 1691, 1692, 1693, 1694, 1695, 1696, 1697, 1698, 1699, 1700, 1701, 1702, 1703, 1704, 1705, 1706, 1707, 1708, 1709, 1710, 1711, 1712, 1713, 1714, 1715, 1716, 1717, 1718, 1719, 1720, 1721, 1722, 1723, 1724, 1725, 1726, 1727, 1728, 1729, 1730, 1731, 1732, 1733, 1734, 1735, 1736, 1737, 1738, 1739, 1740, 1741, 1742, 1743, 1744, 1745, 1746, 1747, 1748, 1749, 1750, 1751, 1752, 1753, 1754, 1755, 1756, 1757, 1758, 1759, 1760, 1761, 1762, 1763, 1764, 1765, 1766, 1767, 1768, 1769, 1770, 1771, 1772, 1773, 1774, 1775, 1776, 1777, 1778, 1779, 1780, 1781, 1782, 1783, 1784, 1785, 1786, 1787, 1788, 1789, 1790, 1791], size=128
Cluster 9: [896, 897, 898, 899, 900, 901, 902, 903, 904, 905, 906, 907, 908, 909, 910, 911, 912, 913, 914, 915, 916, 917, 918, 919, 920, 921, 922, 923, 924, 925, 926, 927, 928, 929, 930, 931, 932, 933, 934, 935, 936, 937, 938, 939, 940, 941, 942, 943, 944, 945, 946, 947, 948, 949, 950, 951, 952, 953, 954, 955, 956, 957, 958, 959, 960, 961, 962, 963, 964, 965, 966, 967, 968, 969, 970, 971, 972, 973, 974, 975, 976, 977, 978, 979, 980, 981, 982, 983, 984, 985, 986, 987, 988, 989, 990, 991, 992, 993, 994, 995, 996, 997, 998, 999, 1000, 1001, 1002, 1003, 1004, 1005, 1006, 1007, 1008, 1009, 1010, 1011, 1012, 1013, 1014, 1015, 1016, 1017, 1018, 1019, 1020, 1021, 1022, 1023], size=128
Cluster 10: [1536, 1537, 1538, 1539, 1540, 1541, 1542, 1543, 1544, 1545, 1546, 1547, 1548, 1549, 1550, 1551, 1552, 1553, 1554, 1555, 1556, 1557, 1558, 1559, 1560, 1561, 1562, 1563, 1564, 1565, 1566, 1567, 1568, 1569, 1570, 1571, 1572, 1573, 1574, 1575, 1576, 1577, 1578, 1579, 1580, 1581, 1582, 1583, 1584, 1585, 1586, 1587, 1588, 1589, 1590, 1591, 1592, 1593, 1594, 1595, 1596, 1597, 1598, 1599, 1600, 1601, 1602, 1603, 1604, 1605, 1606, 1607, 1608, 1609, 1610, 1611, 1612, 1613, 1614, 1615, 1616, 1617, 1618, 1619, 1620, 1621, 1622, 1623, 1624, 1625, 1626, 1627, 1628, 1629, 1630, 1631, 1632, 1633, 1634, 1635, 1636, 1637, 1638, 1639, 1640, 1641, 1642, 1643, 1644, 1645, 1646, 1647, 1648, 1649, 1650, 1651, 1652, 1653, 1654, 1655, 1656, 1657, 1658, 1659, 1660, 1661, 1662, 1663], size=128
Cluster 11: [1024, 1025, 1026, 1027, 1028, 1029, 1030, 1031, 1032, 1033, 1034, 1035, 1036, 1037, 1038, 1039, 1040, 1041, 1042, 1043, 1044, 1045, 1046, 1047, 1048, 1049, 1050, 1051, 1052, 1053, 1054, 1055, 1056, 1057, 1058, 1059, 1060, 1061, 1062, 1063, 1064, 1065, 1066, 1067, 1068, 1069, 1070, 1071, 1072, 1073, 1074, 1075, 1076, 1077, 1078, 1079, 1080, 1081, 1082, 1083, 1084, 1085, 1086, 1087, 1088, 1089, 1090, 1091, 1092, 1093, 1094, 1095, 1096, 1097, 1098, 1099, 1100, 1101, 1102, 1103, 1104, 1105, 1106, 1107, 1108, 1109, 1110, 1111, 1112, 1113, 1114, 1115, 1116, 1117, 1118, 1119, 1120, 1121, 1122, 1123, 1124, 1125, 1126, 1127, 1128, 1129, 1130, 1131, 1132, 1133, 1134, 1135, 1136, 1137, 1138, 1139, 1140, 1141, 1142, 1143, 1144, 1145, 1146, 1147, 1148, 1149, 1150, 1151], size=128
Cluster 12: [1920, 1921, 1922, 1923, 1924, 1925, 1926, 1927, 1928, 1929, 1930, 1931, 1932, 1933, 1934, 1935, 1936, 1937, 1938, 1939, 1940, 1941, 1942, 1943, 1944, 1945, 1946, 1947, 1948, 1949, 1950, 1951, 1952, 1953, 1954, 1955, 1956, 1957, 1958, 1959, 1960, 1961, 1962, 1963, 1964, 1965, 1966, 1967, 1968, 1969, 1970, 1971, 1972, 1973, 1974, 1975, 1976, 1977, 1978, 1979, 1980, 1981, 1982, 1983, 1984, 1985, 1986, 1987, 1988, 1989, 1990, 1991, 1992, 1993, 1994, 1995, 1996, 1997, 1998, 1999, 2000, 2001, 2002, 2003, 2004, 2005, 2006, 2007, 2008, 2009, 2010, 2011, 2012, 2013, 2014, 2015, 2016, 2017, 2018, 2019, 2020, 2021, 2022, 2023, 2024, 2025, 2026, 2027, 2028, 2029, 2030, 2031, 2032, 2033, 2034, 2035, 2036, 2037, 2038, 2039, 2040, 2041, 2042, 2043, 2044, 2045, 2046, 2047], size=128
Cluster 13: [1152, 1153, 1154, 1155, 1156, 1157, 1158, 1159, 1160, 1161, 1162, 1163, 1164, 1165, 1166, 1167, 1168, 1169, 1170, 1171, 1172, 1173, 1174, 1175, 1176, 1177, 1178, 1179, 1180, 1181, 1182, 1183, 1184, 1185, 1186, 1187, 1188, 1189, 1190, 1191, 1192, 1193, 1194, 1195, 1196, 1197, 1198, 1199, 1200, 1201, 1202, 1203, 1204, 1205, 1206, 1207, 1208, 1209, 1210, 1211, 1212, 1213, 1214, 1215, 1216, 1217, 1218, 1219, 1220, 1221, 1222, 1223, 1224, 1225, 1226, 1227, 1228, 1229, 1230, 1231, 1232, 1233, 1234, 1235, 1236, 1237, 1238, 1239, 1240, 1241, 1242, 1243, 1244, 1245, 1246, 1247, 1248, 1249, 1250, 1251, 1252, 1253, 1254, 1255, 1256, 1257, 1258, 1259, 1260, 1261, 1262, 1263, 1264, 1265, 1266, 1267, 1268, 1269, 1270, 1271, 1272, 1273, 1274, 1275, 1276, 1277, 1278, 1279], size=128
Cluster 14: [0, 1, 2, 3, 4, 5, 6, 7, 8, 9, 10, 11, 12, 13, 14, 15, 16, 17, 18, 19, 20, 21, 22, 23, 24, 25, 26, 27, 28, 29, 30, 31, 32, 33, 34, 35, 36, 37, 38, 39, 40, 41, 42, 43, 44, 45, 46, 47, 48, 49, 50, 51, 52, 53, 54, 55, 56, 57, 58, 59, 60, 61, 62, 63, 64, 65, 66, 67, 68, 69, 70, 71, 72, 73, 74, 75, 76, 77, 78, 79, 80, 81, 82, 83, 84, 85, 86, 87, 88, 89, 90, 91, 92, 93, 94, 95, 96, 97, 98, 99, 100, 101, 102, 103, 104, 105, 106, 107, 108, 109, 110, 111, 112, 113, 114, 115, 116, 117, 118, 119, 120, 121, 122, 123, 124, 125, 126, 127], size=128
Cluster 15: [1792, 1793, 1794, 1795, 1796, 1797, 1798, 1799, 1800, 1801, 1802, 1803, 1804, 1805, 1806, 1807, 1808, 1809, 1810, 1811, 1812, 1813, 1814, 1815, 1816, 1817, 1818, 1819, 1820, 1821, 1822, 1823, 1824, 1825, 1826, 1827, 1828, 1829, 1830, 1831, 1832, 1833, 1834, 1835, 1836, 1837, 1838, 1839, 1840, 1841, 1842, 1843, 1844, 1845, 1846, 1847, 1848, 1849, 1850, 1851, 1852, 1853, 1854, 1855, 1856, 1857, 1858, 1859, 1860, 1861, 1862, 1863, 1864, 1865, 1866, 1867, 1868, 1869, 1870, 1871, 1872, 1873, 1874, 1875, 1876, 1877, 1878, 1879, 1880, 1881, 1882, 1883, 1884, 1885, 1886, 1887, 1888, 1889, 1890, 1891, 1892, 1893, 1894, 1895, 1896, 1897, 1898, 1899, 1900, 1901, 1902, 1903, 1904, 1905, 1906, 1907, 1908, 1909, 1910, 1911, 1912, 1913, 1914, 1915, 1916, 1917, 1918, 1919], size=128

Cluster Binary GPU originali
------------------------
Cluster 0: [128, 196, 211, 212, 231, 233, 239, 254, 275, 299, 306, 307, 321, 342, 344, 351, 354, 361, 368, 374, 393, 394, 416, 420, 429, 433, 453, 478, 485, 486, 514, 532, 538, 554, 576, 581, 584, 593, 599, 611, 617, 620, 651, 678, 693, 694, 706, 712, 727, 730, 743, 745, 764, 786, 808, 809, 817, 834, 857, 862, 887, 921, 922, 923, 926, 930, 942, 943, 944, 976, 986, 990, 1004, 1029, 1034, 1041, 1050, 1055, 1058, 1063, 1080, 1089, 1091, 1102, 1113, 1120, 1128, 1146, 1285, 1302, 1318, 1319, 1322, 1343, 1356, 1366, 1375, 1378, 1384, 1387, 1414, 1421, 1424, 1428, 1432, 1436, 1456, 1466, 1476, 1483, 1512, 1531, 1549, 1558, 1563, 1568, 1580, 1606, 1608, 1630, 1642, 1651, 1672, 1691, 1726, 1736, 1778, 1789], size=128
Cluster 1: [135, 162, 163, 173, 188, 203, 210, 218, 220, 237, 247, 251, 256, 270, 281, 289, 297, 298, 305, 316, 324, 350, 352, 366, 381, 382, 411, 414, 422, 427, 438, 464, 471, 479, 494, 495, 519, 534, 543, 544, 552, 579, 582, 591, 602, 610, 630, 654, 680, 707, 710, 721, 736, 741, 744, 771, 772, 788, 806, 818, 836, 855, 869, 879, 886, 904, 931, 963, 965, 994, 998, 1001, 1013, 1018, 1036, 1106, 1117, 1121, 1131, 1288, 1303, 1304, 1342, 1344, 1345, 1364, 1379, 1393, 1395, 1405, 1418, 1423, 1440, 1447, 1467, 1471, 1473, 1474, 1481, 1488, 1490, 1494, 1507, 1517, 1519, 1536, 1548, 1550, 1554, 1572, 1591, 1594, 1602, 1604, 1646, 1654, 1692, 1694, 1706, 1713, 1718, 1731, 1737, 1771, 1773, 1782, 1785, 1791], size=128
Cluster 2: [141, 168, 175, 185, 192, 194, 198, 240, 259, 261, 265, 266, 271, 292, 300, 303, 322, 331, 332, 339, 353, 365, 367, 376, 383, 398, 408, 426, 432, 436, 439, 450, 462, 480, 482, 483, 507, 527, 529, 535, 548, 561, 567, 588, 590, 607, 613, 618, 637, 670, 674, 679, 692, 704, 720, 746, 765, 777, 780, 792, 812, 892, 900, 907, 916, 932, 936, 937, 950, 952, 962, 964, 973, 984, 993, 1022, 1047, 1052, 1061, 1078, 1100, 1103, 1107, 1111, 1133, 1137, 1144, 1301, 1323, 1340, 1353, 1357, 1376, 1401, 1444, 1448, 1452, 1463, 1468, 1489, 1506, 1521, 1540, 1547, 1566, 1573, 1582, 1586, 1601, 1609, 1615, 1644, 1645, 1647, 1650, 1658, 1666, 1671, 1677, 1686, 1690, 1697, 1719, 1720, 1753, 1769, 1781, 1787], size=128
Cluster 3: [148, 170, 182, 184, 199, 222, 226, 236, 244, 250, 272, 273, 274, 277, 286, 309, 310, 311, 334, 358, 371, 405, 413, 415, 425, 445, 465, 481, 493, 497, 506, 518, 526, 530, 551, 555, 557, 570, 572, 575, 583, 585, 596, 598, 609, 614, 619, 628, 650, 705, 715, 755, 756, 757, 759, 767, 781, 782, 785, 807, 819, 824, 838, 849, 859, 861, 865, 874, 881, 905, 925, 939, 940, 941, 948, 949, 968, 997, 999, 1000, 1005, 1009, 1053, 1083, 1094, 1110, 1124, 1134, 1138, 1287, 1307, 1310, 1313, 1330, 1331, 1350, 1358, 1360, 1386, 1402, 1422, 1427, 1433, 1446, 1449, 1450, 1455, 1465, 1472, 1493, 1509, 1557, 1564, 1575, 1622, 1623, 1629, 1641, 1652, 1665, 1670, 1674, 1689, 1699, 1704, 1727, 1738, 1745], size=128
Cluster 4: [147, 155, 174, 177, 179, 181, 208, 214, 221, 243, 285, 287, 296, 308, 312, 326, 327, 329, 341, 346, 360, 363, 370, 377, 380, 423, 428, 430, 435, 442, 451, 457, 461, 468, 490, 500, 505, 513, 522, 528, 560, 566, 589, 601, 621, 629, 631, 643, 660, 669, 677, 700, 701, 722, 733, 752, 774, 787, 798, 802, 813, 829, 832, 873, 888, 903, 914, 915, 938, 979, 987, 1007, 1010, 1023, 1027, 1040, 1054, 1075, 1090, 1105, 1114, 1132, 1280, 1305, 1315, 1326, 1333, 1351, 1359, 1391, 1419, 1420, 1435, 1441, 1454, 1464, 1475, 1487, 1510, 1516, 1537, 1538, 1545, 1587, 1592, 1596, 1599, 1600, 1613, 1619, 1620, 1625, 1640, 1655, 1656, 1659, 1667, 1673, 1683, 1688, 1708, 1717, 1728, 1741, 1766, 1767, 1779, 1783], size=128
Cluster 5: [129, 131, 136, 140, 142, 156, 158, 164, 167, 171, 178, 195, 209, 215, 282, 290, 291, 294, 318, 323, 328, 333, 348, 355, 375, 390, 409, 410, 419, 421, 440, 447, 458, 477, 516, 553, 571, 578, 597, 605, 615, 626, 634, 636, 649, 664, 668, 682, 695, 711, 724, 754, 778, 799, 810, 816, 820, 839, 841, 843, 845, 864, 889, 906, 909, 910, 917, 966, 974, 978, 982, 985, 988, 1006, 1033, 1037, 1043, 1057, 1067, 1073, 1084, 1085, 1116, 1118, 1151, 1283, 1286, 1290, 1316, 1329, 1336, 1341, 1347, 1368, 1374, 1389, 1460, 1461, 1491, 1492, 1503, 1523, 1552, 1556, 1565, 1569, 1571, 1574, 1610, 1612, 1614, 1617, 1624, 1627, 1635, 1649, 1653, 1676, 1680, 1681, 1709, 1729, 1734, 1746, 1756, 1765, 1770, 1774], size=128
Cluster 6: [132, 137, 138, 139, 144, 165, 183, 193, 204, 213, 224, 227, 228, 232, 235, 238, 242, 248, 258, 260, 280, 302, 314, 319, 325, 336, 349, 359, 362, 364, 388, 424, 434, 446, 467, 503, 523, 525, 531, 533, 536, 541, 542, 545, 547, 549, 558, 573, 594, 603, 622, 624, 638, 644, 661, 665, 666, 672, 691, 714, 718, 723, 737, 762, 793, 796, 803, 811, 842, 844, 846, 847, 858, 867, 893, 898, 899, 901, 918, 946, 983, 989, 1026, 1030, 1049, 1068, 1074, 1079, 1087, 1096, 1112, 1125, 1281, 1284, 1289, 1292, 1320, 1334, 1338, 1339, 1352, 1361, 1362, 1385, 1404, 1406, 1417, 1442, 1469, 1501, 1518, 1541, 1543, 1544, 1562, 1576, 1583, 1618, 1628, 1657, 1660, 1684, 1710, 1711, 1716, 1739, 1754, 1776], size=128
Cluster 7: [133, 145, 169, 172, 223, 234, 249, 255, 267, 338, 347, 357, 372, 373, 386, 389, 404, 448, 449, 460, 475, 491, 499, 501, 504, 539, 568, 587, 652, 657, 667, 671, 673, 676, 688, 697, 708, 713, 716, 731, 732, 735, 739, 750, 770, 783, 814, 823, 826, 828, 852, 868, 875, 882, 885, 894, 908, 912, 924, 933, 934, 945, 953, 958, 967, 970, 1024, 1031, 1032, 1035, 1046, 1065, 1088, 1093, 1097, 1101, 1108, 1140, 1142, 1145, 1149, 1293, 1298, 1299, 1309, 1314, 1317, 1324, 1328, 1335, 1355, 1370, 1380, 1381, 1383, 1394, 1407, 1425, 1429, 1431, 1453, 1457, 1480, 1486, 1498, 1505, 1511, 1524, 1526, 1530, 1542, 1553, 1559, 1560, 1561, 1567, 1578, 1616, 1626, 1664, 1669, 1679, 1740, 1743, 1747, 1755, 1760, 1763], size=128
Cluster 8: [153, 159, 176, 191, 217, 257, 264, 268, 278, 284, 335, 340, 356, 369, 395, 396, 412, 417, 431, 444, 454, 456, 473, 487, 498, 512, 515, 521, 559, 580, 595, 604, 616, 633, 635, 655, 656, 662, 675, 689, 690, 696, 703, 717, 728, 734, 738, 740, 753, 760, 761, 768, 773, 789, 790, 801, 822, 825, 830, 848, 850, 851, 866, 872, 876, 884, 890, 895, 911, 919, 935, 947, 969, 977, 991, 996, 1003, 1008, 1011, 1015, 1039, 1042, 1048, 1066, 1070, 1081, 1092, 1098, 1099, 1119, 1141, 1150, 1295, 1296, 1308, 1312, 1325, 1348, 1373, 1392, 1399, 1403, 1412, 1458, 1470, 1477, 1497, 1502, 1514, 1525, 1532, 1546, 1551, 1555, 1581, 1607, 1611, 1621, 1637, 1639, 1668, 1696, 1712, 1730, 1758, 1777, 1786, 1788], size=128
Cluster 9: [149, 151, 152, 154, 157, 160, 180, 190, 207, 225, 229, 245, 253, 263, 283, 301, 304, 313, 320, 345, 399, 403, 407, 437, 443, 452, 469, 470, 476, 489, 496, 509, 511, 517, 537, 546, 569, 574, 586, 606, 623, 625, 639, 653, 658, 684, 685, 687, 726, 749, 758, 784, 797, 800, 821, 827, 833, 837, 853, 877, 880, 896, 902, 913, 920, 927, 956, 959, 961, 971, 980, 992, 1002, 1014, 1019, 1045, 1060, 1062, 1069, 1072, 1077, 1115, 1122, 1127, 1135, 1139, 1143, 1148, 1300, 1311, 1327, 1346, 1365, 1377, 1388, 1398, 1415, 1416, 1443, 1445, 1504, 1527, 1535, 1539, 1588, 1593, 1595, 1603, 1605, 1632, 1662, 1675, 1682, 1693, 1701, 1702, 1703, 1721, 1723, 1732, 1735, 1749, 1752, 1761, 1764, 1775, 1780, 1784], size=128
Cluster 10: [143, 146, 150, 186, 197, 202, 206, 219, 246, 262, 279, 293, 317, 384, 392, 397, 400, 402, 441, 463, 472, 484, 488, 524, 540, 550, 556, 563, 577, 608, 612, 627, 632, 640, 641, 642, 645, 648, 659, 663, 681, 683, 698, 709, 725, 742, 748, 751, 766, 794, 795, 804, 835, 854, 863, 870, 883, 891, 928, 951, 954, 960, 972, 981, 1012, 1020, 1028, 1038, 1059, 1109, 1136, 1147, 1282, 1291, 1306, 1321, 1349, 1354, 1371, 1372, 1382, 1397, 1400, 1408, 1409, 1410, 1426, 1430, 1434, 1438, 1439, 1462, 1479, 1484, 1496, 1520, 1529, 1533, 1534, 1570, 1577, 1589, 1597, 1598, 1631, 1633, 1634, 1636, 1643, 1648, 1661, 1663, 1678, 1695, 1700, 1707, 1714, 1715, 1722, 1733, 1742, 1744, 1751, 1757, 1759, 1762, 1768, 1790], size=128
Cluster 11: [130, 134, 161, 166, 187, 189, 200, 201, 205, 216, 230, 241, 252, 269, 276, 288, 295, 315, 330, 337, 343, 378, 379, 385, 387, 391, 401, 406, 418, 455, 459, 466, 474, 492, 502, 508, 510, 520, 562, 564, 565, 592, 600, 646, 647, 686, 699, 702, 719, 729, 747, 763, 769, 775, 776, 779, 791, 805, 815, 831, 840, 856, 860, 871, 878, 897, 929, 955, 957, 975, 995, 1016, 1017, 1021, 1025, 1044, 1051, 1056, 1064, 1071, 1076, 1082, 1086, 1095, 1104, 1123, 1126, 1129, 1130, 1294, 1297, 1332, 1337, 1363, 1367, 1369, 1390, 1396, 1411, 1413, 1437, 1451, 1459, 1478, 1482, 1485, 1495, 1499, 1500, 1508, 1513, 1515, 1522, 1528, 1579, 1584, 1585, 1590, 1638, 1685, 1687, 1698, 1705, 1724, 1725, 1748, 1750, 1772], size=128
Cluster 12: [1920, 1921, 1922, 1923, 1924, 1925, 1926, 1927, 1928, 1929, 1930, 1931, 1932, 1933, 1934, 1935, 1936, 1937, 1938, 1939, 1940, 1941, 1942, 1943, 1944, 1945, 1946, 1947, 1948, 1949, 1950, 1951, 1952, 1953, 1954, 1955, 1956, 1957, 1958, 1959, 1960, 1961, 1962, 1963, 1964, 1965, 1966, 1967, 1968, 1969, 1970, 1971, 1972, 1973, 1974, 1975, 1976, 1977, 1978, 1979, 1980, 1981, 1982, 1983, 1984, 1985, 1986, 1987, 1988, 1989, 1990, 1991, 1992, 1993, 1994, 1995, 1996, 1997, 1998, 1999, 2000, 2001, 2002, 2003, 2004, 2005, 2006, 2007, 2008, 2009, 2010, 2011, 2012, 2013, 2014, 2015, 2016, 2017, 2018, 2019, 2020, 2021, 2022, 2023, 2024, 2025, 2026, 2027, 2028, 2029, 2030, 2031, 2032, 2033, 2034, 2035, 2036, 2037, 2038, 2039, 2040, 2041, 2042, 2043, 2044, 2045, 2046, 2047], size=128
Cluster 13: [1152, 1153, 1154, 1155, 1156, 1157, 1158, 1159, 1160, 1161, 1162, 1163, 1164, 1165, 1166, 1167, 1168, 1169, 1170, 1171, 1172, 1173, 1174, 1175, 1176, 1177, 1178, 1179, 1180, 1181, 1182, 1183, 1184, 1185, 1186, 1187, 1188, 1189, 1190, 1191, 1192, 1193, 1194, 1195, 1196, 1197, 1198, 1199, 1200, 1201, 1202, 1203, 1204, 1205, 1206, 1207, 1208, 1209, 1210, 1211, 1212, 1213, 1214, 1215, 1216, 1217, 1218, 1219, 1220, 1221, 1222, 1223, 1224, 1225, 1226, 1227, 1228, 1229, 1230, 1231, 1232, 1233, 1234, 1235, 1236, 1237, 1238, 1239, 1240, 1241, 1242, 1243, 1244, 1245, 1246, 1247, 1248, 1249, 1250, 1251, 1252, 1253, 1254, 1255, 1256, 1257, 1258, 1259, 1260, 1261, 1262, 1263, 1264, 1265, 1266, 1267, 1268, 1269, 1270, 1271, 1272, 1273, 1274, 1275, 1276, 1277, 1278, 1279], size=128
Cluster 14: [0, 1, 2, 3, 4, 5, 6, 7, 8, 9, 10, 11, 12, 13, 14, 15, 16, 17, 18, 19, 20, 21, 22, 23, 24, 25, 26, 27, 28, 29, 30, 31, 32, 33, 34, 35, 36, 37, 38, 39, 40, 41, 42, 43, 44, 45, 46, 47, 48, 49, 50, 51, 52, 53, 54, 55, 56, 57, 58, 59, 60, 61, 62, 63, 64, 65, 66, 67, 68, 69, 70, 71, 72, 73, 74, 75, 76, 77, 78, 79, 80, 81, 82, 83, 84, 85, 86, 87, 88, 89, 90, 91, 92, 93, 94, 95, 96, 97, 98, 99, 100, 101, 102, 103, 104, 105, 106, 107, 108, 109, 110, 111, 112, 113, 114, 115, 116, 117, 118, 119, 120, 121, 122, 123, 124, 125, 126, 127], size=128
Cluster 15: [1792, 1793, 1794, 1795, 1796, 1797, 1798, 1799, 1800, 1801, 1802, 1803, 1804, 1805, 1806, 1807, 1808, 1809, 1810, 1811, 1812, 1813, 1814, 1815, 1816, 1817, 1818, 1819, 1820, 1821, 1822, 1823, 1824, 1825, 1826, 1827, 1828, 1829, 1830, 1831, 1832, 1833, 1834, 1835, 1836, 1837, 1838, 1839, 1840, 1841, 1842, 1843, 1844, 1845, 1846, 1847, 1848, 1849, 1850, 1851, 1852, 1853, 1854, 1855, 1856, 1857, 1858, 1859, 1860, 1861, 1862, 1863, 1864, 1865, 1866, 1867, 1868, 1869, 1870, 1871, 1872, 1873, 1874, 1875, 1876, 1877, 1878, 1879, 1880, 1881, 1882, 1883, 1884, 1885, 1886, 1887, 1888, 1889, 1890, 1891, 1892, 1893, 1894, 1895, 1896, 1897, 1898, 1899, 1900, 1901, 1902, 1903, 1904, 1905, 1906, 1907, 1908, 1909, 1910, 1911, 1912, 1913, 1914, 1915, 1916, 1917, 1918, 1919], size=128

Cluster Binary GPU bilanciati
------------------------------
Cluster 0: [128, 196, 211, 212, 231, 233, 239, 254, 275, 299, 306, 307, 321, 342, 344, 351, 354, 361, 368, 374, 393, 394, 416, 420, 429, 433, 453, 478, 485, 486, 514, 532, 538, 554, 576, 581, 584, 593, 599, 611, 617, 620, 651, 678, 693, 694, 706, 712, 727, 730, 743, 745, 764, 786, 808, 809, 817, 834, 857, 862, 887, 921, 922, 923, 926, 930, 942, 943, 944, 976, 986, 990, 1004, 1029, 1034, 1041, 1050, 1055, 1058, 1063, 1080, 1089, 1091, 1102, 1113, 1120, 1128, 1146, 1285, 1302, 1318, 1319, 1322, 1343, 1356, 1366, 1375, 1378, 1384, 1387, 1414, 1421, 1424, 1428, 1432, 1436, 1456, 1466, 1476, 1483, 1512, 1531, 1549, 1558, 1563, 1568, 1580, 1606, 1608, 1630, 1642, 1651, 1672, 1691, 1726, 1736, 1778, 1789], size=128
Cluster 1: [135, 162, 163, 173, 188, 203, 210, 218, 220, 237, 247, 251, 256, 270, 281, 289, 297, 298, 305, 316, 324, 350, 352, 366, 381, 382, 411, 414, 422, 427, 438, 464, 471, 479, 494, 495, 519, 534, 543, 544, 552, 579, 582, 591, 602, 610, 630, 654, 680, 707, 710, 721, 736, 741, 744, 771, 772, 788, 806, 818, 836, 855, 869, 879, 886, 904, 931, 963, 965, 994, 998, 1001, 1013, 1018, 1036, 1106, 1117, 1121, 1131, 1288, 1303, 1304, 1342, 1344, 1345, 1364, 1379, 1393, 1395, 1405, 1418, 1423, 1440, 1447, 1467, 1471, 1473, 1474, 1481, 1488, 1490, 1494, 1507, 1517, 1519, 1536, 1548, 1550, 1554, 1572, 1591, 1594, 1602, 1604, 1646, 1654, 1692, 1694, 1706, 1713, 1718, 1731, 1737, 1771, 1773, 1782, 1785, 1791], size=128
Cluster 2: [141, 168, 175, 185, 192, 194, 198, 240, 259, 261, 265, 266, 271, 292, 300, 303, 322, 331, 332, 339, 353, 365, 367, 376, 383, 398, 408, 426, 432, 436, 439, 450, 462, 480, 482, 483, 507, 527, 529, 535, 548, 561, 567, 588, 590, 607, 613, 618, 637, 670, 674, 679, 692, 704, 720, 746, 765, 777, 780, 792, 812, 892, 900, 907, 916, 932, 936, 937, 950, 952, 962, 964, 973, 984, 993, 1022, 1047, 1052, 1061, 1078, 1100, 1103, 1107, 1111, 1133, 1137, 1144, 1301, 1323, 1340, 1353, 1357, 1376, 1401, 1444, 1448, 1452, 1463, 1468, 1489, 1506, 1521, 1540, 1547, 1566, 1573, 1582, 1586, 1601, 1609, 1615, 1644, 1645, 1647, 1650, 1658, 1666, 1671, 1677, 1686, 1690, 1697, 1719, 1720, 1753, 1769, 1781, 1787], size=128
Cluster 3: [148, 170, 182, 184, 199, 222, 226, 236, 244, 250, 272, 273, 274, 277, 286, 309, 310, 311, 334, 358, 371, 405, 413, 415, 425, 445, 465, 481, 493, 497, 506, 518, 526, 530, 551, 555, 557, 570, 572, 575, 583, 585, 596, 598, 609, 614, 619, 628, 650, 705, 715, 755, 756, 757, 759, 767, 781, 782, 785, 807, 819, 824, 838, 849, 859, 861, 865, 874, 881, 905, 925, 939, 940, 941, 948, 949, 968, 997, 999, 1000, 1005, 1009, 1053, 1083, 1094, 1110, 1124, 1134, 1138, 1287, 1307, 1310, 1313, 1330, 1331, 1350, 1358, 1360, 1386, 1402, 1422, 1427, 1433, 1446, 1449, 1450, 1455, 1465, 1472, 1493, 1509, 1557, 1564, 1575, 1622, 1623, 1629, 1641, 1652, 1665, 1670, 1674, 1689, 1699, 1704, 1727, 1738, 1745], size=128
Cluster 4: [147, 155, 174, 177, 179, 181, 208, 214, 221, 243, 285, 287, 296, 308, 312, 326, 327, 329, 341, 346, 360, 363, 370, 377, 380, 423, 428, 430, 435, 442, 451, 457, 461, 468, 490, 500, 505, 513, 522, 528, 560, 566, 589, 601, 621, 629, 631, 643, 660, 669, 677, 700, 701, 722, 733, 752, 774, 787, 798, 802, 813, 829, 832, 873, 888, 903, 914, 915, 938, 979, 987, 1007, 1010, 1023, 1027, 1040, 1054, 1075, 1090, 1105, 1114, 1132, 1280, 1305, 1315, 1326, 1333, 1351, 1359, 1391, 1419, 1420, 1435, 1441, 1454, 1464, 1475, 1487, 1510, 1516, 1537, 1538, 1545, 1587, 1592, 1596, 1599, 1600, 1613, 1619, 1620, 1625, 1640, 1655, 1656, 1659, 1667, 1673, 1683, 1688, 1708, 1717, 1728, 1741, 1766, 1767, 1779, 1783], size=128
Cluster 5: [129, 131, 136, 140, 142, 156, 158, 164, 167, 171, 178, 195, 209, 215, 282, 290, 291, 294, 318, 323, 328, 333, 348, 355, 375, 390, 409, 410, 419, 421, 440, 447, 458, 477, 516, 553, 571, 578, 597, 605, 615, 626, 634, 636, 649, 664, 668, 682, 695, 711, 724, 754, 778, 799, 810, 816, 820, 839, 841, 843, 845, 864, 889, 906, 909, 910, 917, 966, 974, 978, 982, 985, 988, 1006, 1033, 1037, 1043, 1057, 1067, 1073, 1084, 1085, 1116, 1118, 1151, 1283, 1286, 1290, 1316, 1329, 1336, 1341, 1347, 1368, 1374, 1389, 1460, 1461, 1491, 1492, 1503, 1523, 1552, 1556, 1565, 1569, 1571, 1574, 1610, 1612, 1614, 1617, 1624, 1627, 1635, 1649, 1653, 1676, 1680, 1681, 1709, 1729, 1734, 1746, 1756, 1765, 1770, 1774], size=128
Cluster 6: [132, 137, 138, 139, 144, 165, 183, 193, 204, 213, 224, 227, 228, 232, 235, 238, 242, 248, 258, 260, 280, 302, 314, 319, 325, 336, 349, 359, 362, 364, 388, 424, 434, 446, 467, 503, 523, 525, 531, 533, 536, 541, 542, 545, 547, 549, 558, 573, 594, 603, 622, 624, 638, 644, 661, 665, 666, 672, 691, 714, 718, 723, 737, 762, 793, 796, 803, 811, 842, 844, 846, 847, 858, 867, 893, 898, 899, 901, 918, 946, 983, 989, 1026, 1030, 1049, 1068, 1074, 1079, 1087, 1096, 1112, 1125, 1281, 1284, 1289, 1292, 1320, 1334, 1338, 1339, 1352, 1361, 1362, 1385, 1404, 1406, 1417, 1442, 1469, 1501, 1518, 1541, 1543, 1544, 1562, 1576, 1583, 1618, 1628, 1657, 1660, 1684, 1710, 1711, 1716, 1739, 1754, 1776], size=128
Cluster 7: [133, 145, 169, 172, 223, 234, 249, 255, 267, 338, 347, 357, 372, 373, 386, 389, 404, 448, 449, 460, 475, 491, 499, 501, 504, 539, 568, 587, 652, 657, 667, 671, 673, 676, 688, 697, 708, 713, 716, 731, 732, 735, 739, 750, 770, 783, 814, 823, 826, 828, 852, 868, 875, 882, 885, 894, 908, 912, 924, 933, 934, 945, 953, 958, 967, 970, 1024, 1031, 1032, 1035, 1046, 1065, 1088, 1093, 1097, 1101, 1108, 1140, 1142, 1145, 1149, 1293, 1298, 1299, 1309, 1314, 1317, 1324, 1328, 1335, 1355, 1370, 1380, 1381, 1383, 1394, 1407, 1425, 1429, 1431, 1453, 1457, 1480, 1486, 1498, 1505, 1511, 1524, 1526, 1530, 1542, 1553, 1559, 1560, 1561, 1567, 1578, 1616, 1626, 1664, 1669, 1679, 1740, 1743, 1747, 1755, 1760, 1763], size=128
Cluster 8: [153, 159, 176, 191, 217, 257, 264, 268, 278, 284, 335, 340, 356, 369, 395, 396, 412, 417, 431, 444, 454, 456, 473, 487, 498, 512, 515, 521, 559, 580, 595, 604, 616, 633, 635, 655, 656, 662, 675, 689, 690, 696, 703, 717, 728, 734, 738, 740, 753, 760, 761, 768, 773, 789, 790, 801, 822, 825, 830, 848, 850, 851, 866, 872, 876, 884, 890, 895, 911, 919, 935, 947, 969, 977, 991, 996, 1003, 1008, 1011, 1015, 1039, 1042, 1048, 1066, 1070, 1081, 1092, 1098, 1099, 1119, 1141, 1150, 1295, 1296, 1308, 1312, 1325, 1348, 1373, 1392, 1399, 1403, 1412, 1458, 1470, 1477, 1497, 1502, 1514, 1525, 1532, 1546, 1551, 1555, 1581, 1607, 1611, 1621, 1637, 1639, 1668, 1696, 1712, 1730, 1758, 1777, 1786, 1788], size=128
Cluster 9: [149, 151, 152, 154, 157, 160, 180, 190, 207, 225, 229, 245, 253, 263, 283, 301, 304, 313, 320, 345, 399, 403, 407, 437, 443, 452, 469, 470, 476, 489, 496, 509, 511, 517, 537, 546, 569, 574, 586, 606, 623, 625, 639, 653, 658, 684, 685, 687, 726, 749, 758, 784, 797, 800, 821, 827, 833, 837, 853, 877, 880, 896, 902, 913, 920, 927, 956, 959, 961, 971, 980, 992, 1002, 1014, 1019, 1045, 1060, 1062, 1069, 1072, 1077, 1115, 1122, 1127, 1135, 1139, 1143, 1148, 1300, 1311, 1327, 1346, 1365, 1377, 1388, 1398, 1415, 1416, 1443, 1445, 1504, 1527, 1535, 1539, 1588, 1593, 1595, 1603, 1605, 1632, 1662, 1675, 1682, 1693, 1701, 1702, 1703, 1721, 1723, 1732, 1735, 1749, 1752, 1761, 1764, 1775, 1780, 1784], size=128
Cluster 10: [143, 146, 150, 186, 197, 202, 206, 219, 246, 262, 279, 293, 317, 384, 392, 397, 400, 402, 441, 463, 472, 484, 488, 524, 540, 550, 556, 563, 577, 608, 612, 627, 632, 640, 641, 642, 645, 648, 659, 663, 681, 683, 698, 709, 725, 742, 748, 751, 766, 794, 795, 804, 835, 854, 863, 870, 883, 891, 928, 951, 954, 960, 972, 981, 1012, 1020, 1028, 1038, 1059, 1109, 1136, 1147, 1282, 1291, 1306, 1321, 1349, 1354, 1371, 1372, 1382, 1397, 1400, 1408, 1409, 1410, 1426, 1430, 1434, 1438, 1439, 1462, 1479, 1484, 1496, 1520, 1529, 1533, 1534, 1570, 1577, 1589, 1597, 1598, 1631, 1633, 1634, 1636, 1643, 1648, 1661, 1663, 1678, 1695, 1700, 1707, 1714, 1715, 1722, 1733, 1742, 1744, 1751, 1757, 1759, 1762, 1768, 1790], size=128
Cluster 11: [130, 134, 161, 166, 187, 189, 200, 201, 205, 216, 230, 241, 252, 269, 276, 288, 295, 315, 330, 337, 343, 378, 379, 385, 387, 391, 401, 406, 418, 455, 459, 466, 474, 492, 502, 508, 510, 520, 562, 564, 565, 592, 600, 646, 647, 686, 699, 702, 719, 729, 747, 763, 769, 775, 776, 779, 791, 805, 815, 831, 840, 856, 860, 871, 878, 897, 929, 955, 957, 975, 995, 1016, 1017, 1021, 1025, 1044, 1051, 1056, 1064, 1071, 1076, 1082, 1086, 1095, 1104, 1123, 1126, 1129, 1130, 1294, 1297, 1332, 1337, 1363, 1367, 1369, 1390, 1396, 1411, 1413, 1437, 1451, 1459, 1478, 1482, 1485, 1495, 1499, 1500, 1508, 1513, 1515, 1522, 1528, 1579, 1584, 1585, 1590, 1638, 1685, 1687, 1698, 1705, 1724, 1725, 1748, 1750, 1772], size=128
Cluster 12: [1920, 1921, 1922, 1923, 1924, 1925, 1926, 1927, 1928, 1929, 1930, 1931, 1932, 1933, 1934, 1935, 1936, 1937, 1938, 1939, 1940, 1941, 1942, 1943, 1944, 1945, 1946, 1947, 1948, 1949, 1950, 1951, 1952, 1953, 1954, 1955, 1956, 1957, 1958, 1959, 1960, 1961, 1962, 1963, 1964, 1965, 1966, 1967, 1968, 1969, 1970, 1971, 1972, 1973, 1974, 1975, 1976, 1977, 1978, 1979, 1980, 1981, 1982, 1983, 1984, 1985, 1986, 1987, 1988, 1989, 1990, 1991, 1992, 1993, 1994, 1995, 1996, 1997, 1998, 1999, 2000, 2001, 2002, 2003, 2004, 2005, 2006, 2007, 2008, 2009, 2010, 2011, 2012, 2013, 2014, 2015, 2016, 2017, 2018, 2019, 2020, 2021, 2022, 2023, 2024, 2025, 2026, 2027, 2028, 2029, 2030, 2031, 2032, 2033, 2034, 2035, 2036, 2037, 2038, 2039, 2040, 2041, 2042, 2043, 2044, 2045, 2046, 2047], size=128
Cluster 13: [1152, 1153, 1154, 1155, 1156, 1157, 1158, 1159, 1160, 1161, 1162, 1163, 1164, 1165, 1166, 1167, 1168, 1169, 1170, 1171, 1172, 1173, 1174, 1175, 1176, 1177, 1178, 1179, 1180, 1181, 1182, 1183, 1184, 1185, 1186, 1187, 1188, 1189, 1190, 1191, 1192, 1193, 1194, 1195, 1196, 1197, 1198, 1199, 1200, 1201, 1202, 1203, 1204, 1205, 1206, 1207, 1208, 1209, 1210, 1211, 1212, 1213, 1214, 1215, 1216, 1217, 1218, 1219, 1220, 1221, 1222, 1223, 1224, 1225, 1226, 1227, 1228, 1229, 1230, 1231, 1232, 1233, 1234, 1235, 1236, 1237, 1238, 1239, 1240, 1241, 1242, 1243, 1244, 1245, 1246, 1247, 1248, 1249, 1250, 1251, 1252, 1253, 1254, 1255, 1256, 1257, 1258, 1259, 1260, 1261, 1262, 1263, 1264, 1265, 1266, 1267, 1268, 1269, 1270, 1271, 1272, 1273, 1274, 1275, 1276, 1277, 1278, 1279], size=128
Cluster 14: [0, 1, 2, 3, 4, 5, 6, 7, 8, 9, 10, 11, 12, 13, 14, 15, 16, 17, 18, 19, 20, 21, 22, 23, 24, 25, 26, 27, 28, 29, 30, 31, 32, 33, 34, 35, 36, 37, 38, 39, 40, 41, 42, 43, 44, 45, 46, 47, 48, 49, 50, 51, 52, 53, 54, 55, 56, 57, 58, 59, 60, 61, 62, 63, 64, 65, 66, 67, 68, 69, 70, 71, 72, 73, 74, 75, 76, 77, 78, 79, 80, 81, 82, 83, 84, 85, 86, 87, 88, 89, 90, 91, 92, 93, 94, 95, 96, 97, 98, 99, 100, 101, 102, 103, 104, 105, 106, 107, 108, 109, 110, 111, 112, 113, 114, 115, 116, 117, 118, 119, 120, 121, 122, 123, 124, 125, 126, 127], size=128
Cluster 15: [1792, 1793, 1794, 1795, 1796, 1797, 1798, 1799, 1800, 1801, 1802, 1803, 1804, 1805, 1806, 1807, 1808, 1809, 1810, 1811, 1812, 1813, 1814, 1815, 1816, 1817, 1818, 1819, 1820, 1821, 1822, 1823, 1824, 1825, 1826, 1827, 1828, 1829, 1830, 1831, 1832, 1833, 1834, 1835, 1836, 1837, 1838, 1839, 1840, 1841, 1842, 1843, 1844, 1845, 1846, 1847, 1848, 1849, 1850, 1851, 1852, 1853, 1854, 1855, 1856, 1857, 1858, 1859, 1860, 1861, 1862, 1863, 1864, 1865, 1866, 1867, 1868, 1869, 1870, 1871, 1872, 1873, 1874, 1875, 1876, 1877, 1878, 1879, 1880, 1881, 1882, 1883, 1884, 1885, 1886, 1887, 1888, 1889, 1890, 1891, 1892, 1893, 1894, 1895, 1896, 1897, 1898, 1899, 1900, 1901, 1902, 1903, 1904, 1905, 1906, 1907, 1908, 1909, 1910, 1911, 1912, 1913, 1914, 1915, 1916, 1917, 1918, 1919], size=128

========================================================================
LABEL NELL'ORDINE PERMUTATO
========================================================================
Ground truth:
[11  5  0 ...  6 11  8]

GMC diretto:
[ 0  1  2 ... 12  0  8]

Binary originale:
[ 0  5 14 ...  4  0 11]

Binary bilanciato:
[ 0  5 14 ...  4  0 11]

========================================================================
STRUTTURA DELL'ALBERO BINARY
========================================================================
node= 0 | level=0 | parent=None | left=   1 | right=   2 | size=2048 | indici originali=[0, 1, 2, 3, 4, 5, 6, 7, 8, 9, 10, 11, 12, 13, 14, 15, 16, 17, 18, 19, 20, 21, 22, 23, 24, 25, 26, 27, 28, 29, 30, 31, 32, 33, 34, 35, 36, 37, 38, 39, 40, 41, 42, 43, 44, 45, 46, 47, 48, 49, 50, 51, 52, 53, 54, 55, 56, 57, 58, 59, 60, 61, 62, 63, 64, 65, 66, 67, 68, 69, 70, 71, 72, 73, 74, 75, 76, 77, 78, 79, 80, 81, 82, 83, 84, 85, 86, 87, 88, 89, 90, 91, 92, 93, 94, 95, 96, 97, 98, 99, 100, 101, 102, 103, 104, 105, 106, 107, 108, 109, 110, 111, 112, 113, 114, 115, 116, 117, 118, 119, 120, 121, 122, 123, 124, 125, 126, 127, 128, 129, 130, 131, 132, 133, 134, 135, 136, 137, 138, 139, 140, 141, 142, 143, 144, 145, 146, 147, 148, 149, 150, 151, 152, 153, 154, 155, 156, 157, 158, 159, 160, 161, 162, 163, 164, 165, 166, 167, 168, 169, 170, 171, 172, 173, 174, 175, 176, 177, 178, 179, 180, 181, 182, 183, 184, 185, 186, 187, 188, 189, 190, 191, 192, 193, 194, 195, 196, 197, 198, 199, 200, 201, 202, 203, 204, 205, 206, 207, 208, 209, 210, 211, 212, 213, 214, 215, 216, 217, 218, 219, 220, 221, 222, 223, 224, 225, 226, 227, 228, 229, 230, 231, 232, 233, 234, 235, 236, 237, 238, 239, 240, 241, 242, 243, 244, 245, 246, 247, 248, 249, 250, 251, 252, 253, 254, 255, 256, 257, 258, 259, 260, 261, 262, 263, 264, 265, 266, 267, 268, 269, 270, 271, 272, 273, 274, 275, 276, 277, 278, 279, 280, 281, 282, 283, 284, 285, 286, 287, 288, 289, 290, 291, 292, 293, 294, 295, 296, 297, 298, 299, 300, 301, 302, 303, 304, 305, 306, 307, 308, 309, 310, 311, 312, 313, 314, 315, 316, 317, 318, 319, 320, 321, 322, 323, 324, 325, 326, 327, 328, 329, 330, 331, 332, 333, 334, 335, 336, 337, 338, 339, 340, 341, 342, 343, 344, 345, 346, 347, 348, 349, 350, 351, 352, 353, 354, 355, 356, 357, 358, 359, 360, 361, 362, 363, 364, 365, 366, 367, 368, 369, 370, 371, 372, 373, 374, 375, 376, 377, 378, 379, 380, 381, 382, 383, 384, 385, 386, 387, 388, 389, 390, 391, 392, 393, 394, 395, 396, 397, 398, 399, 400, 401, 402, 403, 404, 405, 406, 407, 408, 409, 410, 411, 412, 413, 414, 415, 416, 417, 418, 419, 420, 421, 422, 423, 424, 425, 426, 427, 428, 429, 430, 431, 432, 433, 434, 435, 436, 437, 438, 439, 440, 441, 442, 443, 444, 445, 446, 447, 448, 449, 450, 451, 452, 453, 454, 455, 456, 457, 458, 459, 460, 461, 462, 463, 464, 465, 466, 467, 468, 469, 470, 471, 472, 473, 474, 475, 476, 477, 478, 479, 480, 481, 482, 483, 484, 485, 486, 487, 488, 489, 490, 491, 492, 493, 494, 495, 496, 497, 498, 499, 500, 501, 502, 503, 504, 505, 506, 507, 508, 509, 510, 511, 512, 513, 514, 515, 516, 517, 518, 519, 520, 521, 522, 523, 524, 525, 526, 527, 528, 529, 530, 531, 532, 533, 534, 535, 536, 537, 538, 539, 540, 541, 542, 543, 544, 545, 546, 547, 548, 549, 550, 551, 552, 553, 554, 555, 556, 557, 558, 559, 560, 561, 562, 563, 564, 565, 566, 567, 568, 569, 570, 571, 572, 573, 574, 575, 576, 577, 578, 579, 580, 581, 582, 583, 584, 585, 586, 587, 588, 589, 590, 591, 592, 593, 594, 595, 596, 597, 598, 599, 600, 601, 602, 603, 604, 605, 606, 607, 608, 609, 610, 611, 612, 613, 614, 615, 616, 617, 618, 619, 620, 621, 622, 623, 624, 625, 626, 627, 628, 629, 630, 631, 632, 633, 634, 635, 636, 637, 638, 639, 640, 641, 642, 643, 644, 645, 646, 647, 648, 649, 650, 651, 652, 653, 654, 655, 656, 657, 658, 659, 660, 661, 662, 663, 664, 665, 666, 667, 668, 669, 670, 671, 672, 673, 674, 675, 676, 677, 678, 679, 680, 681, 682, 683, 684, 685, 686, 687, 688, 689, 690, 691, 692, 693, 694, 695, 696, 697, 698, 699, 700, 701, 702, 703, 704, 705, 706, 707, 708, 709, 710, 711, 712, 713, 714, 715, 716, 717, 718, 719, 720, 721, 722, 723, 724, 725, 726, 727, 728, 729, 730, 731, 732, 733, 734, 735, 736, 737, 738, 739, 740, 741, 742, 743, 744, 745, 746, 747, 748, 749, 750, 751, 752, 753, 754, 755, 756, 757, 758, 759, 760, 761, 762, 763, 764, 765, 766, 767, 768, 769, 770, 771, 772, 773, 774, 775, 776, 777, 778, 779, 780, 781, 782, 783, 784, 785, 786, 787, 788, 789, 790, 791, 792, 793, 794, 795, 796, 797, 798, 799, 800, 801, 802, 803, 804, 805, 806, 807, 808, 809, 810, 811, 812, 813, 814, 815, 816, 817, 818, 819, 820, 821, 822, 823, 824, 825, 826, 827, 828, 829, 830, 831, 832, 833, 834, 835, 836, 837, 838, 839, 840, 841, 842, 843, 844, 845, 846, 847, 848, 849, 850, 851, 852, 853, 854, 855, 856, 857, 858, 859, 860, 861, 862, 863, 864, 865, 866, 867, 868, 869, 870, 871, 872, 873, 874, 875, 876, 877, 878, 879, 880, 881, 882, 883, 884, 885, 886, 887, 888, 889, 890, 891, 892, 893, 894, 895, 896, 897, 898, 899, 900, 901, 902, 903, 904, 905, 906, 907, 908, 909, 910, 911, 912, 913, 914, 915, 916, 917, 918, 919, 920, 921, 922, 923, 924, 925, 926, 927, 928, 929, 930, 931, 932, 933, 934, 935, 936, 937, 938, 939, 940, 941, 942, 943, 944, 945, 946, 947, 948, 949, 950, 951, 952, 953, 954, 955, 956, 957, 958, 959, 960, 961, 962, 963, 964, 965, 966, 967, 968, 969, 970, 971, 972, 973, 974, 975, 976, 977, 978, 979, 980, 981, 982, 983, 984, 985, 986, 987, 988, 989, 990, 991, 992, 993, 994, 995, 996, 997, 998, 999, 1000, 1001, 1002, 1003, 1004, 1005, 1006, 1007, 1008, 1009, 1010, 1011, 1012, 1013, 1014, 1015, 1016, 1017, 1018, 1019, 1020, 1021, 1022, 1023, 1024, 1025, 1026, 1027, 1028, 1029, 1030, 1031, 1032, 1033, 1034, 1035, 1036, 1037, 1038, 1039, 1040, 1041, 1042, 1043, 1044, 1045, 1046, 1047, 1048, 1049, 1050, 1051, 1052, 1053, 1054, 1055, 1056, 1057, 1058, 1059, 1060, 1061, 1062, 1063, 1064, 1065, 1066, 1067, 1068, 1069, 1070, 1071, 1072, 1073, 1074, 1075, 1076, 1077, 1078, 1079, 1080, 1081, 1082, 1083, 1084, 1085, 1086, 1087, 1088, 1089, 1090, 1091, 1092, 1093, 1094, 1095, 1096, 1097, 1098, 1099, 1100, 1101, 1102, 1103, 1104, 1105, 1106, 1107, 1108, 1109, 1110, 1111, 1112, 1113, 1114, 1115, 1116, 1117, 1118, 1119, 1120, 1121, 1122, 1123, 1124, 1125, 1126, 1127, 1128, 1129, 1130, 1131, 1132, 1133, 1134, 1135, 1136, 1137, 1138, 1139, 1140, 1141, 1142, 1143, 1144, 1145, 1146, 1147, 1148, 1149, 1150, 1151, 1152, 1153, 1154, 1155, 1156, 1157, 1158, 1159, 1160, 1161, 1162, 1163, 1164, 1165, 1166, 1167, 1168, 1169, 1170, 1171, 1172, 1173, 1174, 1175, 1176, 1177, 1178, 1179, 1180, 1181, 1182, 1183, 1184, 1185, 1186, 1187, 1188, 1189, 1190, 1191, 1192, 1193, 1194, 1195, 1196, 1197, 1198, 1199, 1200, 1201, 1202, 1203, 1204, 1205, 1206, 1207, 1208, 1209, 1210, 1211, 1212, 1213, 1214, 1215, 1216, 1217, 1218, 1219, 1220, 1221, 1222, 1223, 1224, 1225, 1226, 1227, 1228, 1229, 1230, 1231, 1232, 1233, 1234, 1235, 1236, 1237, 1238, 1239, 1240, 1241, 1242, 1243, 1244, 1245, 1246, 1247, 1248, 1249, 1250, 1251, 1252, 1253, 1254, 1255, 1256, 1257, 1258, 1259, 1260, 1261, 1262, 1263, 1264, 1265, 1266, 1267, 1268, 1269, 1270, 1271, 1272, 1273, 1274, 1275, 1276, 1277, 1278, 1279, 1280, 1281, 1282, 1283, 1284, 1285, 1286, 1287, 1288, 1289, 1290, 1291, 1292, 1293, 1294, 1295, 1296, 1297, 1298, 1299, 1300, 1301, 1302, 1303, 1304, 1305, 1306, 1307, 1308, 1309, 1310, 1311, 1312, 1313, 1314, 1315, 1316, 1317, 1318, 1319, 1320, 1321, 1322, 1323, 1324, 1325, 1326, 1327, 1328, 1329, 1330, 1331, 1332, 1333, 1334, 1335, 1336, 1337, 1338, 1339, 1340, 1341, 1342, 1343, 1344, 1345, 1346, 1347, 1348, 1349, 1350, 1351, 1352, 1353, 1354, 1355, 1356, 1357, 1358, 1359, 1360, 1361, 1362, 1363, 1364, 1365, 1366, 1367, 1368, 1369, 1370, 1371, 1372, 1373, 1374, 1375, 1376, 1377, 1378, 1379, 1380, 1381, 1382, 1383, 1384, 1385, 1386, 1387, 1388, 1389, 1390, 1391, 1392, 1393, 1394, 1395, 1396, 1397, 1398, 1399, 1400, 1401, 1402, 1403, 1404, 1405, 1406, 1407, 1408, 1409, 1410, 1411, 1412, 1413, 1414, 1415, 1416, 1417, 1418, 1419, 1420, 1421, 1422, 1423, 1424, 1425, 1426, 1427, 1428, 1429, 1430, 1431, 1432, 1433, 1434, 1435, 1436, 1437, 1438, 1439, 1440, 1441, 1442, 1443, 1444, 1445, 1446, 1447, 1448, 1449, 1450, 1451, 1452, 1453, 1454, 1455, 1456, 1457, 1458, 1459, 1460, 1461, 1462, 1463, 1464, 1465, 1466, 1467, 1468, 1469, 1470, 1471, 1472, 1473, 1474, 1475, 1476, 1477, 1478, 1479, 1480, 1481, 1482, 1483, 1484, 1485, 1486, 1487, 1488, 1489, 1490, 1491, 1492, 1493, 1494, 1495, 1496, 1497, 1498, 1499, 1500, 1501, 1502, 1503, 1504, 1505, 1506, 1507, 1508, 1509, 1510, 1511, 1512, 1513, 1514, 1515, 1516, 1517, 1518, 1519, 1520, 1521, 1522, 1523, 1524, 1525, 1526, 1527, 1528, 1529, 1530, 1531, 1532, 1533, 1534, 1535, 1536, 1537, 1538, 1539, 1540, 1541, 1542, 1543, 1544, 1545, 1546, 1547, 1548, 1549, 1550, 1551, 1552, 1553, 1554, 1555, 1556, 1557, 1558, 1559, 1560, 1561, 1562, 1563, 1564, 1565, 1566, 1567, 1568, 1569, 1570, 1571, 1572, 1573, 1574, 1575, 1576, 1577, 1578, 1579, 1580, 1581, 1582, 1583, 1584, 1585, 1586, 1587, 1588, 1589, 1590, 1591, 1592, 1593, 1594, 1595, 1596, 1597, 1598, 1599, 1600, 1601, 1602, 1603, 1604, 1605, 1606, 1607, 1608, 1609, 1610, 1611, 1612, 1613, 1614, 1615, 1616, 1617, 1618, 1619, 1620, 1621, 1622, 1623, 1624, 1625, 1626, 1627, 1628, 1629, 1630, 1631, 1632, 1633, 1634, 1635, 1636, 1637, 1638, 1639, 1640, 1641, 1642, 1643, 1644, 1645, 1646, 1647, 1648, 1649, 1650, 1651, 1652, 1653, 1654, 1655, 1656, 1657, 1658, 1659, 1660, 1661, 1662, 1663, 1664, 1665, 1666, 1667, 1668, 1669, 1670, 1671, 1672, 1673, 1674, 1675, 1676, 1677, 1678, 1679, 1680, 1681, 1682, 1683, 1684, 1685, 1686, 1687, 1688, 1689, 1690, 1691, 1692, 1693, 1694, 1695, 1696, 1697, 1698, 1699, 1700, 1701, 1702, 1703, 1704, 1705, 1706, 1707, 1708, 1709, 1710, 1711, 1712, 1713, 1714, 1715, 1716, 1717, 1718, 1719, 1720, 1721, 1722, 1723, 1724, 1725, 1726, 1727, 1728, 1729, 1730, 1731, 1732, 1733, 1734, 1735, 1736, 1737, 1738, 1739, 1740, 1741, 1742, 1743, 1744, 1745, 1746, 1747, 1748, 1749, 1750, 1751, 1752, 1753, 1754, 1755, 1756, 1757, 1758, 1759, 1760, 1761, 1762, 1763, 1764, 1765, 1766, 1767, 1768, 1769, 1770, 1771, 1772, 1773, 1774, 1775, 1776, 1777, 1778, 1779, 1780, 1781, 1782, 1783, 1784, 1785, 1786, 1787, 1788, 1789, 1790, 1791, 1792, 1793, 1794, 1795, 1796, 1797, 1798, 1799, 1800, 1801, 1802, 1803, 1804, 1805, 1806, 1807, 1808, 1809, 1810, 1811, 1812, 1813, 1814, 1815, 1816, 1817, 1818, 1819, 1820, 1821, 1822, 1823, 1824, 1825, 1826, 1827, 1828, 1829, 1830, 1831, 1832, 1833, 1834, 1835, 1836, 1837, 1838, 1839, 1840, 1841, 1842, 1843, 1844, 1845, 1846, 1847, 1848, 1849, 1850, 1851, 1852, 1853, 1854, 1855, 1856, 1857, 1858, 1859, 1860, 1861, 1862, 1863, 1864, 1865, 1866, 1867, 1868, 1869, 1870, 1871, 1872, 1873, 1874, 1875, 1876, 1877, 1878, 1879, 1880, 1881, 1882, 1883, 1884, 1885, 1886, 1887, 1888, 1889, 1890, 1891, 1892, 1893, 1894, 1895, 1896, 1897, 1898, 1899, 1900, 1901, 1902, 1903, 1904, 1905, 1906, 1907, 1908, 1909, 1910, 1911, 1912, 1913, 1914, 1915, 1916, 1917, 1918, 1919, 1920, 1921, 1922, 1923, 1924, 1925, 1926, 1927, 1928, 1929, 1930, 1931, 1932, 1933, 1934, 1935, 1936, 1937, 1938, 1939, 1940, 1941, 1942, 1943, 1944, 1945, 1946, 1947, 1948, 1949, 1950, 1951, 1952, 1953, 1954, 1955, 1956, 1957, 1958, 1959, 1960, 1961, 1962, 1963, 1964, 1965, 1966, 1967, 1968, 1969, 1970, 1971, 1972, 1973, 1974, 1975, 1976, 1977, 1978, 1979, 1980, 1981, 1982, 1983, 1984, 1985, 1986, 1987, 1988, 1989, 1990, 1991, 1992, 1993, 1994, 1995, 1996, 1997, 1998, 1999, 2000, 2001, 2002, 2003, 2004, 2005, 2006, 2007, 2008, 2009, 2010, 2011, 2012, 2013, 2014, 2015, 2016, 2017, 2018, 2019, 2020, 2021, 2022, 2023, 2024, 2025, 2026, 2027, 2028, 2029, 2030, 2031, 2032, 2033, 2034, 2035, 2036, 2037, 2038, 2039, 2040, 2041, 2042, 2043, 2044, 2045, 2046, 2047]
node= 1 | level=1 | parent=   0 | left=   3 | right=   4 | size=1920 | indici originali=[0, 1, 2, 3, 4, 5, 6, 7, 8, 9, 10, 11, 12, 13, 14, 15, 16, 17, 18, 19, 20, 21, 22, 23, 24, 25, 26, 27, 28, 29, 30, 31, 32, 33, 34, 35, 36, 37, 38, 39, 40, 41, 42, 43, 44, 45, 46, 47, 48, 49, 50, 51, 52, 53, 54, 55, 56, 57, 58, 59, 60, 61, 62, 63, 64, 65, 66, 67, 68, 69, 70, 71, 72, 73, 74, 75, 76, 77, 78, 79, 80, 81, 82, 83, 84, 85, 86, 87, 88, 89, 90, 91, 92, 93, 94, 95, 96, 97, 98, 99, 100, 101, 102, 103, 104, 105, 106, 107, 108, 109, 110, 111, 112, 113, 114, 115, 116, 117, 118, 119, 120, 121, 122, 123, 124, 125, 126, 127, 128, 129, 130, 131, 132, 133, 134, 135, 136, 137, 138, 139, 140, 141, 142, 143, 144, 145, 146, 147, 148, 149, 150, 151, 152, 153, 154, 155, 156, 157, 158, 159, 160, 161, 162, 163, 164, 165, 166, 167, 168, 169, 170, 171, 172, 173, 174, 175, 176, 177, 178, 179, 180, 181, 182, 183, 184, 185, 186, 187, 188, 189, 190, 191, 192, 193, 194, 195, 196, 197, 198, 199, 200, 201, 202, 203, 204, 205, 206, 207, 208, 209, 210, 211, 212, 213, 214, 215, 216, 217, 218, 219, 220, 221, 222, 223, 224, 225, 226, 227, 228, 229, 230, 231, 232, 233, 234, 235, 236, 237, 238, 239, 240, 241, 242, 243, 244, 245, 246, 247, 248, 249, 250, 251, 252, 253, 254, 255, 256, 257, 258, 259, 260, 261, 262, 263, 264, 265, 266, 267, 268, 269, 270, 271, 272, 273, 274, 275, 276, 277, 278, 279, 280, 281, 282, 283, 284, 285, 286, 287, 288, 289, 290, 291, 292, 293, 294, 295, 296, 297, 298, 299, 300, 301, 302, 303, 304, 305, 306, 307, 308, 309, 310, 311, 312, 313, 314, 315, 316, 317, 318, 319, 320, 321, 322, 323, 324, 325, 326, 327, 328, 329, 330, 331, 332, 333, 334, 335, 336, 337, 338, 339, 340, 341, 342, 343, 344, 345, 346, 347, 348, 349, 350, 351, 352, 353, 354, 355, 356, 357, 358, 359, 360, 361, 362, 363, 364, 365, 366, 367, 368, 369, 370, 371, 372, 373, 374, 375, 376, 377, 378, 379, 380, 381, 382, 383, 384, 385, 386, 387, 388, 389, 390, 391, 392, 393, 394, 395, 396, 397, 398, 399, 400, 401, 402, 403, 404, 405, 406, 407, 408, 409, 410, 411, 412, 413, 414, 415, 416, 417, 418, 419, 420, 421, 422, 423, 424, 425, 426, 427, 428, 429, 430, 431, 432, 433, 434, 435, 436, 437, 438, 439, 440, 441, 442, 443, 444, 445, 446, 447, 448, 449, 450, 451, 452, 453, 454, 455, 456, 457, 458, 459, 460, 461, 462, 463, 464, 465, 466, 467, 468, 469, 470, 471, 472, 473, 474, 475, 476, 477, 478, 479, 480, 481, 482, 483, 484, 485, 486, 487, 488, 489, 490, 491, 492, 493, 494, 495, 496, 497, 498, 499, 500, 501, 502, 503, 504, 505, 506, 507, 508, 509, 510, 511, 512, 513, 514, 515, 516, 517, 518, 519, 520, 521, 522, 523, 524, 525, 526, 527, 528, 529, 530, 531, 532, 533, 534, 535, 536, 537, 538, 539, 540, 541, 542, 543, 544, 545, 546, 547, 548, 549, 550, 551, 552, 553, 554, 555, 556, 557, 558, 559, 560, 561, 562, 563, 564, 565, 566, 567, 568, 569, 570, 571, 572, 573, 574, 575, 576, 577, 578, 579, 580, 581, 582, 583, 584, 585, 586, 587, 588, 589, 590, 591, 592, 593, 594, 595, 596, 597, 598, 599, 600, 601, 602, 603, 604, 605, 606, 607, 608, 609, 610, 611, 612, 613, 614, 615, 616, 617, 618, 619, 620, 621, 622, 623, 624, 625, 626, 627, 628, 629, 630, 631, 632, 633, 634, 635, 636, 637, 638, 639, 640, 641, 642, 643, 644, 645, 646, 647, 648, 649, 650, 651, 652, 653, 654, 655, 656, 657, 658, 659, 660, 661, 662, 663, 664, 665, 666, 667, 668, 669, 670, 671, 672, 673, 674, 675, 676, 677, 678, 679, 680, 681, 682, 683, 684, 685, 686, 687, 688, 689, 690, 691, 692, 693, 694, 695, 696, 697, 698, 699, 700, 701, 702, 703, 704, 705, 706, 707, 708, 709, 710, 711, 712, 713, 714, 715, 716, 717, 718, 719, 720, 721, 722, 723, 724, 725, 726, 727, 728, 729, 730, 731, 732, 733, 734, 735, 736, 737, 738, 739, 740, 741, 742, 743, 744, 745, 746, 747, 748, 749, 750, 751, 752, 753, 754, 755, 756, 757, 758, 759, 760, 761, 762, 763, 764, 765, 766, 767, 768, 769, 770, 771, 772, 773, 774, 775, 776, 777, 778, 779, 780, 781, 782, 783, 784, 785, 786, 787, 788, 789, 790, 791, 792, 793, 794, 795, 796, 797, 798, 799, 800, 801, 802, 803, 804, 805, 806, 807, 808, 809, 810, 811, 812, 813, 814, 815, 816, 817, 818, 819, 820, 821, 822, 823, 824, 825, 826, 827, 828, 829, 830, 831, 832, 833, 834, 835, 836, 837, 838, 839, 840, 841, 842, 843, 844, 845, 846, 847, 848, 849, 850, 851, 852, 853, 854, 855, 856, 857, 858, 859, 860, 861, 862, 863, 864, 865, 866, 867, 868, 869, 870, 871, 872, 873, 874, 875, 876, 877, 878, 879, 880, 881, 882, 883, 884, 885, 886, 887, 888, 889, 890, 891, 892, 893, 894, 895, 896, 897, 898, 899, 900, 901, 902, 903, 904, 905, 906, 907, 908, 909, 910, 911, 912, 913, 914, 915, 916, 917, 918, 919, 920, 921, 922, 923, 924, 925, 926, 927, 928, 929, 930, 931, 932, 933, 934, 935, 936, 937, 938, 939, 940, 941, 942, 943, 944, 945, 946, 947, 948, 949, 950, 951, 952, 953, 954, 955, 956, 957, 958, 959, 960, 961, 962, 963, 964, 965, 966, 967, 968, 969, 970, 971, 972, 973, 974, 975, 976, 977, 978, 979, 980, 981, 982, 983, 984, 985, 986, 987, 988, 989, 990, 991, 992, 993, 994, 995, 996, 997, 998, 999, 1000, 1001, 1002, 1003, 1004, 1005, 1006, 1007, 1008, 1009, 1010, 1011, 1012, 1013, 1014, 1015, 1016, 1017, 1018, 1019, 1020, 1021, 1022, 1023, 1024, 1025, 1026, 1027, 1028, 1029, 1030, 1031, 1032, 1033, 1034, 1035, 1036, 1037, 1038, 1039, 1040, 1041, 1042, 1043, 1044, 1045, 1046, 1047, 1048, 1049, 1050, 1051, 1052, 1053, 1054, 1055, 1056, 1057, 1058, 1059, 1060, 1061, 1062, 1063, 1064, 1065, 1066, 1067, 1068, 1069, 1070, 1071, 1072, 1073, 1074, 1075, 1076, 1077, 1078, 1079, 1080, 1081, 1082, 1083, 1084, 1085, 1086, 1087, 1088, 1089, 1090, 1091, 1092, 1093, 1094, 1095, 1096, 1097, 1098, 1099, 1100, 1101, 1102, 1103, 1104, 1105, 1106, 1107, 1108, 1109, 1110, 1111, 1112, 1113, 1114, 1115, 1116, 1117, 1118, 1119, 1120, 1121, 1122, 1123, 1124, 1125, 1126, 1127, 1128, 1129, 1130, 1131, 1132, 1133, 1134, 1135, 1136, 1137, 1138, 1139, 1140, 1141, 1142, 1143, 1144, 1145, 1146, 1147, 1148, 1149, 1150, 1151, 1152, 1153, 1154, 1155, 1156, 1157, 1158, 1159, 1160, 1161, 1162, 1163, 1164, 1165, 1166, 1167, 1168, 1169, 1170, 1171, 1172, 1173, 1174, 1175, 1176, 1177, 1178, 1179, 1180, 1181, 1182, 1183, 1184, 1185, 1186, 1187, 1188, 1189, 1190, 1191, 1192, 1193, 1194, 1195, 1196, 1197, 1198, 1199, 1200, 1201, 1202, 1203, 1204, 1205, 1206, 1207, 1208, 1209, 1210, 1211, 1212, 1213, 1214, 1215, 1216, 1217, 1218, 1219, 1220, 1221, 1222, 1223, 1224, 1225, 1226, 1227, 1228, 1229, 1230, 1231, 1232, 1233, 1234, 1235, 1236, 1237, 1238, 1239, 1240, 1241, 1242, 1243, 1244, 1245, 1246, 1247, 1248, 1249, 1250, 1251, 1252, 1253, 1254, 1255, 1256, 1257, 1258, 1259, 1260, 1261, 1262, 1263, 1264, 1265, 1266, 1267, 1268, 1269, 1270, 1271, 1272, 1273, 1274, 1275, 1276, 1277, 1278, 1279, 1280, 1281, 1282, 1283, 1284, 1285, 1286, 1287, 1288, 1289, 1290, 1291, 1292, 1293, 1294, 1295, 1296, 1297, 1298, 1299, 1300, 1301, 1302, 1303, 1304, 1305, 1306, 1307, 1308, 1309, 1310, 1311, 1312, 1313, 1314, 1315, 1316, 1317, 1318, 1319, 1320, 1321, 1322, 1323, 1324, 1325, 1326, 1327, 1328, 1329, 1330, 1331, 1332, 1333, 1334, 1335, 1336, 1337, 1338, 1339, 1340, 1341, 1342, 1343, 1344, 1345, 1346, 1347, 1348, 1349, 1350, 1351, 1352, 1353, 1354, 1355, 1356, 1357, 1358, 1359, 1360, 1361, 1362, 1363, 1364, 1365, 1366, 1367, 1368, 1369, 1370, 1371, 1372, 1373, 1374, 1375, 1376, 1377, 1378, 1379, 1380, 1381, 1382, 1383, 1384, 1385, 1386, 1387, 1388, 1389, 1390, 1391, 1392, 1393, 1394, 1395, 1396, 1397, 1398, 1399, 1400, 1401, 1402, 1403, 1404, 1405, 1406, 1407, 1408, 1409, 1410, 1411, 1412, 1413, 1414, 1415, 1416, 1417, 1418, 1419, 1420, 1421, 1422, 1423, 1424, 1425, 1426, 1427, 1428, 1429, 1430, 1431, 1432, 1433, 1434, 1435, 1436, 1437, 1438, 1439, 1440, 1441, 1442, 1443, 1444, 1445, 1446, 1447, 1448, 1449, 1450, 1451, 1452, 1453, 1454, 1455, 1456, 1457, 1458, 1459, 1460, 1461, 1462, 1463, 1464, 1465, 1466, 1467, 1468, 1469, 1470, 1471, 1472, 1473, 1474, 1475, 1476, 1477, 1478, 1479, 1480, 1481, 1482, 1483, 1484, 1485, 1486, 1487, 1488, 1489, 1490, 1491, 1492, 1493, 1494, 1495, 1496, 1497, 1498, 1499, 1500, 1501, 1502, 1503, 1504, 1505, 1506, 1507, 1508, 1509, 1510, 1511, 1512, 1513, 1514, 1515, 1516, 1517, 1518, 1519, 1520, 1521, 1522, 1523, 1524, 1525, 1526, 1527, 1528, 1529, 1530, 1531, 1532, 1533, 1534, 1535, 1536, 1537, 1538, 1539, 1540, 1541, 1542, 1543, 1544, 1545, 1546, 1547, 1548, 1549, 1550, 1551, 1552, 1553, 1554, 1555, 1556, 1557, 1558, 1559, 1560, 1561, 1562, 1563, 1564, 1565, 1566, 1567, 1568, 1569, 1570, 1571, 1572, 1573, 1574, 1575, 1576, 1577, 1578, 1579, 1580, 1581, 1582, 1583, 1584, 1585, 1586, 1587, 1588, 1589, 1590, 1591, 1592, 1593, 1594, 1595, 1596, 1597, 1598, 1599, 1600, 1601, 1602, 1603, 1604, 1605, 1606, 1607, 1608, 1609, 1610, 1611, 1612, 1613, 1614, 1615, 1616, 1617, 1618, 1619, 1620, 1621, 1622, 1623, 1624, 1625, 1626, 1627, 1628, 1629, 1630, 1631, 1632, 1633, 1634, 1635, 1636, 1637, 1638, 1639, 1640, 1641, 1642, 1643, 1644, 1645, 1646, 1647, 1648, 1649, 1650, 1651, 1652, 1653, 1654, 1655, 1656, 1657, 1658, 1659, 1660, 1661, 1662, 1663, 1664, 1665, 1666, 1667, 1668, 1669, 1670, 1671, 1672, 1673, 1674, 1675, 1676, 1677, 1678, 1679, 1680, 1681, 1682, 1683, 1684, 1685, 1686, 1687, 1688, 1689, 1690, 1691, 1692, 1693, 1694, 1695, 1696, 1697, 1698, 1699, 1700, 1701, 1702, 1703, 1704, 1705, 1706, 1707, 1708, 1709, 1710, 1711, 1712, 1713, 1714, 1715, 1716, 1717, 1718, 1719, 1720, 1721, 1722, 1723, 1724, 1725, 1726, 1727, 1728, 1729, 1730, 1731, 1732, 1733, 1734, 1735, 1736, 1737, 1738, 1739, 1740, 1741, 1742, 1743, 1744, 1745, 1746, 1747, 1748, 1749, 1750, 1751, 1752, 1753, 1754, 1755, 1756, 1757, 1758, 1759, 1760, 1761, 1762, 1763, 1764, 1765, 1766, 1767, 1768, 1769, 1770, 1771, 1772, 1773, 1774, 1775, 1776, 1777, 1778, 1779, 1780, 1781, 1782, 1783, 1784, 1785, 1786, 1787, 1788, 1789, 1790, 1791, 1920, 1921, 1922, 1923, 1924, 1925, 1926, 1927, 1928, 1929, 1930, 1931, 1932, 1933, 1934, 1935, 1936, 1937, 1938, 1939, 1940, 1941, 1942, 1943, 1944, 1945, 1946, 1947, 1948, 1949, 1950, 1951, 1952, 1953, 1954, 1955, 1956, 1957, 1958, 1959, 1960, 1961, 1962, 1963, 1964, 1965, 1966, 1967, 1968, 1969, 1970, 1971, 1972, 1973, 1974, 1975, 1976, 1977, 1978, 1979, 1980, 1981, 1982, 1983, 1984, 1985, 1986, 1987, 1988, 1989, 1990, 1991, 1992, 1993, 1994, 1995, 1996, 1997, 1998, 1999, 2000, 2001, 2002, 2003, 2004, 2005, 2006, 2007, 2008, 2009, 2010, 2011, 2012, 2013, 2014, 2015, 2016, 2017, 2018, 2019, 2020, 2021, 2022, 2023, 2024, 2025, 2026, 2027, 2028, 2029, 2030, 2031, 2032, 2033, 2034, 2035, 2036, 2037, 2038, 2039, 2040, 2041, 2042, 2043, 2044, 2045, 2046, 2047]
node= 2 | level=1 | parent=   0 | left=None | right=None | size=128 | indici originali=[1792, 1793, 1794, 1795, 1796, 1797, 1798, 1799, 1800, 1801, 1802, 1803, 1804, 1805, 1806, 1807, 1808, 1809, 1810, 1811, 1812, 1813, 1814, 1815, 1816, 1817, 1818, 1819, 1820, 1821, 1822, 1823, 1824, 1825, 1826, 1827, 1828, 1829, 1830, 1831, 1832, 1833, 1834, 1835, 1836, 1837, 1838, 1839, 1840, 1841, 1842, 1843, 1844, 1845, 1846, 1847, 1848, 1849, 1850, 1851, 1852, 1853, 1854, 1855, 1856, 1857, 1858, 1859, 1860, 1861, 1862, 1863, 1864, 1865, 1866, 1867, 1868, 1869, 1870, 1871, 1872, 1873, 1874, 1875, 1876, 1877, 1878, 1879, 1880, 1881, 1882, 1883, 1884, 1885, 1886, 1887, 1888, 1889, 1890, 1891, 1892, 1893, 1894, 1895, 1896, 1897, 1898, 1899, 1900, 1901, 1902, 1903, 1904, 1905, 1906, 1907, 1908, 1909, 1910, 1911, 1912, 1913, 1914, 1915, 1916, 1917, 1918, 1919]
node= 3 | level=2 | parent=   1 | left=   5 | right=   6 | size=1792 | indici originali=[128, 129, 130, 131, 132, 133, 134, 135, 136, 137, 138, 139, 140, 141, 142, 143, 144, 145, 146, 147, 148, 149, 150, 151, 152, 153, 154, 155, 156, 157, 158, 159, 160, 161, 162, 163, 164, 165, 166, 167, 168, 169, 170, 171, 172, 173, 174, 175, 176, 177, 178, 179, 180, 181, 182, 183, 184, 185, 186, 187, 188, 189, 190, 191, 192, 193, 194, 195, 196, 197, 198, 199, 200, 201, 202, 203, 204, 205, 206, 207, 208, 209, 210, 211, 212, 213, 214, 215, 216, 217, 218, 219, 220, 221, 222, 223, 224, 225, 226, 227, 228, 229, 230, 231, 232, 233, 234, 235, 236, 237, 238, 239, 240, 241, 242, 243, 244, 245, 246, 247, 248, 249, 250, 251, 252, 253, 254, 255, 256, 257, 258, 259, 260, 261, 262, 263, 264, 265, 266, 267, 268, 269, 270, 271, 272, 273, 274, 275, 276, 277, 278, 279, 280, 281, 282, 283, 284, 285, 286, 287, 288, 289, 290, 291, 292, 293, 294, 295, 296, 297, 298, 299, 300, 301, 302, 303, 304, 305, 306, 307, 308, 309, 310, 311, 312, 313, 314, 315, 316, 317, 318, 319, 320, 321, 322, 323, 324, 325, 326, 327, 328, 329, 330, 331, 332, 333, 334, 335, 336, 337, 338, 339, 340, 341, 342, 343, 344, 345, 346, 347, 348, 349, 350, 351, 352, 353, 354, 355, 356, 357, 358, 359, 360, 361, 362, 363, 364, 365, 366, 367, 368, 369, 370, 371, 372, 373, 374, 375, 376, 377, 378, 379, 380, 381, 382, 383, 384, 385, 386, 387, 388, 389, 390, 391, 392, 393, 394, 395, 396, 397, 398, 399, 400, 401, 402, 403, 404, 405, 406, 407, 408, 409, 410, 411, 412, 413, 414, 415, 416, 417, 418, 419, 420, 421, 422, 423, 424, 425, 426, 427, 428, 429, 430, 431, 432, 433, 434, 435, 436, 437, 438, 439, 440, 441, 442, 443, 444, 445, 446, 447, 448, 449, 450, 451, 452, 453, 454, 455, 456, 457, 458, 459, 460, 461, 462, 463, 464, 465, 466, 467, 468, 469, 470, 471, 472, 473, 474, 475, 476, 477, 478, 479, 480, 481, 482, 483, 484, 485, 486, 487, 488, 489, 490, 491, 492, 493, 494, 495, 496, 497, 498, 499, 500, 501, 502, 503, 504, 505, 506, 507, 508, 509, 510, 511, 512, 513, 514, 515, 516, 517, 518, 519, 520, 521, 522, 523, 524, 525, 526, 527, 528, 529, 530, 531, 532, 533, 534, 535, 536, 537, 538, 539, 540, 541, 542, 543, 544, 545, 546, 547, 548, 549, 550, 551, 552, 553, 554, 555, 556, 557, 558, 559, 560, 561, 562, 563, 564, 565, 566, 567, 568, 569, 570, 571, 572, 573, 574, 575, 576, 577, 578, 579, 580, 581, 582, 583, 584, 585, 586, 587, 588, 589, 590, 591, 592, 593, 594, 595, 596, 597, 598, 599, 600, 601, 602, 603, 604, 605, 606, 607, 608, 609, 610, 611, 612, 613, 614, 615, 616, 617, 618, 619, 620, 621, 622, 623, 624, 625, 626, 627, 628, 629, 630, 631, 632, 633, 634, 635, 636, 637, 638, 639, 640, 641, 642, 643, 644, 645, 646, 647, 648, 649, 650, 651, 652, 653, 654, 655, 656, 657, 658, 659, 660, 661, 662, 663, 664, 665, 666, 667, 668, 669, 670, 671, 672, 673, 674, 675, 676, 677, 678, 679, 680, 681, 682, 683, 684, 685, 686, 687, 688, 689, 690, 691, 692, 693, 694, 695, 696, 697, 698, 699, 700, 701, 702, 703, 704, 705, 706, 707, 708, 709, 710, 711, 712, 713, 714, 715, 716, 717, 718, 719, 720, 721, 722, 723, 724, 725, 726, 727, 728, 729, 730, 731, 732, 733, 734, 735, 736, 737, 738, 739, 740, 741, 742, 743, 744, 745, 746, 747, 748, 749, 750, 751, 752, 753, 754, 755, 756, 757, 758, 759, 760, 761, 762, 763, 764, 765, 766, 767, 768, 769, 770, 771, 772, 773, 774, 775, 776, 777, 778, 779, 780, 781, 782, 783, 784, 785, 786, 787, 788, 789, 790, 791, 792, 793, 794, 795, 796, 797, 798, 799, 800, 801, 802, 803, 804, 805, 806, 807, 808, 809, 810, 811, 812, 813, 814, 815, 816, 817, 818, 819, 820, 821, 822, 823, 824, 825, 826, 827, 828, 829, 830, 831, 832, 833, 834, 835, 836, 837, 838, 839, 840, 841, 842, 843, 844, 845, 846, 847, 848, 849, 850, 851, 852, 853, 854, 855, 856, 857, 858, 859, 860, 861, 862, 863, 864, 865, 866, 867, 868, 869, 870, 871, 872, 873, 874, 875, 876, 877, 878, 879, 880, 881, 882, 883, 884, 885, 886, 887, 888, 889, 890, 891, 892, 893, 894, 895, 896, 897, 898, 899, 900, 901, 902, 903, 904, 905, 906, 907, 908, 909, 910, 911, 912, 913, 914, 915, 916, 917, 918, 919, 920, 921, 922, 923, 924, 925, 926, 927, 928, 929, 930, 931, 932, 933, 934, 935, 936, 937, 938, 939, 940, 941, 942, 943, 944, 945, 946, 947, 948, 949, 950, 951, 952, 953, 954, 955, 956, 957, 958, 959, 960, 961, 962, 963, 964, 965, 966, 967, 968, 969, 970, 971, 972, 973, 974, 975, 976, 977, 978, 979, 980, 981, 982, 983, 984, 985, 986, 987, 988, 989, 990, 991, 992, 993, 994, 995, 996, 997, 998, 999, 1000, 1001, 1002, 1003, 1004, 1005, 1006, 1007, 1008, 1009, 1010, 1011, 1012, 1013, 1014, 1015, 1016, 1017, 1018, 1019, 1020, 1021, 1022, 1023, 1024, 1025, 1026, 1027, 1028, 1029, 1030, 1031, 1032, 1033, 1034, 1035, 1036, 1037, 1038, 1039, 1040, 1041, 1042, 1043, 1044, 1045, 1046, 1047, 1048, 1049, 1050, 1051, 1052, 1053, 1054, 1055, 1056, 1057, 1058, 1059, 1060, 1061, 1062, 1063, 1064, 1065, 1066, 1067, 1068, 1069, 1070, 1071, 1072, 1073, 1074, 1075, 1076, 1077, 1078, 1079, 1080, 1081, 1082, 1083, 1084, 1085, 1086, 1087, 1088, 1089, 1090, 1091, 1092, 1093, 1094, 1095, 1096, 1097, 1098, 1099, 1100, 1101, 1102, 1103, 1104, 1105, 1106, 1107, 1108, 1109, 1110, 1111, 1112, 1113, 1114, 1115, 1116, 1117, 1118, 1119, 1120, 1121, 1122, 1123, 1124, 1125, 1126, 1127, 1128, 1129, 1130, 1131, 1132, 1133, 1134, 1135, 1136, 1137, 1138, 1139, 1140, 1141, 1142, 1143, 1144, 1145, 1146, 1147, 1148, 1149, 1150, 1151, 1152, 1153, 1154, 1155, 1156, 1157, 1158, 1159, 1160, 1161, 1162, 1163, 1164, 1165, 1166, 1167, 1168, 1169, 1170, 1171, 1172, 1173, 1174, 1175, 1176, 1177, 1178, 1179, 1180, 1181, 1182, 1183, 1184, 1185, 1186, 1187, 1188, 1189, 1190, 1191, 1192, 1193, 1194, 1195, 1196, 1197, 1198, 1199, 1200, 1201, 1202, 1203, 1204, 1205, 1206, 1207, 1208, 1209, 1210, 1211, 1212, 1213, 1214, 1215, 1216, 1217, 1218, 1219, 1220, 1221, 1222, 1223, 1224, 1225, 1226, 1227, 1228, 1229, 1230, 1231, 1232, 1233, 1234, 1235, 1236, 1237, 1238, 1239, 1240, 1241, 1242, 1243, 1244, 1245, 1246, 1247, 1248, 1249, 1250, 1251, 1252, 1253, 1254, 1255, 1256, 1257, 1258, 1259, 1260, 1261, 1262, 1263, 1264, 1265, 1266, 1267, 1268, 1269, 1270, 1271, 1272, 1273, 1274, 1275, 1276, 1277, 1278, 1279, 1280, 1281, 1282, 1283, 1284, 1285, 1286, 1287, 1288, 1289, 1290, 1291, 1292, 1293, 1294, 1295, 1296, 1297, 1298, 1299, 1300, 1301, 1302, 1303, 1304, 1305, 1306, 1307, 1308, 1309, 1310, 1311, 1312, 1313, 1314, 1315, 1316, 1317, 1318, 1319, 1320, 1321, 1322, 1323, 1324, 1325, 1326, 1327, 1328, 1329, 1330, 1331, 1332, 1333, 1334, 1335, 1336, 1337, 1338, 1339, 1340, 1341, 1342, 1343, 1344, 1345, 1346, 1347, 1348, 1349, 1350, 1351, 1352, 1353, 1354, 1355, 1356, 1357, 1358, 1359, 1360, 1361, 1362, 1363, 1364, 1365, 1366, 1367, 1368, 1369, 1370, 1371, 1372, 1373, 1374, 1375, 1376, 1377, 1378, 1379, 1380, 1381, 1382, 1383, 1384, 1385, 1386, 1387, 1388, 1389, 1390, 1391, 1392, 1393, 1394, 1395, 1396, 1397, 1398, 1399, 1400, 1401, 1402, 1403, 1404, 1405, 1406, 1407, 1408, 1409, 1410, 1411, 1412, 1413, 1414, 1415, 1416, 1417, 1418, 1419, 1420, 1421, 1422, 1423, 1424, 1425, 1426, 1427, 1428, 1429, 1430, 1431, 1432, 1433, 1434, 1435, 1436, 1437, 1438, 1439, 1440, 1441, 1442, 1443, 1444, 1445, 1446, 1447, 1448, 1449, 1450, 1451, 1452, 1453, 1454, 1455, 1456, 1457, 1458, 1459, 1460, 1461, 1462, 1463, 1464, 1465, 1466, 1467, 1468, 1469, 1470, 1471, 1472, 1473, 1474, 1475, 1476, 1477, 1478, 1479, 1480, 1481, 1482, 1483, 1484, 1485, 1486, 1487, 1488, 1489, 1490, 1491, 1492, 1493, 1494, 1495, 1496, 1497, 1498, 1499, 1500, 1501, 1502, 1503, 1504, 1505, 1506, 1507, 1508, 1509, 1510, 1511, 1512, 1513, 1514, 1515, 1516, 1517, 1518, 1519, 1520, 1521, 1522, 1523, 1524, 1525, 1526, 1527, 1528, 1529, 1530, 1531, 1532, 1533, 1534, 1535, 1536, 1537, 1538, 1539, 1540, 1541, 1542, 1543, 1544, 1545, 1546, 1547, 1548, 1549, 1550, 1551, 1552, 1553, 1554, 1555, 1556, 1557, 1558, 1559, 1560, 1561, 1562, 1563, 1564, 1565, 1566, 1567, 1568, 1569, 1570, 1571, 1572, 1573, 1574, 1575, 1576, 1577, 1578, 1579, 1580, 1581, 1582, 1583, 1584, 1585, 1586, 1587, 1588, 1589, 1590, 1591, 1592, 1593, 1594, 1595, 1596, 1597, 1598, 1599, 1600, 1601, 1602, 1603, 1604, 1605, 1606, 1607, 1608, 1609, 1610, 1611, 1612, 1613, 1614, 1615, 1616, 1617, 1618, 1619, 1620, 1621, 1622, 1623, 1624, 1625, 1626, 1627, 1628, 1629, 1630, 1631, 1632, 1633, 1634, 1635, 1636, 1637, 1638, 1639, 1640, 1641, 1642, 1643, 1644, 1645, 1646, 1647, 1648, 1649, 1650, 1651, 1652, 1653, 1654, 1655, 1656, 1657, 1658, 1659, 1660, 1661, 1662, 1663, 1664, 1665, 1666, 1667, 1668, 1669, 1670, 1671, 1672, 1673, 1674, 1675, 1676, 1677, 1678, 1679, 1680, 1681, 1682, 1683, 1684, 1685, 1686, 1687, 1688, 1689, 1690, 1691, 1692, 1693, 1694, 1695, 1696, 1697, 1698, 1699, 1700, 1701, 1702, 1703, 1704, 1705, 1706, 1707, 1708, 1709, 1710, 1711, 1712, 1713, 1714, 1715, 1716, 1717, 1718, 1719, 1720, 1721, 1722, 1723, 1724, 1725, 1726, 1727, 1728, 1729, 1730, 1731, 1732, 1733, 1734, 1735, 1736, 1737, 1738, 1739, 1740, 1741, 1742, 1743, 1744, 1745, 1746, 1747, 1748, 1749, 1750, 1751, 1752, 1753, 1754, 1755, 1756, 1757, 1758, 1759, 1760, 1761, 1762, 1763, 1764, 1765, 1766, 1767, 1768, 1769, 1770, 1771, 1772, 1773, 1774, 1775, 1776, 1777, 1778, 1779, 1780, 1781, 1782, 1783, 1784, 1785, 1786, 1787, 1788, 1789, 1790, 1791, 1920, 1921, 1922, 1923, 1924, 1925, 1926, 1927, 1928, 1929, 1930, 1931, 1932, 1933, 1934, 1935, 1936, 1937, 1938, 1939, 1940, 1941, 1942, 1943, 1944, 1945, 1946, 1947, 1948, 1949, 1950, 1951, 1952, 1953, 1954, 1955, 1956, 1957, 1958, 1959, 1960, 1961, 1962, 1963, 1964, 1965, 1966, 1967, 1968, 1969, 1970, 1971, 1972, 1973, 1974, 1975, 1976, 1977, 1978, 1979, 1980, 1981, 1982, 1983, 1984, 1985, 1986, 1987, 1988, 1989, 1990, 1991, 1992, 1993, 1994, 1995, 1996, 1997, 1998, 1999, 2000, 2001, 2002, 2003, 2004, 2005, 2006, 2007, 2008, 2009, 2010, 2011, 2012, 2013, 2014, 2015, 2016, 2017, 2018, 2019, 2020, 2021, 2022, 2023, 2024, 2025, 2026, 2027, 2028, 2029, 2030, 2031, 2032, 2033, 2034, 2035, 2036, 2037, 2038, 2039, 2040, 2041, 2042, 2043, 2044, 2045, 2046, 2047]
node= 4 | level=2 | parent=   1 | left=None | right=None | size=128 | indici originali=[0, 1, 2, 3, 4, 5, 6, 7, 8, 9, 10, 11, 12, 13, 14, 15, 16, 17, 18, 19, 20, 21, 22, 23, 24, 25, 26, 27, 28, 29, 30, 31, 32, 33, 34, 35, 36, 37, 38, 39, 40, 41, 42, 43, 44, 45, 46, 47, 48, 49, 50, 51, 52, 53, 54, 55, 56, 57, 58, 59, 60, 61, 62, 63, 64, 65, 66, 67, 68, 69, 70, 71, 72, 73, 74, 75, 76, 77, 78, 79, 80, 81, 82, 83, 84, 85, 86, 87, 88, 89, 90, 91, 92, 93, 94, 95, 96, 97, 98, 99, 100, 101, 102, 103, 104, 105, 106, 107, 108, 109, 110, 111, 112, 113, 114, 115, 116, 117, 118, 119, 120, 121, 122, 123, 124, 125, 126, 127]
node= 5 | level=3 | parent=   3 | left=   7 | right=   8 | size=1664 | indici originali=[128, 129, 130, 131, 132, 133, 134, 135, 136, 137, 138, 139, 140, 141, 142, 143, 144, 145, 146, 147, 148, 149, 150, 151, 152, 153, 154, 155, 156, 157, 158, 159, 160, 161, 162, 163, 164, 165, 166, 167, 168, 169, 170, 171, 172, 173, 174, 175, 176, 177, 178, 179, 180, 181, 182, 183, 184, 185, 186, 187, 188, 189, 190, 191, 192, 193, 194, 195, 196, 197, 198, 199, 200, 201, 202, 203, 204, 205, 206, 207, 208, 209, 210, 211, 212, 213, 214, 215, 216, 217, 218, 219, 220, 221, 222, 223, 224, 225, 226, 227, 228, 229, 230, 231, 232, 233, 234, 235, 236, 237, 238, 239, 240, 241, 242, 243, 244, 245, 246, 247, 248, 249, 250, 251, 252, 253, 254, 255, 256, 257, 258, 259, 260, 261, 262, 263, 264, 265, 266, 267, 268, 269, 270, 271, 272, 273, 274, 275, 276, 277, 278, 279, 280, 281, 282, 283, 284, 285, 286, 287, 288, 289, 290, 291, 292, 293, 294, 295, 296, 297, 298, 299, 300, 301, 302, 303, 304, 305, 306, 307, 308, 309, 310, 311, 312, 313, 314, 315, 316, 317, 318, 319, 320, 321, 322, 323, 324, 325, 326, 327, 328, 329, 330, 331, 332, 333, 334, 335, 336, 337, 338, 339, 340, 341, 342, 343, 344, 345, 346, 347, 348, 349, 350, 351, 352, 353, 354, 355, 356, 357, 358, 359, 360, 361, 362, 363, 364, 365, 366, 367, 368, 369, 370, 371, 372, 373, 374, 375, 376, 377, 378, 379, 380, 381, 382, 383, 384, 385, 386, 387, 388, 389, 390, 391, 392, 393, 394, 395, 396, 397, 398, 399, 400, 401, 402, 403, 404, 405, 406, 407, 408, 409, 410, 411, 412, 413, 414, 415, 416, 417, 418, 419, 420, 421, 422, 423, 424, 425, 426, 427, 428, 429, 430, 431, 432, 433, 434, 435, 436, 437, 438, 439, 440, 441, 442, 443, 444, 445, 446, 447, 448, 449, 450, 451, 452, 453, 454, 455, 456, 457, 458, 459, 460, 461, 462, 463, 464, 465, 466, 467, 468, 469, 470, 471, 472, 473, 474, 475, 476, 477, 478, 479, 480, 481, 482, 483, 484, 485, 486, 487, 488, 489, 490, 491, 492, 493, 494, 495, 496, 497, 498, 499, 500, 501, 502, 503, 504, 505, 506, 507, 508, 509, 510, 511, 512, 513, 514, 515, 516, 517, 518, 519, 520, 521, 522, 523, 524, 525, 526, 527, 528, 529, 530, 531, 532, 533, 534, 535, 536, 537, 538, 539, 540, 541, 542, 543, 544, 545, 546, 547, 548, 549, 550, 551, 552, 553, 554, 555, 556, 557, 558, 559, 560, 561, 562, 563, 564, 565, 566, 567, 568, 569, 570, 571, 572, 573, 574, 575, 576, 577, 578, 579, 580, 581, 582, 583, 584, 585, 586, 587, 588, 589, 590, 591, 592, 593, 594, 595, 596, 597, 598, 599, 600, 601, 602, 603, 604, 605, 606, 607, 608, 609, 610, 611, 612, 613, 614, 615, 616, 617, 618, 619, 620, 621, 622, 623, 624, 625, 626, 627, 628, 629, 630, 631, 632, 633, 634, 635, 636, 637, 638, 639, 640, 641, 642, 643, 644, 645, 646, 647, 648, 649, 650, 651, 652, 653, 654, 655, 656, 657, 658, 659, 660, 661, 662, 663, 664, 665, 666, 667, 668, 669, 670, 671, 672, 673, 674, 675, 676, 677, 678, 679, 680, 681, 682, 683, 684, 685, 686, 687, 688, 689, 690, 691, 692, 693, 694, 695, 696, 697, 698, 699, 700, 701, 702, 703, 704, 705, 706, 707, 708, 709, 710, 711, 712, 713, 714, 715, 716, 717, 718, 719, 720, 721, 722, 723, 724, 725, 726, 727, 728, 729, 730, 731, 732, 733, 734, 735, 736, 737, 738, 739, 740, 741, 742, 743, 744, 745, 746, 747, 748, 749, 750, 751, 752, 753, 754, 755, 756, 757, 758, 759, 760, 761, 762, 763, 764, 765, 766, 767, 768, 769, 770, 771, 772, 773, 774, 775, 776, 777, 778, 779, 780, 781, 782, 783, 784, 785, 786, 787, 788, 789, 790, 791, 792, 793, 794, 795, 796, 797, 798, 799, 800, 801, 802, 803, 804, 805, 806, 807, 808, 809, 810, 811, 812, 813, 814, 815, 816, 817, 818, 819, 820, 821, 822, 823, 824, 825, 826, 827, 828, 829, 830, 831, 832, 833, 834, 835, 836, 837, 838, 839, 840, 841, 842, 843, 844, 845, 846, 847, 848, 849, 850, 851, 852, 853, 854, 855, 856, 857, 858, 859, 860, 861, 862, 863, 864, 865, 866, 867, 868, 869, 870, 871, 872, 873, 874, 875, 876, 877, 878, 879, 880, 881, 882, 883, 884, 885, 886, 887, 888, 889, 890, 891, 892, 893, 894, 895, 896, 897, 898, 899, 900, 901, 902, 903, 904, 905, 906, 907, 908, 909, 910, 911, 912, 913, 914, 915, 916, 917, 918, 919, 920, 921, 922, 923, 924, 925, 926, 927, 928, 929, 930, 931, 932, 933, 934, 935, 936, 937, 938, 939, 940, 941, 942, 943, 944, 945, 946, 947, 948, 949, 950, 951, 952, 953, 954, 955, 956, 957, 958, 959, 960, 961, 962, 963, 964, 965, 966, 967, 968, 969, 970, 971, 972, 973, 974, 975, 976, 977, 978, 979, 980, 981, 982, 983, 984, 985, 986, 987, 988, 989, 990, 991, 992, 993, 994, 995, 996, 997, 998, 999, 1000, 1001, 1002, 1003, 1004, 1005, 1006, 1007, 1008, 1009, 1010, 1011, 1012, 1013, 1014, 1015, 1016, 1017, 1018, 1019, 1020, 1021, 1022, 1023, 1024, 1025, 1026, 1027, 1028, 1029, 1030, 1031, 1032, 1033, 1034, 1035, 1036, 1037, 1038, 1039, 1040, 1041, 1042, 1043, 1044, 1045, 1046, 1047, 1048, 1049, 1050, 1051, 1052, 1053, 1054, 1055, 1056, 1057, 1058, 1059, 1060, 1061, 1062, 1063, 1064, 1065, 1066, 1067, 1068, 1069, 1070, 1071, 1072, 1073, 1074, 1075, 1076, 1077, 1078, 1079, 1080, 1081, 1082, 1083, 1084, 1085, 1086, 1087, 1088, 1089, 1090, 1091, 1092, 1093, 1094, 1095, 1096, 1097, 1098, 1099, 1100, 1101, 1102, 1103, 1104, 1105, 1106, 1107, 1108, 1109, 1110, 1111, 1112, 1113, 1114, 1115, 1116, 1117, 1118, 1119, 1120, 1121, 1122, 1123, 1124, 1125, 1126, 1127, 1128, 1129, 1130, 1131, 1132, 1133, 1134, 1135, 1136, 1137, 1138, 1139, 1140, 1141, 1142, 1143, 1144, 1145, 1146, 1147, 1148, 1149, 1150, 1151, 1280, 1281, 1282, 1283, 1284, 1285, 1286, 1287, 1288, 1289, 1290, 1291, 1292, 1293, 1294, 1295, 1296, 1297, 1298, 1299, 1300, 1301, 1302, 1303, 1304, 1305, 1306, 1307, 1308, 1309, 1310, 1311, 1312, 1313, 1314, 1315, 1316, 1317, 1318, 1319, 1320, 1321, 1322, 1323, 1324, 1325, 1326, 1327, 1328, 1329, 1330, 1331, 1332, 1333, 1334, 1335, 1336, 1337, 1338, 1339, 1340, 1341, 1342, 1343, 1344, 1345, 1346, 1347, 1348, 1349, 1350, 1351, 1352, 1353, 1354, 1355, 1356, 1357, 1358, 1359, 1360, 1361, 1362, 1363, 1364, 1365, 1366, 1367, 1368, 1369, 1370, 1371, 1372, 1373, 1374, 1375, 1376, 1377, 1378, 1379, 1380, 1381, 1382, 1383, 1384, 1385, 1386, 1387, 1388, 1389, 1390, 1391, 1392, 1393, 1394, 1395, 1396, 1397, 1398, 1399, 1400, 1401, 1402, 1403, 1404, 1405, 1406, 1407, 1408, 1409, 1410, 1411, 1412, 1413, 1414, 1415, 1416, 1417, 1418, 1419, 1420, 1421, 1422, 1423, 1424, 1425, 1426, 1427, 1428, 1429, 1430, 1431, 1432, 1433, 1434, 1435, 1436, 1437, 1438, 1439, 1440, 1441, 1442, 1443, 1444, 1445, 1446, 1447, 1448, 1449, 1450, 1451, 1452, 1453, 1454, 1455, 1456, 1457, 1458, 1459, 1460, 1461, 1462, 1463, 1464, 1465, 1466, 1467, 1468, 1469, 1470, 1471, 1472, 1473, 1474, 1475, 1476, 1477, 1478, 1479, 1480, 1481, 1482, 1483, 1484, 1485, 1486, 1487, 1488, 1489, 1490, 1491, 1492, 1493, 1494, 1495, 1496, 1497, 1498, 1499, 1500, 1501, 1502, 1503, 1504, 1505, 1506, 1507, 1508, 1509, 1510, 1511, 1512, 1513, 1514, 1515, 1516, 1517, 1518, 1519, 1520, 1521, 1522, 1523, 1524, 1525, 1526, 1527, 1528, 1529, 1530, 1531, 1532, 1533, 1534, 1535, 1536, 1537, 1538, 1539, 1540, 1541, 1542, 1543, 1544, 1545, 1546, 1547, 1548, 1549, 1550, 1551, 1552, 1553, 1554, 1555, 1556, 1557, 1558, 1559, 1560, 1561, 1562, 1563, 1564, 1565, 1566, 1567, 1568, 1569, 1570, 1571, 1572, 1573, 1574, 1575, 1576, 1577, 1578, 1579, 1580, 1581, 1582, 1583, 1584, 1585, 1586, 1587, 1588, 1589, 1590, 1591, 1592, 1593, 1594, 1595, 1596, 1597, 1598, 1599, 1600, 1601, 1602, 1603, 1604, 1605, 1606, 1607, 1608, 1609, 1610, 1611, 1612, 1613, 1614, 1615, 1616, 1617, 1618, 1619, 1620, 1621, 1622, 1623, 1624, 1625, 1626, 1627, 1628, 1629, 1630, 1631, 1632, 1633, 1634, 1635, 1636, 1637, 1638, 1639, 1640, 1641, 1642, 1643, 1644, 1645, 1646, 1647, 1648, 1649, 1650, 1651, 1652, 1653, 1654, 1655, 1656, 1657, 1658, 1659, 1660, 1661, 1662, 1663, 1664, 1665, 1666, 1667, 1668, 1669, 1670, 1671, 1672, 1673, 1674, 1675, 1676, 1677, 1678, 1679, 1680, 1681, 1682, 1683, 1684, 1685, 1686, 1687, 1688, 1689, 1690, 1691, 1692, 1693, 1694, 1695, 1696, 1697, 1698, 1699, 1700, 1701, 1702, 1703, 1704, 1705, 1706, 1707, 1708, 1709, 1710, 1711, 1712, 1713, 1714, 1715, 1716, 1717, 1718, 1719, 1720, 1721, 1722, 1723, 1724, 1725, 1726, 1727, 1728, 1729, 1730, 1731, 1732, 1733, 1734, 1735, 1736, 1737, 1738, 1739, 1740, 1741, 1742, 1743, 1744, 1745, 1746, 1747, 1748, 1749, 1750, 1751, 1752, 1753, 1754, 1755, 1756, 1757, 1758, 1759, 1760, 1761, 1762, 1763, 1764, 1765, 1766, 1767, 1768, 1769, 1770, 1771, 1772, 1773, 1774, 1775, 1776, 1777, 1778, 1779, 1780, 1781, 1782, 1783, 1784, 1785, 1786, 1787, 1788, 1789, 1790, 1791, 1920, 1921, 1922, 1923, 1924, 1925, 1926, 1927, 1928, 1929, 1930, 1931, 1932, 1933, 1934, 1935, 1936, 1937, 1938, 1939, 1940, 1941, 1942, 1943, 1944, 1945, 1946, 1947, 1948, 1949, 1950, 1951, 1952, 1953, 1954, 1955, 1956, 1957, 1958, 1959, 1960, 1961, 1962, 1963, 1964, 1965, 1966, 1967, 1968, 1969, 1970, 1971, 1972, 1973, 1974, 1975, 1976, 1977, 1978, 1979, 1980, 1981, 1982, 1983, 1984, 1985, 1986, 1987, 1988, 1989, 1990, 1991, 1992, 1993, 1994, 1995, 1996, 1997, 1998, 1999, 2000, 2001, 2002, 2003, 2004, 2005, 2006, 2007, 2008, 2009, 2010, 2011, 2012, 2013, 2014, 2015, 2016, 2017, 2018, 2019, 2020, 2021, 2022, 2023, 2024, 2025, 2026, 2027, 2028, 2029, 2030, 2031, 2032, 2033, 2034, 2035, 2036, 2037, 2038, 2039, 2040, 2041, 2042, 2043, 2044, 2045, 2046, 2047]
node= 6 | level=3 | parent=   3 | left=None | right=None | size=128 | indici originali=[1152, 1153, 1154, 1155, 1156, 1157, 1158, 1159, 1160, 1161, 1162, 1163, 1164, 1165, 1166, 1167, 1168, 1169, 1170, 1171, 1172, 1173, 1174, 1175, 1176, 1177, 1178, 1179, 1180, 1181, 1182, 1183, 1184, 1185, 1186, 1187, 1188, 1189, 1190, 1191, 1192, 1193, 1194, 1195, 1196, 1197, 1198, 1199, 1200, 1201, 1202, 1203, 1204, 1205, 1206, 1207, 1208, 1209, 1210, 1211, 1212, 1213, 1214, 1215, 1216, 1217, 1218, 1219, 1220, 1221, 1222, 1223, 1224, 1225, 1226, 1227, 1228, 1229, 1230, 1231, 1232, 1233, 1234, 1235, 1236, 1237, 1238, 1239, 1240, 1241, 1242, 1243, 1244, 1245, 1246, 1247, 1248, 1249, 1250, 1251, 1252, 1253, 1254, 1255, 1256, 1257, 1258, 1259, 1260, 1261, 1262, 1263, 1264, 1265, 1266, 1267, 1268, 1269, 1270, 1271, 1272, 1273, 1274, 1275, 1276, 1277, 1278, 1279]
node= 7 | level=4 | parent=   5 | left=   9 | right=  10 | size=1536 | indici originali=[128, 129, 130, 131, 132, 133, 134, 135, 136, 137, 138, 139, 140, 141, 142, 143, 144, 145, 146, 147, 148, 149, 150, 151, 152, 153, 154, 155, 156, 157, 158, 159, 160, 161, 162, 163, 164, 165, 166, 167, 168, 169, 170, 171, 172, 173, 174, 175, 176, 177, 178, 179, 180, 181, 182, 183, 184, 185, 186, 187, 188, 189, 190, 191, 192, 193, 194, 195, 196, 197, 198, 199, 200, 201, 202, 203, 204, 205, 206, 207, 208, 209, 210, 211, 212, 213, 214, 215, 216, 217, 218, 219, 220, 221, 222, 223, 224, 225, 226, 227, 228, 229, 230, 231, 232, 233, 234, 235, 236, 237, 238, 239, 240, 241, 242, 243, 244, 245, 246, 247, 248, 249, 250, 251, 252, 253, 254, 255, 256, 257, 258, 259, 260, 261, 262, 263, 264, 265, 266, 267, 268, 269, 270, 271, 272, 273, 274, 275, 276, 277, 278, 279, 280, 281, 282, 283, 284, 285, 286, 287, 288, 289, 290, 291, 292, 293, 294, 295, 296, 297, 298, 299, 300, 301, 302, 303, 304, 305, 306, 307, 308, 309, 310, 311, 312, 313, 314, 315, 316, 317, 318, 319, 320, 321, 322, 323, 324, 325, 326, 327, 328, 329, 330, 331, 332, 333, 334, 335, 336, 337, 338, 339, 340, 341, 342, 343, 344, 345, 346, 347, 348, 349, 350, 351, 352, 353, 354, 355, 356, 357, 358, 359, 360, 361, 362, 363, 364, 365, 366, 367, 368, 369, 370, 371, 372, 373, 374, 375, 376, 377, 378, 379, 380, 381, 382, 383, 384, 385, 386, 387, 388, 389, 390, 391, 392, 393, 394, 395, 396, 397, 398, 399, 400, 401, 402, 403, 404, 405, 406, 407, 408, 409, 410, 411, 412, 413, 414, 415, 416, 417, 418, 419, 420, 421, 422, 423, 424, 425, 426, 427, 428, 429, 430, 431, 432, 433, 434, 435, 436, 437, 438, 439, 440, 441, 442, 443, 444, 445, 446, 447, 448, 449, 450, 451, 452, 453, 454, 455, 456, 457, 458, 459, 460, 461, 462, 463, 464, 465, 466, 467, 468, 469, 470, 471, 472, 473, 474, 475, 476, 477, 478, 479, 480, 481, 482, 483, 484, 485, 486, 487, 488, 489, 490, 491, 492, 493, 494, 495, 496, 497, 498, 499, 500, 501, 502, 503, 504, 505, 506, 507, 508, 509, 510, 511, 512, 513, 514, 515, 516, 517, 518, 519, 520, 521, 522, 523, 524, 525, 526, 527, 528, 529, 530, 531, 532, 533, 534, 535, 536, 537, 538, 539, 540, 541, 542, 543, 544, 545, 546, 547, 548, 549, 550, 551, 552, 553, 554, 555, 556, 557, 558, 559, 560, 561, 562, 563, 564, 565, 566, 567, 568, 569, 570, 571, 572, 573, 574, 575, 576, 577, 578, 579, 580, 581, 582, 583, 584, 585, 586, 587, 588, 589, 590, 591, 592, 593, 594, 595, 596, 597, 598, 599, 600, 601, 602, 603, 604, 605, 606, 607, 608, 609, 610, 611, 612, 613, 614, 615, 616, 617, 618, 619, 620, 621, 622, 623, 624, 625, 626, 627, 628, 629, 630, 631, 632, 633, 634, 635, 636, 637, 638, 639, 640, 641, 642, 643, 644, 645, 646, 647, 648, 649, 650, 651, 652, 653, 654, 655, 656, 657, 658, 659, 660, 661, 662, 663, 664, 665, 666, 667, 668, 669, 670, 671, 672, 673, 674, 675, 676, 677, 678, 679, 680, 681, 682, 683, 684, 685, 686, 687, 688, 689, 690, 691, 692, 693, 694, 695, 696, 697, 698, 699, 700, 701, 702, 703, 704, 705, 706, 707, 708, 709, 710, 711, 712, 713, 714, 715, 716, 717, 718, 719, 720, 721, 722, 723, 724, 725, 726, 727, 728, 729, 730, 731, 732, 733, 734, 735, 736, 737, 738, 739, 740, 741, 742, 743, 744, 745, 746, 747, 748, 749, 750, 751, 752, 753, 754, 755, 756, 757, 758, 759, 760, 761, 762, 763, 764, 765, 766, 767, 768, 769, 770, 771, 772, 773, 774, 775, 776, 777, 778, 779, 780, 781, 782, 783, 784, 785, 786, 787, 788, 789, 790, 791, 792, 793, 794, 795, 796, 797, 798, 799, 800, 801, 802, 803, 804, 805, 806, 807, 808, 809, 810, 811, 812, 813, 814, 815, 816, 817, 818, 819, 820, 821, 822, 823, 824, 825, 826, 827, 828, 829, 830, 831, 832, 833, 834, 835, 836, 837, 838, 839, 840, 841, 842, 843, 844, 845, 846, 847, 848, 849, 850, 851, 852, 853, 854, 855, 856, 857, 858, 859, 860, 861, 862, 863, 864, 865, 866, 867, 868, 869, 870, 871, 872, 873, 874, 875, 876, 877, 878, 879, 880, 881, 882, 883, 884, 885, 886, 887, 888, 889, 890, 891, 892, 893, 894, 895, 896, 897, 898, 899, 900, 901, 902, 903, 904, 905, 906, 907, 908, 909, 910, 911, 912, 913, 914, 915, 916, 917, 918, 919, 920, 921, 922, 923, 924, 925, 926, 927, 928, 929, 930, 931, 932, 933, 934, 935, 936, 937, 938, 939, 940, 941, 942, 943, 944, 945, 946, 947, 948, 949, 950, 951, 952, 953, 954, 955, 956, 957, 958, 959, 960, 961, 962, 963, 964, 965, 966, 967, 968, 969, 970, 971, 972, 973, 974, 975, 976, 977, 978, 979, 980, 981, 982, 983, 984, 985, 986, 987, 988, 989, 990, 991, 992, 993, 994, 995, 996, 997, 998, 999, 1000, 1001, 1002, 1003, 1004, 1005, 1006, 1007, 1008, 1009, 1010, 1011, 1012, 1013, 1014, 1015, 1016, 1017, 1018, 1019, 1020, 1021, 1022, 1023, 1024, 1025, 1026, 1027, 1028, 1029, 1030, 1031, 1032, 1033, 1034, 1035, 1036, 1037, 1038, 1039, 1040, 1041, 1042, 1043, 1044, 1045, 1046, 1047, 1048, 1049, 1050, 1051, 1052, 1053, 1054, 1055, 1056, 1057, 1058, 1059, 1060, 1061, 1062, 1063, 1064, 1065, 1066, 1067, 1068, 1069, 1070, 1071, 1072, 1073, 1074, 1075, 1076, 1077, 1078, 1079, 1080, 1081, 1082, 1083, 1084, 1085, 1086, 1087, 1088, 1089, 1090, 1091, 1092, 1093, 1094, 1095, 1096, 1097, 1098, 1099, 1100, 1101, 1102, 1103, 1104, 1105, 1106, 1107, 1108, 1109, 1110, 1111, 1112, 1113, 1114, 1115, 1116, 1117, 1118, 1119, 1120, 1121, 1122, 1123, 1124, 1125, 1126, 1127, 1128, 1129, 1130, 1131, 1132, 1133, 1134, 1135, 1136, 1137, 1138, 1139, 1140, 1141, 1142, 1143, 1144, 1145, 1146, 1147, 1148, 1149, 1150, 1151, 1280, 1281, 1282, 1283, 1284, 1285, 1286, 1287, 1288, 1289, 1290, 1291, 1292, 1293, 1294, 1295, 1296, 1297, 1298, 1299, 1300, 1301, 1302, 1303, 1304, 1305, 1306, 1307, 1308, 1309, 1310, 1311, 1312, 1313, 1314, 1315, 1316, 1317, 1318, 1319, 1320, 1321, 1322, 1323, 1324, 1325, 1326, 1327, 1328, 1329, 1330, 1331, 1332, 1333, 1334, 1335, 1336, 1337, 1338, 1339, 1340, 1341, 1342, 1343, 1344, 1345, 1346, 1347, 1348, 1349, 1350, 1351, 1352, 1353, 1354, 1355, 1356, 1357, 1358, 1359, 1360, 1361, 1362, 1363, 1364, 1365, 1366, 1367, 1368, 1369, 1370, 1371, 1372, 1373, 1374, 1375, 1376, 1377, 1378, 1379, 1380, 1381, 1382, 1383, 1384, 1385, 1386, 1387, 1388, 1389, 1390, 1391, 1392, 1393, 1394, 1395, 1396, 1397, 1398, 1399, 1400, 1401, 1402, 1403, 1404, 1405, 1406, 1407, 1408, 1409, 1410, 1411, 1412, 1413, 1414, 1415, 1416, 1417, 1418, 1419, 1420, 1421, 1422, 1423, 1424, 1425, 1426, 1427, 1428, 1429, 1430, 1431, 1432, 1433, 1434, 1435, 1436, 1437, 1438, 1439, 1440, 1441, 1442, 1443, 1444, 1445, 1446, 1447, 1448, 1449, 1450, 1451, 1452, 1453, 1454, 1455, 1456, 1457, 1458, 1459, 1460, 1461, 1462, 1463, 1464, 1465, 1466, 1467, 1468, 1469, 1470, 1471, 1472, 1473, 1474, 1475, 1476, 1477, 1478, 1479, 1480, 1481, 1482, 1483, 1484, 1485, 1486, 1487, 1488, 1489, 1490, 1491, 1492, 1493, 1494, 1495, 1496, 1497, 1498, 1499, 1500, 1501, 1502, 1503, 1504, 1505, 1506, 1507, 1508, 1509, 1510, 1511, 1512, 1513, 1514, 1515, 1516, 1517, 1518, 1519, 1520, 1521, 1522, 1523, 1524, 1525, 1526, 1527, 1528, 1529, 1530, 1531, 1532, 1533, 1534, 1535, 1536, 1537, 1538, 1539, 1540, 1541, 1542, 1543, 1544, 1545, 1546, 1547, 1548, 1549, 1550, 1551, 1552, 1553, 1554, 1555, 1556, 1557, 1558, 1559, 1560, 1561, 1562, 1563, 1564, 1565, 1566, 1567, 1568, 1569, 1570, 1571, 1572, 1573, 1574, 1575, 1576, 1577, 1578, 1579, 1580, 1581, 1582, 1583, 1584, 1585, 1586, 1587, 1588, 1589, 1590, 1591, 1592, 1593, 1594, 1595, 1596, 1597, 1598, 1599, 1600, 1601, 1602, 1603, 1604, 1605, 1606, 1607, 1608, 1609, 1610, 1611, 1612, 1613, 1614, 1615, 1616, 1617, 1618, 1619, 1620, 1621, 1622, 1623, 1624, 1625, 1626, 1627, 1628, 1629, 1630, 1631, 1632, 1633, 1634, 1635, 1636, 1637, 1638, 1639, 1640, 1641, 1642, 1643, 1644, 1645, 1646, 1647, 1648, 1649, 1650, 1651, 1652, 1653, 1654, 1655, 1656, 1657, 1658, 1659, 1660, 1661, 1662, 1663, 1664, 1665, 1666, 1667, 1668, 1669, 1670, 1671, 1672, 1673, 1674, 1675, 1676, 1677, 1678, 1679, 1680, 1681, 1682, 1683, 1684, 1685, 1686, 1687, 1688, 1689, 1690, 1691, 1692, 1693, 1694, 1695, 1696, 1697, 1698, 1699, 1700, 1701, 1702, 1703, 1704, 1705, 1706, 1707, 1708, 1709, 1710, 1711, 1712, 1713, 1714, 1715, 1716, 1717, 1718, 1719, 1720, 1721, 1722, 1723, 1724, 1725, 1726, 1727, 1728, 1729, 1730, 1731, 1732, 1733, 1734, 1735, 1736, 1737, 1738, 1739, 1740, 1741, 1742, 1743, 1744, 1745, 1746, 1747, 1748, 1749, 1750, 1751, 1752, 1753, 1754, 1755, 1756, 1757, 1758, 1759, 1760, 1761, 1762, 1763, 1764, 1765, 1766, 1767, 1768, 1769, 1770, 1771, 1772, 1773, 1774, 1775, 1776, 1777, 1778, 1779, 1780, 1781, 1782, 1783, 1784, 1785, 1786, 1787, 1788, 1789, 1790, 1791]
node= 8 | level=4 | parent=   5 | left=None | right=None | size=128 | indici originali=[1920, 1921, 1922, 1923, 1924, 1925, 1926, 1927, 1928, 1929, 1930, 1931, 1932, 1933, 1934, 1935, 1936, 1937, 1938, 1939, 1940, 1941, 1942, 1943, 1944, 1945, 1946, 1947, 1948, 1949, 1950, 1951, 1952, 1953, 1954, 1955, 1956, 1957, 1958, 1959, 1960, 1961, 1962, 1963, 1964, 1965, 1966, 1967, 1968, 1969, 1970, 1971, 1972, 1973, 1974, 1975, 1976, 1977, 1978, 1979, 1980, 1981, 1982, 1983, 1984, 1985, 1986, 1987, 1988, 1989, 1990, 1991, 1992, 1993, 1994, 1995, 1996, 1997, 1998, 1999, 2000, 2001, 2002, 2003, 2004, 2005, 2006, 2007, 2008, 2009, 2010, 2011, 2012, 2013, 2014, 2015, 2016, 2017, 2018, 2019, 2020, 2021, 2022, 2023, 2024, 2025, 2026, 2027, 2028, 2029, 2030, 2031, 2032, 2033, 2034, 2035, 2036, 2037, 2038, 2039, 2040, 2041, 2042, 2043, 2044, 2045, 2046, 2047]
node= 9 | level=5 | parent=   7 | left=  11 | right=  12 | size=1408 | indici originali=[128, 129, 130, 131, 132, 133, 134, 135, 136, 137, 138, 139, 140, 141, 142, 143, 144, 145, 146, 147, 148, 149, 150, 151, 152, 153, 154, 155, 156, 157, 158, 159, 160, 161, 162, 163, 164, 165, 166, 167, 168, 169, 170, 171, 172, 173, 174, 175, 176, 177, 178, 179, 180, 181, 182, 183, 184, 185, 186, 187, 188, 189, 190, 191, 192, 193, 194, 195, 196, 197, 198, 199, 200, 201, 202, 203, 204, 205, 206, 207, 208, 209, 210, 211, 212, 213, 214, 215, 216, 217, 218, 219, 220, 221, 222, 223, 224, 225, 226, 227, 228, 229, 230, 231, 232, 233, 234, 235, 236, 237, 238, 239, 240, 241, 242, 243, 244, 245, 246, 247, 248, 249, 250, 251, 252, 253, 254, 255, 256, 257, 258, 259, 260, 261, 262, 263, 264, 265, 266, 267, 268, 269, 270, 271, 272, 273, 274, 275, 276, 277, 278, 279, 280, 281, 282, 283, 284, 285, 286, 287, 288, 289, 290, 291, 292, 293, 294, 295, 296, 297, 298, 299, 300, 301, 302, 303, 304, 305, 306, 307, 308, 309, 310, 311, 312, 313, 314, 315, 316, 317, 318, 319, 320, 321, 322, 323, 324, 325, 326, 327, 328, 329, 330, 331, 332, 333, 334, 335, 336, 337, 338, 339, 340, 341, 342, 343, 344, 345, 346, 347, 348, 349, 350, 351, 352, 353, 354, 355, 356, 357, 358, 359, 360, 361, 362, 363, 364, 365, 366, 367, 368, 369, 370, 371, 372, 373, 374, 375, 376, 377, 378, 379, 380, 381, 382, 383, 384, 385, 386, 387, 388, 389, 390, 391, 392, 393, 394, 395, 396, 397, 398, 399, 400, 401, 402, 403, 404, 405, 406, 407, 408, 409, 410, 411, 412, 413, 414, 415, 416, 417, 418, 419, 420, 421, 422, 423, 424, 425, 426, 427, 428, 429, 430, 431, 432, 433, 434, 435, 436, 437, 438, 439, 440, 441, 442, 443, 444, 445, 446, 447, 448, 449, 450, 451, 452, 453, 454, 455, 456, 457, 458, 459, 460, 461, 462, 463, 464, 465, 466, 467, 468, 469, 470, 471, 472, 473, 474, 475, 476, 477, 478, 479, 480, 481, 482, 483, 484, 485, 486, 487, 488, 489, 490, 491, 492, 493, 494, 495, 496, 497, 498, 499, 500, 501, 502, 503, 504, 505, 506, 507, 508, 509, 510, 511, 512, 513, 514, 515, 516, 517, 518, 519, 520, 521, 522, 523, 524, 525, 526, 527, 528, 529, 530, 531, 532, 533, 534, 535, 536, 537, 538, 539, 540, 541, 542, 543, 544, 545, 546, 547, 548, 549, 550, 551, 552, 553, 554, 555, 556, 557, 558, 559, 560, 561, 562, 563, 564, 565, 566, 567, 568, 569, 570, 571, 572, 573, 574, 575, 576, 577, 578, 579, 580, 581, 582, 583, 584, 585, 586, 587, 588, 589, 590, 591, 592, 593, 594, 595, 596, 597, 598, 599, 600, 601, 602, 603, 604, 605, 606, 607, 608, 609, 610, 611, 612, 613, 614, 615, 616, 617, 618, 619, 620, 621, 622, 623, 624, 625, 626, 627, 628, 629, 630, 631, 632, 633, 634, 635, 636, 637, 638, 639, 640, 641, 642, 643, 644, 645, 646, 647, 648, 649, 650, 651, 652, 653, 654, 655, 656, 657, 658, 659, 660, 661, 662, 663, 664, 665, 666, 667, 668, 669, 670, 671, 672, 673, 674, 675, 676, 677, 678, 679, 680, 681, 682, 683, 684, 685, 686, 687, 688, 689, 690, 691, 692, 693, 694, 695, 696, 697, 698, 699, 700, 701, 702, 703, 704, 705, 706, 707, 708, 709, 710, 711, 712, 713, 714, 715, 716, 717, 718, 719, 720, 721, 722, 723, 724, 725, 726, 727, 728, 729, 730, 731, 732, 733, 734, 735, 736, 737, 738, 739, 740, 741, 742, 743, 744, 745, 746, 747, 748, 749, 750, 751, 752, 753, 754, 755, 756, 757, 758, 759, 760, 761, 762, 763, 764, 765, 766, 767, 768, 769, 770, 771, 772, 773, 774, 775, 776, 777, 778, 779, 780, 781, 782, 783, 784, 785, 786, 787, 788, 789, 790, 791, 792, 793, 794, 795, 796, 797, 798, 799, 800, 801, 802, 803, 804, 805, 806, 807, 808, 809, 810, 811, 812, 813, 814, 815, 816, 817, 818, 819, 820, 821, 822, 823, 824, 825, 826, 827, 828, 829, 830, 831, 832, 833, 834, 835, 836, 837, 838, 839, 840, 841, 842, 843, 844, 845, 846, 847, 848, 849, 850, 851, 852, 853, 854, 855, 856, 857, 858, 859, 860, 861, 862, 863, 864, 865, 866, 867, 868, 869, 870, 871, 872, 873, 874, 875, 876, 877, 878, 879, 880, 881, 882, 883, 884, 885, 886, 887, 888, 889, 890, 891, 892, 893, 894, 895, 896, 897, 898, 899, 900, 901, 902, 903, 904, 905, 906, 907, 908, 909, 910, 911, 912, 913, 914, 915, 916, 917, 918, 919, 920, 921, 922, 923, 924, 925, 926, 927, 928, 929, 930, 931, 932, 933, 934, 935, 936, 937, 938, 939, 940, 941, 942, 943, 944, 945, 946, 947, 948, 949, 950, 951, 952, 953, 954, 955, 956, 957, 958, 959, 960, 961, 962, 963, 964, 965, 966, 967, 968, 969, 970, 971, 972, 973, 974, 975, 976, 977, 978, 979, 980, 981, 982, 983, 984, 985, 986, 987, 988, 989, 990, 991, 992, 993, 994, 995, 996, 997, 998, 999, 1000, 1001, 1002, 1003, 1004, 1005, 1006, 1007, 1008, 1009, 1010, 1011, 1012, 1013, 1014, 1015, 1016, 1017, 1018, 1019, 1020, 1021, 1022, 1023, 1280, 1281, 1282, 1283, 1284, 1285, 1286, 1287, 1288, 1289, 1290, 1291, 1292, 1293, 1294, 1295, 1296, 1297, 1298, 1299, 1300, 1301, 1302, 1303, 1304, 1305, 1306, 1307, 1308, 1309, 1310, 1311, 1312, 1313, 1314, 1315, 1316, 1317, 1318, 1319, 1320, 1321, 1322, 1323, 1324, 1325, 1326, 1327, 1328, 1329, 1330, 1331, 1332, 1333, 1334, 1335, 1336, 1337, 1338, 1339, 1340, 1341, 1342, 1343, 1344, 1345, 1346, 1347, 1348, 1349, 1350, 1351, 1352, 1353, 1354, 1355, 1356, 1357, 1358, 1359, 1360, 1361, 1362, 1363, 1364, 1365, 1366, 1367, 1368, 1369, 1370, 1371, 1372, 1373, 1374, 1375, 1376, 1377, 1378, 1379, 1380, 1381, 1382, 1383, 1384, 1385, 1386, 1387, 1388, 1389, 1390, 1391, 1392, 1393, 1394, 1395, 1396, 1397, 1398, 1399, 1400, 1401, 1402, 1403, 1404, 1405, 1406, 1407, 1408, 1409, 1410, 1411, 1412, 1413, 1414, 1415, 1416, 1417, 1418, 1419, 1420, 1421, 1422, 1423, 1424, 1425, 1426, 1427, 1428, 1429, 1430, 1431, 1432, 1433, 1434, 1435, 1436, 1437, 1438, 1439, 1440, 1441, 1442, 1443, 1444, 1445, 1446, 1447, 1448, 1449, 1450, 1451, 1452, 1453, 1454, 1455, 1456, 1457, 1458, 1459, 1460, 1461, 1462, 1463, 1464, 1465, 1466, 1467, 1468, 1469, 1470, 1471, 1472, 1473, 1474, 1475, 1476, 1477, 1478, 1479, 1480, 1481, 1482, 1483, 1484, 1485, 1486, 1487, 1488, 1489, 1490, 1491, 1492, 1493, 1494, 1495, 1496, 1497, 1498, 1499, 1500, 1501, 1502, 1503, 1504, 1505, 1506, 1507, 1508, 1509, 1510, 1511, 1512, 1513, 1514, 1515, 1516, 1517, 1518, 1519, 1520, 1521, 1522, 1523, 1524, 1525, 1526, 1527, 1528, 1529, 1530, 1531, 1532, 1533, 1534, 1535, 1536, 1537, 1538, 1539, 1540, 1541, 1542, 1543, 1544, 1545, 1546, 1547, 1548, 1549, 1550, 1551, 1552, 1553, 1554, 1555, 1556, 1557, 1558, 1559, 1560, 1561, 1562, 1563, 1564, 1565, 1566, 1567, 1568, 1569, 1570, 1571, 1572, 1573, 1574, 1575, 1576, 1577, 1578, 1579, 1580, 1581, 1582, 1583, 1584, 1585, 1586, 1587, 1588, 1589, 1590, 1591, 1592, 1593, 1594, 1595, 1596, 1597, 1598, 1599, 1600, 1601, 1602, 1603, 1604, 1605, 1606, 1607, 1608, 1609, 1610, 1611, 1612, 1613, 1614, 1615, 1616, 1617, 1618, 1619, 1620, 1621, 1622, 1623, 1624, 1625, 1626, 1627, 1628, 1629, 1630, 1631, 1632, 1633, 1634, 1635, 1636, 1637, 1638, 1639, 1640, 1641, 1642, 1643, 1644, 1645, 1646, 1647, 1648, 1649, 1650, 1651, 1652, 1653, 1654, 1655, 1656, 1657, 1658, 1659, 1660, 1661, 1662, 1663, 1664, 1665, 1666, 1667, 1668, 1669, 1670, 1671, 1672, 1673, 1674, 1675, 1676, 1677, 1678, 1679, 1680, 1681, 1682, 1683, 1684, 1685, 1686, 1687, 1688, 1689, 1690, 1691, 1692, 1693, 1694, 1695, 1696, 1697, 1698, 1699, 1700, 1701, 1702, 1703, 1704, 1705, 1706, 1707, 1708, 1709, 1710, 1711, 1712, 1713, 1714, 1715, 1716, 1717, 1718, 1719, 1720, 1721, 1722, 1723, 1724, 1725, 1726, 1727, 1728, 1729, 1730, 1731, 1732, 1733, 1734, 1735, 1736, 1737, 1738, 1739, 1740, 1741, 1742, 1743, 1744, 1745, 1746, 1747, 1748, 1749, 1750, 1751, 1752, 1753, 1754, 1755, 1756, 1757, 1758, 1759, 1760, 1761, 1762, 1763, 1764, 1765, 1766, 1767, 1768, 1769, 1770, 1771, 1772, 1773, 1774, 1775, 1776, 1777, 1778, 1779, 1780, 1781, 1782, 1783, 1784, 1785, 1786, 1787, 1788, 1789, 1790, 1791]
node=10 | level=5 | parent=   7 | left=None | right=None | size=128 | indici originali=[1024, 1025, 1026, 1027, 1028, 1029, 1030, 1031, 1032, 1033, 1034, 1035, 1036, 1037, 1038, 1039, 1040, 1041, 1042, 1043, 1044, 1045, 1046, 1047, 1048, 1049, 1050, 1051, 1052, 1053, 1054, 1055, 1056, 1057, 1058, 1059, 1060, 1061, 1062, 1063, 1064, 1065, 1066, 1067, 1068, 1069, 1070, 1071, 1072, 1073, 1074, 1075, 1076, 1077, 1078, 1079, 1080, 1081, 1082, 1083, 1084, 1085, 1086, 1087, 1088, 1089, 1090, 1091, 1092, 1093, 1094, 1095, 1096, 1097, 1098, 1099, 1100, 1101, 1102, 1103, 1104, 1105, 1106, 1107, 1108, 1109, 1110, 1111, 1112, 1113, 1114, 1115, 1116, 1117, 1118, 1119, 1120, 1121, 1122, 1123, 1124, 1125, 1126, 1127, 1128, 1129, 1130, 1131, 1132, 1133, 1134, 1135, 1136, 1137, 1138, 1139, 1140, 1141, 1142, 1143, 1144, 1145, 1146, 1147, 1148, 1149, 1150, 1151]
node=11 | level=6 | parent=   9 | left=  13 | right=  14 | size=1280 | indici originali=[128, 129, 130, 131, 132, 133, 134, 135, 136, 137, 138, 139, 140, 141, 142, 143, 144, 145, 146, 147, 148, 149, 150, 151, 152, 153, 154, 155, 156, 157, 158, 159, 160, 161, 162, 163, 164, 165, 166, 167, 168, 169, 170, 171, 172, 173, 174, 175, 176, 177, 178, 179, 180, 181, 182, 183, 184, 185, 186, 187, 188, 189, 190, 191, 192, 193, 194, 195, 196, 197, 198, 199, 200, 201, 202, 203, 204, 205, 206, 207, 208, 209, 210, 211, 212, 213, 214, 215, 216, 217, 218, 219, 220, 221, 222, 223, 224, 225, 226, 227, 228, 229, 230, 231, 232, 233, 234, 235, 236, 237, 238, 239, 240, 241, 242, 243, 244, 245, 246, 247, 248, 249, 250, 251, 252, 253, 254, 255, 256, 257, 258, 259, 260, 261, 262, 263, 264, 265, 266, 267, 268, 269, 270, 271, 272, 273, 274, 275, 276, 277, 278, 279, 280, 281, 282, 283, 284, 285, 286, 287, 288, 289, 290, 291, 292, 293, 294, 295, 296, 297, 298, 299, 300, 301, 302, 303, 304, 305, 306, 307, 308, 309, 310, 311, 312, 313, 314, 315, 316, 317, 318, 319, 320, 321, 322, 323, 324, 325, 326, 327, 328, 329, 330, 331, 332, 333, 334, 335, 336, 337, 338, 339, 340, 341, 342, 343, 344, 345, 346, 347, 348, 349, 350, 351, 352, 353, 354, 355, 356, 357, 358, 359, 360, 361, 362, 363, 364, 365, 366, 367, 368, 369, 370, 371, 372, 373, 374, 375, 376, 377, 378, 379, 380, 381, 382, 383, 384, 385, 386, 387, 388, 389, 390, 391, 392, 393, 394, 395, 396, 397, 398, 399, 400, 401, 402, 403, 404, 405, 406, 407, 408, 409, 410, 411, 412, 413, 414, 415, 416, 417, 418, 419, 420, 421, 422, 423, 424, 425, 426, 427, 428, 429, 430, 431, 432, 433, 434, 435, 436, 437, 438, 439, 440, 441, 442, 443, 444, 445, 446, 447, 448, 449, 450, 451, 452, 453, 454, 455, 456, 457, 458, 459, 460, 461, 462, 463, 464, 465, 466, 467, 468, 469, 470, 471, 472, 473, 474, 475, 476, 477, 478, 479, 480, 481, 482, 483, 484, 485, 486, 487, 488, 489, 490, 491, 492, 493, 494, 495, 496, 497, 498, 499, 500, 501, 502, 503, 504, 505, 506, 507, 508, 509, 510, 511, 512, 513, 514, 515, 516, 517, 518, 519, 520, 521, 522, 523, 524, 525, 526, 527, 528, 529, 530, 531, 532, 533, 534, 535, 536, 537, 538, 539, 540, 541, 542, 543, 544, 545, 546, 547, 548, 549, 550, 551, 552, 553, 554, 555, 556, 557, 558, 559, 560, 561, 562, 563, 564, 565, 566, 567, 568, 569, 570, 571, 572, 573, 574, 575, 576, 577, 578, 579, 580, 581, 582, 583, 584, 585, 586, 587, 588, 589, 590, 591, 592, 593, 594, 595, 596, 597, 598, 599, 600, 601, 602, 603, 604, 605, 606, 607, 608, 609, 610, 611, 612, 613, 614, 615, 616, 617, 618, 619, 620, 621, 622, 623, 624, 625, 626, 627, 628, 629, 630, 631, 632, 633, 634, 635, 636, 637, 638, 639, 640, 641, 642, 643, 644, 645, 646, 647, 648, 649, 650, 651, 652, 653, 654, 655, 656, 657, 658, 659, 660, 661, 662, 663, 664, 665, 666, 667, 668, 669, 670, 671, 672, 673, 674, 675, 676, 677, 678, 679, 680, 681, 682, 683, 684, 685, 686, 687, 688, 689, 690, 691, 692, 693, 694, 695, 696, 697, 698, 699, 700, 701, 702, 703, 704, 705, 706, 707, 708, 709, 710, 711, 712, 713, 714, 715, 716, 717, 718, 719, 720, 721, 722, 723, 724, 725, 726, 727, 728, 729, 730, 731, 732, 733, 734, 735, 736, 737, 738, 739, 740, 741, 742, 743, 744, 745, 746, 747, 748, 749, 750, 751, 752, 753, 754, 755, 756, 757, 758, 759, 760, 761, 762, 763, 764, 765, 766, 767, 768, 769, 770, 771, 772, 773, 774, 775, 776, 777, 778, 779, 780, 781, 782, 783, 784, 785, 786, 787, 788, 789, 790, 791, 792, 793, 794, 795, 796, 797, 798, 799, 800, 801, 802, 803, 804, 805, 806, 807, 808, 809, 810, 811, 812, 813, 814, 815, 816, 817, 818, 819, 820, 821, 822, 823, 824, 825, 826, 827, 828, 829, 830, 831, 832, 833, 834, 835, 836, 837, 838, 839, 840, 841, 842, 843, 844, 845, 846, 847, 848, 849, 850, 851, 852, 853, 854, 855, 856, 857, 858, 859, 860, 861, 862, 863, 864, 865, 866, 867, 868, 869, 870, 871, 872, 873, 874, 875, 876, 877, 878, 879, 880, 881, 882, 883, 884, 885, 886, 887, 888, 889, 890, 891, 892, 893, 894, 895, 896, 897, 898, 899, 900, 901, 902, 903, 904, 905, 906, 907, 908, 909, 910, 911, 912, 913, 914, 915, 916, 917, 918, 919, 920, 921, 922, 923, 924, 925, 926, 927, 928, 929, 930, 931, 932, 933, 934, 935, 936, 937, 938, 939, 940, 941, 942, 943, 944, 945, 946, 947, 948, 949, 950, 951, 952, 953, 954, 955, 956, 957, 958, 959, 960, 961, 962, 963, 964, 965, 966, 967, 968, 969, 970, 971, 972, 973, 974, 975, 976, 977, 978, 979, 980, 981, 982, 983, 984, 985, 986, 987, 988, 989, 990, 991, 992, 993, 994, 995, 996, 997, 998, 999, 1000, 1001, 1002, 1003, 1004, 1005, 1006, 1007, 1008, 1009, 1010, 1011, 1012, 1013, 1014, 1015, 1016, 1017, 1018, 1019, 1020, 1021, 1022, 1023, 1280, 1281, 1282, 1283, 1284, 1285, 1286, 1287, 1288, 1289, 1290, 1291, 1292, 1293, 1294, 1295, 1296, 1297, 1298, 1299, 1300, 1301, 1302, 1303, 1304, 1305, 1306, 1307, 1308, 1309, 1310, 1311, 1312, 1313, 1314, 1315, 1316, 1317, 1318, 1319, 1320, 1321, 1322, 1323, 1324, 1325, 1326, 1327, 1328, 1329, 1330, 1331, 1332, 1333, 1334, 1335, 1336, 1337, 1338, 1339, 1340, 1341, 1342, 1343, 1344, 1345, 1346, 1347, 1348, 1349, 1350, 1351, 1352, 1353, 1354, 1355, 1356, 1357, 1358, 1359, 1360, 1361, 1362, 1363, 1364, 1365, 1366, 1367, 1368, 1369, 1370, 1371, 1372, 1373, 1374, 1375, 1376, 1377, 1378, 1379, 1380, 1381, 1382, 1383, 1384, 1385, 1386, 1387, 1388, 1389, 1390, 1391, 1392, 1393, 1394, 1395, 1396, 1397, 1398, 1399, 1400, 1401, 1402, 1403, 1404, 1405, 1406, 1407, 1408, 1409, 1410, 1411, 1412, 1413, 1414, 1415, 1416, 1417, 1418, 1419, 1420, 1421, 1422, 1423, 1424, 1425, 1426, 1427, 1428, 1429, 1430, 1431, 1432, 1433, 1434, 1435, 1436, 1437, 1438, 1439, 1440, 1441, 1442, 1443, 1444, 1445, 1446, 1447, 1448, 1449, 1450, 1451, 1452, 1453, 1454, 1455, 1456, 1457, 1458, 1459, 1460, 1461, 1462, 1463, 1464, 1465, 1466, 1467, 1468, 1469, 1470, 1471, 1472, 1473, 1474, 1475, 1476, 1477, 1478, 1479, 1480, 1481, 1482, 1483, 1484, 1485, 1486, 1487, 1488, 1489, 1490, 1491, 1492, 1493, 1494, 1495, 1496, 1497, 1498, 1499, 1500, 1501, 1502, 1503, 1504, 1505, 1506, 1507, 1508, 1509, 1510, 1511, 1512, 1513, 1514, 1515, 1516, 1517, 1518, 1519, 1520, 1521, 1522, 1523, 1524, 1525, 1526, 1527, 1528, 1529, 1530, 1531, 1532, 1533, 1534, 1535, 1664, 1665, 1666, 1667, 1668, 1669, 1670, 1671, 1672, 1673, 1674, 1675, 1676, 1677, 1678, 1679, 1680, 1681, 1682, 1683, 1684, 1685, 1686, 1687, 1688, 1689, 1690, 1691, 1692, 1693, 1694, 1695, 1696, 1697, 1698, 1699, 1700, 1701, 1702, 1703, 1704, 1705, 1706, 1707, 1708, 1709, 1710, 1711, 1712, 1713, 1714, 1715, 1716, 1717, 1718, 1719, 1720, 1721, 1722, 1723, 1724, 1725, 1726, 1727, 1728, 1729, 1730, 1731, 1732, 1733, 1734, 1735, 1736, 1737, 1738, 1739, 1740, 1741, 1742, 1743, 1744, 1745, 1746, 1747, 1748, 1749, 1750, 1751, 1752, 1753, 1754, 1755, 1756, 1757, 1758, 1759, 1760, 1761, 1762, 1763, 1764, 1765, 1766, 1767, 1768, 1769, 1770, 1771, 1772, 1773, 1774, 1775, 1776, 1777, 1778, 1779, 1780, 1781, 1782, 1783, 1784, 1785, 1786, 1787, 1788, 1789, 1790, 1791]
node=12 | level=6 | parent=   9 | left=None | right=None | size=128 | indici originali=[1536, 1537, 1538, 1539, 1540, 1541, 1542, 1543, 1544, 1545, 1546, 1547, 1548, 1549, 1550, 1551, 1552, 1553, 1554, 1555, 1556, 1557, 1558, 1559, 1560, 1561, 1562, 1563, 1564, 1565, 1566, 1567, 1568, 1569, 1570, 1571, 1572, 1573, 1574, 1575, 1576, 1577, 1578, 1579, 1580, 1581, 1582, 1583, 1584, 1585, 1586, 1587, 1588, 1589, 1590, 1591, 1592, 1593, 1594, 1595, 1596, 1597, 1598, 1599, 1600, 1601, 1602, 1603, 1604, 1605, 1606, 1607, 1608, 1609, 1610, 1611, 1612, 1613, 1614, 1615, 1616, 1617, 1618, 1619, 1620, 1621, 1622, 1623, 1624, 1625, 1626, 1627, 1628, 1629, 1630, 1631, 1632, 1633, 1634, 1635, 1636, 1637, 1638, 1639, 1640, 1641, 1642, 1643, 1644, 1645, 1646, 1647, 1648, 1649, 1650, 1651, 1652, 1653, 1654, 1655, 1656, 1657, 1658, 1659, 1660, 1661, 1662, 1663]
node=13 | level=7 | parent=  11 | left=  15 | right=  16 | size=1152 | indici originali=[128, 129, 130, 131, 132, 133, 134, 135, 136, 137, 138, 139, 140, 141, 142, 143, 144, 145, 146, 147, 148, 149, 150, 151, 152, 153, 154, 155, 156, 157, 158, 159, 160, 161, 162, 163, 164, 165, 166, 167, 168, 169, 170, 171, 172, 173, 174, 175, 176, 177, 178, 179, 180, 181, 182, 183, 184, 185, 186, 187, 188, 189, 190, 191, 192, 193, 194, 195, 196, 197, 198, 199, 200, 201, 202, 203, 204, 205, 206, 207, 208, 209, 210, 211, 212, 213, 214, 215, 216, 217, 218, 219, 220, 221, 222, 223, 224, 225, 226, 227, 228, 229, 230, 231, 232, 233, 234, 235, 236, 237, 238, 239, 240, 241, 242, 243, 244, 245, 246, 247, 248, 249, 250, 251, 252, 253, 254, 255, 256, 257, 258, 259, 260, 261, 262, 263, 264, 265, 266, 267, 268, 269, 270, 271, 272, 273, 274, 275, 276, 277, 278, 279, 280, 281, 282, 283, 284, 285, 286, 287, 288, 289, 290, 291, 292, 293, 294, 295, 296, 297, 298, 299, 300, 301, 302, 303, 304, 305, 306, 307, 308, 309, 310, 311, 312, 313, 314, 315, 316, 317, 318, 319, 320, 321, 322, 323, 324, 325, 326, 327, 328, 329, 330, 331, 332, 333, 334, 335, 336, 337, 338, 339, 340, 341, 342, 343, 344, 345, 346, 347, 348, 349, 350, 351, 352, 353, 354, 355, 356, 357, 358, 359, 360, 361, 362, 363, 364, 365, 366, 367, 368, 369, 370, 371, 372, 373, 374, 375, 376, 377, 378, 379, 380, 381, 382, 383, 384, 385, 386, 387, 388, 389, 390, 391, 392, 393, 394, 395, 396, 397, 398, 399, 400, 401, 402, 403, 404, 405, 406, 407, 408, 409, 410, 411, 412, 413, 414, 415, 416, 417, 418, 419, 420, 421, 422, 423, 424, 425, 426, 427, 428, 429, 430, 431, 432, 433, 434, 435, 436, 437, 438, 439, 440, 441, 442, 443, 444, 445, 446, 447, 448, 449, 450, 451, 452, 453, 454, 455, 456, 457, 458, 459, 460, 461, 462, 463, 464, 465, 466, 467, 468, 469, 470, 471, 472, 473, 474, 475, 476, 477, 478, 479, 480, 481, 482, 483, 484, 485, 486, 487, 488, 489, 490, 491, 492, 493, 494, 495, 496, 497, 498, 499, 500, 501, 502, 503, 504, 505, 506, 507, 508, 509, 510, 511, 512, 513, 514, 515, 516, 517, 518, 519, 520, 521, 522, 523, 524, 525, 526, 527, 528, 529, 530, 531, 532, 533, 534, 535, 536, 537, 538, 539, 540, 541, 542, 543, 544, 545, 546, 547, 548, 549, 550, 551, 552, 553, 554, 555, 556, 557, 558, 559, 560, 561, 562, 563, 564, 565, 566, 567, 568, 569, 570, 571, 572, 573, 574, 575, 576, 577, 578, 579, 580, 581, 582, 583, 584, 585, 586, 587, 588, 589, 590, 591, 592, 593, 594, 595, 596, 597, 598, 599, 600, 601, 602, 603, 604, 605, 606, 607, 608, 609, 610, 611, 612, 613, 614, 615, 616, 617, 618, 619, 620, 621, 622, 623, 624, 625, 626, 627, 628, 629, 630, 631, 632, 633, 634, 635, 636, 637, 638, 639, 640, 641, 642, 643, 644, 645, 646, 647, 648, 649, 650, 651, 652, 653, 654, 655, 656, 657, 658, 659, 660, 661, 662, 663, 664, 665, 666, 667, 668, 669, 670, 671, 672, 673, 674, 675, 676, 677, 678, 679, 680, 681, 682, 683, 684, 685, 686, 687, 688, 689, 690, 691, 692, 693, 694, 695, 696, 697, 698, 699, 700, 701, 702, 703, 704, 705, 706, 707, 708, 709, 710, 711, 712, 713, 714, 715, 716, 717, 718, 719, 720, 721, 722, 723, 724, 725, 726, 727, 728, 729, 730, 731, 732, 733, 734, 735, 736, 737, 738, 739, 740, 741, 742, 743, 744, 745, 746, 747, 748, 749, 750, 751, 752, 753, 754, 755, 756, 757, 758, 759, 760, 761, 762, 763, 764, 765, 766, 767, 768, 769, 770, 771, 772, 773, 774, 775, 776, 777, 778, 779, 780, 781, 782, 783, 784, 785, 786, 787, 788, 789, 790, 791, 792, 793, 794, 795, 796, 797, 798, 799, 800, 801, 802, 803, 804, 805, 806, 807, 808, 809, 810, 811, 812, 813, 814, 815, 816, 817, 818, 819, 820, 821, 822, 823, 824, 825, 826, 827, 828, 829, 830, 831, 832, 833, 834, 835, 836, 837, 838, 839, 840, 841, 842, 843, 844, 845, 846, 847, 848, 849, 850, 851, 852, 853, 854, 855, 856, 857, 858, 859, 860, 861, 862, 863, 864, 865, 866, 867, 868, 869, 870, 871, 872, 873, 874, 875, 876, 877, 878, 879, 880, 881, 882, 883, 884, 885, 886, 887, 888, 889, 890, 891, 892, 893, 894, 895, 1280, 1281, 1282, 1283, 1284, 1285, 1286, 1287, 1288, 1289, 1290, 1291, 1292, 1293, 1294, 1295, 1296, 1297, 1298, 1299, 1300, 1301, 1302, 1303, 1304, 1305, 1306, 1307, 1308, 1309, 1310, 1311, 1312, 1313, 1314, 1315, 1316, 1317, 1318, 1319, 1320, 1321, 1322, 1323, 1324, 1325, 1326, 1327, 1328, 1329, 1330, 1331, 1332, 1333, 1334, 1335, 1336, 1337, 1338, 1339, 1340, 1341, 1342, 1343, 1344, 1345, 1346, 1347, 1348, 1349, 1350, 1351, 1352, 1353, 1354, 1355, 1356, 1357, 1358, 1359, 1360, 1361, 1362, 1363, 1364, 1365, 1366, 1367, 1368, 1369, 1370, 1371, 1372, 1373, 1374, 1375, 1376, 1377, 1378, 1379, 1380, 1381, 1382, 1383, 1384, 1385, 1386, 1387, 1388, 1389, 1390, 1391, 1392, 1393, 1394, 1395, 1396, 1397, 1398, 1399, 1400, 1401, 1402, 1403, 1404, 1405, 1406, 1407, 1408, 1409, 1410, 1411, 1412, 1413, 1414, 1415, 1416, 1417, 1418, 1419, 1420, 1421, 1422, 1423, 1424, 1425, 1426, 1427, 1428, 1429, 1430, 1431, 1432, 1433, 1434, 1435, 1436, 1437, 1438, 1439, 1440, 1441, 1442, 1443, 1444, 1445, 1446, 1447, 1448, 1449, 1450, 1451, 1452, 1453, 1454, 1455, 1456, 1457, 1458, 1459, 1460, 1461, 1462, 1463, 1464, 1465, 1466, 1467, 1468, 1469, 1470, 1471, 1472, 1473, 1474, 1475, 1476, 1477, 1478, 1479, 1480, 1481, 1482, 1483, 1484, 1485, 1486, 1487, 1488, 1489, 1490, 1491, 1492, 1493, 1494, 1495, 1496, 1497, 1498, 1499, 1500, 1501, 1502, 1503, 1504, 1505, 1506, 1507, 1508, 1509, 1510, 1511, 1512, 1513, 1514, 1515, 1516, 1517, 1518, 1519, 1520, 1521, 1522, 1523, 1524, 1525, 1526, 1527, 1528, 1529, 1530, 1531, 1532, 1533, 1534, 1535, 1664, 1665, 1666, 1667, 1668, 1669, 1670, 1671, 1672, 1673, 1674, 1675, 1676, 1677, 1678, 1679, 1680, 1681, 1682, 1683, 1684, 1685, 1686, 1687, 1688, 1689, 1690, 1691, 1692, 1693, 1694, 1695, 1696, 1697, 1698, 1699, 1700, 1701, 1702, 1703, 1704, 1705, 1706, 1707, 1708, 1709, 1710, 1711, 1712, 1713, 1714, 1715, 1716, 1717, 1718, 1719, 1720, 1721, 1722, 1723, 1724, 1725, 1726, 1727, 1728, 1729, 1730, 1731, 1732, 1733, 1734, 1735, 1736, 1737, 1738, 1739, 1740, 1741, 1742, 1743, 1744, 1745, 1746, 1747, 1748, 1749, 1750, 1751, 1752, 1753, 1754, 1755, 1756, 1757, 1758, 1759, 1760, 1761, 1762, 1763, 1764, 1765, 1766, 1767, 1768, 1769, 1770, 1771, 1772, 1773, 1774, 1775, 1776, 1777, 1778, 1779, 1780, 1781, 1782, 1783, 1784, 1785, 1786, 1787, 1788, 1789, 1790, 1791]
node=14 | level=7 | parent=  11 | left=None | right=None | size=128 | indici originali=[896, 897, 898, 899, 900, 901, 902, 903, 904, 905, 906, 907, 908, 909, 910, 911, 912, 913, 914, 915, 916, 917, 918, 919, 920, 921, 922, 923, 924, 925, 926, 927, 928, 929, 930, 931, 932, 933, 934, 935, 936, 937, 938, 939, 940, 941, 942, 943, 944, 945, 946, 947, 948, 949, 950, 951, 952, 953, 954, 955, 956, 957, 958, 959, 960, 961, 962, 963, 964, 965, 966, 967, 968, 969, 970, 971, 972, 973, 974, 975, 976, 977, 978, 979, 980, 981, 982, 983, 984, 985, 986, 987, 988, 989, 990, 991, 992, 993, 994, 995, 996, 997, 998, 999, 1000, 1001, 1002, 1003, 1004, 1005, 1006, 1007, 1008, 1009, 1010, 1011, 1012, 1013, 1014, 1015, 1016, 1017, 1018, 1019, 1020, 1021, 1022, 1023]
node=15 | level=8 | parent=  13 | left=  17 | right=  18 | size=1024 | indici originali=[128, 129, 130, 131, 132, 133, 134, 135, 136, 137, 138, 139, 140, 141, 142, 143, 144, 145, 146, 147, 148, 149, 150, 151, 152, 153, 154, 155, 156, 157, 158, 159, 160, 161, 162, 163, 164, 165, 166, 167, 168, 169, 170, 171, 172, 173, 174, 175, 176, 177, 178, 179, 180, 181, 182, 183, 184, 185, 186, 187, 188, 189, 190, 191, 192, 193, 194, 195, 196, 197, 198, 199, 200, 201, 202, 203, 204, 205, 206, 207, 208, 209, 210, 211, 212, 213, 214, 215, 216, 217, 218, 219, 220, 221, 222, 223, 224, 225, 226, 227, 228, 229, 230, 231, 232, 233, 234, 235, 236, 237, 238, 239, 240, 241, 242, 243, 244, 245, 246, 247, 248, 249, 250, 251, 252, 253, 254, 255, 256, 257, 258, 259, 260, 261, 262, 263, 264, 265, 266, 267, 268, 269, 270, 271, 272, 273, 274, 275, 276, 277, 278, 279, 280, 281, 282, 283, 284, 285, 286, 287, 288, 289, 290, 291, 292, 293, 294, 295, 296, 297, 298, 299, 300, 301, 302, 303, 304, 305, 306, 307, 308, 309, 310, 311, 312, 313, 314, 315, 316, 317, 318, 319, 320, 321, 322, 323, 324, 325, 326, 327, 328, 329, 330, 331, 332, 333, 334, 335, 336, 337, 338, 339, 340, 341, 342, 343, 344, 345, 346, 347, 348, 349, 350, 351, 352, 353, 354, 355, 356, 357, 358, 359, 360, 361, 362, 363, 364, 365, 366, 367, 368, 369, 370, 371, 372, 373, 374, 375, 376, 377, 378, 379, 380, 381, 382, 383, 384, 385, 386, 387, 388, 389, 390, 391, 392, 393, 394, 395, 396, 397, 398, 399, 400, 401, 402, 403, 404, 405, 406, 407, 408, 409, 410, 411, 412, 413, 414, 415, 416, 417, 418, 419, 420, 421, 422, 423, 424, 425, 426, 427, 428, 429, 430, 431, 432, 433, 434, 435, 436, 437, 438, 439, 440, 441, 442, 443, 444, 445, 446, 447, 448, 449, 450, 451, 452, 453, 454, 455, 456, 457, 458, 459, 460, 461, 462, 463, 464, 465, 466, 467, 468, 469, 470, 471, 472, 473, 474, 475, 476, 477, 478, 479, 480, 481, 482, 483, 484, 485, 486, 487, 488, 489, 490, 491, 492, 493, 494, 495, 496, 497, 498, 499, 500, 501, 502, 503, 504, 505, 506, 507, 508, 509, 510, 511, 512, 513, 514, 515, 516, 517, 518, 519, 520, 521, 522, 523, 524, 525, 526, 527, 528, 529, 530, 531, 532, 533, 534, 535, 536, 537, 538, 539, 540, 541, 542, 543, 544, 545, 546, 547, 548, 549, 550, 551, 552, 553, 554, 555, 556, 557, 558, 559, 560, 561, 562, 563, 564, 565, 566, 567, 568, 569, 570, 571, 572, 573, 574, 575, 576, 577, 578, 579, 580, 581, 582, 583, 584, 585, 586, 587, 588, 589, 590, 591, 592, 593, 594, 595, 596, 597, 598, 599, 600, 601, 602, 603, 604, 605, 606, 607, 608, 609, 610, 611, 612, 613, 614, 615, 616, 617, 618, 619, 620, 621, 622, 623, 624, 625, 626, 627, 628, 629, 630, 631, 632, 633, 634, 635, 636, 637, 638, 639, 640, 641, 642, 643, 644, 645, 646, 647, 648, 649, 650, 651, 652, 653, 654, 655, 656, 657, 658, 659, 660, 661, 662, 663, 664, 665, 666, 667, 668, 669, 670, 671, 672, 673, 674, 675, 676, 677, 678, 679, 680, 681, 682, 683, 684, 685, 686, 687, 688, 689, 690, 691, 692, 693, 694, 695, 696, 697, 698, 699, 700, 701, 702, 703, 704, 705, 706, 707, 708, 709, 710, 711, 712, 713, 714, 715, 716, 717, 718, 719, 720, 721, 722, 723, 724, 725, 726, 727, 728, 729, 730, 731, 732, 733, 734, 735, 736, 737, 738, 739, 740, 741, 742, 743, 744, 745, 746, 747, 748, 749, 750, 751, 752, 753, 754, 755, 756, 757, 758, 759, 760, 761, 762, 763, 764, 765, 766, 767, 768, 769, 770, 771, 772, 773, 774, 775, 776, 777, 778, 779, 780, 781, 782, 783, 784, 785, 786, 787, 788, 789, 790, 791, 792, 793, 794, 795, 796, 797, 798, 799, 800, 801, 802, 803, 804, 805, 806, 807, 808, 809, 810, 811, 812, 813, 814, 815, 816, 817, 818, 819, 820, 821, 822, 823, 824, 825, 826, 827, 828, 829, 830, 831, 832, 833, 834, 835, 836, 837, 838, 839, 840, 841, 842, 843, 844, 845, 846, 847, 848, 849, 850, 851, 852, 853, 854, 855, 856, 857, 858, 859, 860, 861, 862, 863, 864, 865, 866, 867, 868, 869, 870, 871, 872, 873, 874, 875, 876, 877, 878, 879, 880, 881, 882, 883, 884, 885, 886, 887, 888, 889, 890, 891, 892, 893, 894, 895, 1280, 1281, 1282, 1283, 1284, 1285, 1286, 1287, 1288, 1289, 1290, 1291, 1292, 1293, 1294, 1295, 1296, 1297, 1298, 1299, 1300, 1301, 1302, 1303, 1304, 1305, 1306, 1307, 1308, 1309, 1310, 1311, 1312, 1313, 1314, 1315, 1316, 1317, 1318, 1319, 1320, 1321, 1322, 1323, 1324, 1325, 1326, 1327, 1328, 1329, 1330, 1331, 1332, 1333, 1334, 1335, 1336, 1337, 1338, 1339, 1340, 1341, 1342, 1343, 1344, 1345, 1346, 1347, 1348, 1349, 1350, 1351, 1352, 1353, 1354, 1355, 1356, 1357, 1358, 1359, 1360, 1361, 1362, 1363, 1364, 1365, 1366, 1367, 1368, 1369, 1370, 1371, 1372, 1373, 1374, 1375, 1376, 1377, 1378, 1379, 1380, 1381, 1382, 1383, 1384, 1385, 1386, 1387, 1388, 1389, 1390, 1391, 1392, 1393, 1394, 1395, 1396, 1397, 1398, 1399, 1400, 1401, 1402, 1403, 1404, 1405, 1406, 1407, 1408, 1409, 1410, 1411, 1412, 1413, 1414, 1415, 1416, 1417, 1418, 1419, 1420, 1421, 1422, 1423, 1424, 1425, 1426, 1427, 1428, 1429, 1430, 1431, 1432, 1433, 1434, 1435, 1436, 1437, 1438, 1439, 1440, 1441, 1442, 1443, 1444, 1445, 1446, 1447, 1448, 1449, 1450, 1451, 1452, 1453, 1454, 1455, 1456, 1457, 1458, 1459, 1460, 1461, 1462, 1463, 1464, 1465, 1466, 1467, 1468, 1469, 1470, 1471, 1472, 1473, 1474, 1475, 1476, 1477, 1478, 1479, 1480, 1481, 1482, 1483, 1484, 1485, 1486, 1487, 1488, 1489, 1490, 1491, 1492, 1493, 1494, 1495, 1496, 1497, 1498, 1499, 1500, 1501, 1502, 1503, 1504, 1505, 1506, 1507, 1508, 1509, 1510, 1511, 1512, 1513, 1514, 1515, 1516, 1517, 1518, 1519, 1520, 1521, 1522, 1523, 1524, 1525, 1526, 1527, 1528, 1529, 1530, 1531, 1532, 1533, 1534, 1535]
node=16 | level=8 | parent=  13 | left=None | right=None | size=128 | indici originali=[1664, 1665, 1666, 1667, 1668, 1669, 1670, 1671, 1672, 1673, 1674, 1675, 1676, 1677, 1678, 1679, 1680, 1681, 1682, 1683, 1684, 1685, 1686, 1687, 1688, 1689, 1690, 1691, 1692, 1693, 1694, 1695, 1696, 1697, 1698, 1699, 1700, 1701, 1702, 1703, 1704, 1705, 1706, 1707, 1708, 1709, 1710, 1711, 1712, 1713, 1714, 1715, 1716, 1717, 1718, 1719, 1720, 1721, 1722, 1723, 1724, 1725, 1726, 1727, 1728, 1729, 1730, 1731, 1732, 1733, 1734, 1735, 1736, 1737, 1738, 1739, 1740, 1741, 1742, 1743, 1744, 1745, 1746, 1747, 1748, 1749, 1750, 1751, 1752, 1753, 1754, 1755, 1756, 1757, 1758, 1759, 1760, 1761, 1762, 1763, 1764, 1765, 1766, 1767, 1768, 1769, 1770, 1771, 1772, 1773, 1774, 1775, 1776, 1777, 1778, 1779, 1780, 1781, 1782, 1783, 1784, 1785, 1786, 1787, 1788, 1789, 1790, 1791]
node=17 | level=9 | parent=  15 | left=  19 | right=  20 | size=896 | indici originali=[128, 129, 130, 131, 132, 133, 134, 135, 136, 137, 138, 139, 140, 141, 142, 143, 144, 145, 146, 147, 148, 149, 150, 151, 152, 153, 154, 155, 156, 157, 158, 159, 160, 161, 162, 163, 164, 165, 166, 167, 168, 169, 170, 171, 172, 173, 174, 175, 176, 177, 178, 179, 180, 181, 182, 183, 184, 185, 186, 187, 188, 189, 190, 191, 192, 193, 194, 195, 196, 197, 198, 199, 200, 201, 202, 203, 204, 205, 206, 207, 208, 209, 210, 211, 212, 213, 214, 215, 216, 217, 218, 219, 220, 221, 222, 223, 224, 225, 226, 227, 228, 229, 230, 231, 232, 233, 234, 235, 236, 237, 238, 239, 240, 241, 242, 243, 244, 245, 246, 247, 248, 249, 250, 251, 252, 253, 254, 255, 256, 257, 258, 259, 260, 261, 262, 263, 264, 265, 266, 267, 268, 269, 270, 271, 272, 273, 274, 275, 276, 277, 278, 279, 280, 281, 282, 283, 284, 285, 286, 287, 288, 289, 290, 291, 292, 293, 294, 295, 296, 297, 298, 299, 300, 301, 302, 303, 304, 305, 306, 307, 308, 309, 310, 311, 312, 313, 314, 315, 316, 317, 318, 319, 320, 321, 322, 323, 324, 325, 326, 327, 328, 329, 330, 331, 332, 333, 334, 335, 336, 337, 338, 339, 340, 341, 342, 343, 344, 345, 346, 347, 348, 349, 350, 351, 352, 353, 354, 355, 356, 357, 358, 359, 360, 361, 362, 363, 364, 365, 366, 367, 368, 369, 370, 371, 372, 373, 374, 375, 376, 377, 378, 379, 380, 381, 382, 383, 512, 513, 514, 515, 516, 517, 518, 519, 520, 521, 522, 523, 524, 525, 526, 527, 528, 529, 530, 531, 532, 533, 534, 535, 536, 537, 538, 539, 540, 541, 542, 543, 544, 545, 546, 547, 548, 549, 550, 551, 552, 553, 554, 555, 556, 557, 558, 559, 560, 561, 562, 563, 564, 565, 566, 567, 568, 569, 570, 571, 572, 573, 574, 575, 576, 577, 578, 579, 580, 581, 582, 583, 584, 585, 586, 587, 588, 589, 590, 591, 592, 593, 594, 595, 596, 597, 598, 599, 600, 601, 602, 603, 604, 605, 606, 607, 608, 609, 610, 611, 612, 613, 614, 615, 616, 617, 618, 619, 620, 621, 622, 623, 624, 625, 626, 627, 628, 629, 630, 631, 632, 633, 634, 635, 636, 637, 638, 639, 640, 641, 642, 643, 644, 645, 646, 647, 648, 649, 650, 651, 652, 653, 654, 655, 656, 657, 658, 659, 660, 661, 662, 663, 664, 665, 666, 667, 668, 669, 670, 671, 672, 673, 674, 675, 676, 677, 678, 679, 680, 681, 682, 683, 684, 685, 686, 687, 688, 689, 690, 691, 692, 693, 694, 695, 696, 697, 698, 699, 700, 701, 702, 703, 704, 705, 706, 707, 708, 709, 710, 711, 712, 713, 714, 715, 716, 717, 718, 719, 720, 721, 722, 723, 724, 725, 726, 727, 728, 729, 730, 731, 732, 733, 734, 735, 736, 737, 738, 739, 740, 741, 742, 743, 744, 745, 746, 747, 748, 749, 750, 751, 752, 753, 754, 755, 756, 757, 758, 759, 760, 761, 762, 763, 764, 765, 766, 767, 768, 769, 770, 771, 772, 773, 774, 775, 776, 777, 778, 779, 780, 781, 782, 783, 784, 785, 786, 787, 788, 789, 790, 791, 792, 793, 794, 795, 796, 797, 798, 799, 800, 801, 802, 803, 804, 805, 806, 807, 808, 809, 810, 811, 812, 813, 814, 815, 816, 817, 818, 819, 820, 821, 822, 823, 824, 825, 826, 827, 828, 829, 830, 831, 832, 833, 834, 835, 836, 837, 838, 839, 840, 841, 842, 843, 844, 845, 846, 847, 848, 849, 850, 851, 852, 853, 854, 855, 856, 857, 858, 859, 860, 861, 862, 863, 864, 865, 866, 867, 868, 869, 870, 871, 872, 873, 874, 875, 876, 877, 878, 879, 880, 881, 882, 883, 884, 885, 886, 887, 888, 889, 890, 891, 892, 893, 894, 895, 1280, 1281, 1282, 1283, 1284, 1285, 1286, 1287, 1288, 1289, 1290, 1291, 1292, 1293, 1294, 1295, 1296, 1297, 1298, 1299, 1300, 1301, 1302, 1303, 1304, 1305, 1306, 1307, 1308, 1309, 1310, 1311, 1312, 1313, 1314, 1315, 1316, 1317, 1318, 1319, 1320, 1321, 1322, 1323, 1324, 1325, 1326, 1327, 1328, 1329, 1330, 1331, 1332, 1333, 1334, 1335, 1336, 1337, 1338, 1339, 1340, 1341, 1342, 1343, 1344, 1345, 1346, 1347, 1348, 1349, 1350, 1351, 1352, 1353, 1354, 1355, 1356, 1357, 1358, 1359, 1360, 1361, 1362, 1363, 1364, 1365, 1366, 1367, 1368, 1369, 1370, 1371, 1372, 1373, 1374, 1375, 1376, 1377, 1378, 1379, 1380, 1381, 1382, 1383, 1384, 1385, 1386, 1387, 1388, 1389, 1390, 1391, 1392, 1393, 1394, 1395, 1396, 1397, 1398, 1399, 1400, 1401, 1402, 1403, 1404, 1405, 1406, 1407, 1408, 1409, 1410, 1411, 1412, 1413, 1414, 1415, 1416, 1417, 1418, 1419, 1420, 1421, 1422, 1423, 1424, 1425, 1426, 1427, 1428, 1429, 1430, 1431, 1432, 1433, 1434, 1435, 1436, 1437, 1438, 1439, 1440, 1441, 1442, 1443, 1444, 1445, 1446, 1447, 1448, 1449, 1450, 1451, 1452, 1453, 1454, 1455, 1456, 1457, 1458, 1459, 1460, 1461, 1462, 1463, 1464, 1465, 1466, 1467, 1468, 1469, 1470, 1471, 1472, 1473, 1474, 1475, 1476, 1477, 1478, 1479, 1480, 1481, 1482, 1483, 1484, 1485, 1486, 1487, 1488, 1489, 1490, 1491, 1492, 1493, 1494, 1495, 1496, 1497, 1498, 1499, 1500, 1501, 1502, 1503, 1504, 1505, 1506, 1507, 1508, 1509, 1510, 1511, 1512, 1513, 1514, 1515, 1516, 1517, 1518, 1519, 1520, 1521, 1522, 1523, 1524, 1525, 1526, 1527, 1528, 1529, 1530, 1531, 1532, 1533, 1534, 1535]
node=18 | level=9 | parent=  15 | left=None | right=None | size=128 | indici originali=[384, 385, 386, 387, 388, 389, 390, 391, 392, 393, 394, 395, 396, 397, 398, 399, 400, 401, 402, 403, 404, 405, 406, 407, 408, 409, 410, 411, 412, 413, 414, 415, 416, 417, 418, 419, 420, 421, 422, 423, 424, 425, 426, 427, 428, 429, 430, 431, 432, 433, 434, 435, 436, 437, 438, 439, 440, 441, 442, 443, 444, 445, 446, 447, 448, 449, 450, 451, 452, 453, 454, 455, 456, 457, 458, 459, 460, 461, 462, 463, 464, 465, 466, 467, 468, 469, 470, 471, 472, 473, 474, 475, 476, 477, 478, 479, 480, 481, 482, 483, 484, 485, 486, 487, 488, 489, 490, 491, 492, 493, 494, 495, 496, 497, 498, 499, 500, 501, 502, 503, 504, 505, 506, 507, 508, 509, 510, 511]
node=19 | level=10 | parent=  17 | left=  21 | right=  22 | size=768 | indici originali=[256, 257, 258, 259, 260, 261, 262, 263, 264, 265, 266, 267, 268, 269, 270, 271, 272, 273, 274, 275, 276, 277, 278, 279, 280, 281, 282, 283, 284, 285, 286, 287, 288, 289, 290, 291, 292, 293, 294, 295, 296, 297, 298, 299, 300, 301, 302, 303, 304, 305, 306, 307, 308, 309, 310, 311, 312, 313, 314, 315, 316, 317, 318, 319, 320, 321, 322, 323, 324, 325, 326, 327, 328, 329, 330, 331, 332, 333, 334, 335, 336, 337, 338, 339, 340, 341, 342, 343, 344, 345, 346, 347, 348, 349, 350, 351, 352, 353, 354, 355, 356, 357, 358, 359, 360, 361, 362, 363, 364, 365, 366, 367, 368, 369, 370, 371, 372, 373, 374, 375, 376, 377, 378, 379, 380, 381, 382, 383, 512, 513, 514, 515, 516, 517, 518, 519, 520, 521, 522, 523, 524, 525, 526, 527, 528, 529, 530, 531, 532, 533, 534, 535, 536, 537, 538, 539, 540, 541, 542, 543, 544, 545, 546, 547, 548, 549, 550, 551, 552, 553, 554, 555, 556, 557, 558, 559, 560, 561, 562, 563, 564, 565, 566, 567, 568, 569, 570, 571, 572, 573, 574, 575, 576, 577, 578, 579, 580, 581, 582, 583, 584, 585, 586, 587, 588, 589, 590, 591, 592, 593, 594, 595, 596, 597, 598, 599, 600, 601, 602, 603, 604, 605, 606, 607, 608, 609, 610, 611, 612, 613, 614, 615, 616, 617, 618, 619, 620, 621, 622, 623, 624, 625, 626, 627, 628, 629, 630, 631, 632, 633, 634, 635, 636, 637, 638, 639, 640, 641, 642, 643, 644, 645, 646, 647, 648, 649, 650, 651, 652, 653, 654, 655, 656, 657, 658, 659, 660, 661, 662, 663, 664, 665, 666, 667, 668, 669, 670, 671, 672, 673, 674, 675, 676, 677, 678, 679, 680, 681, 682, 683, 684, 685, 686, 687, 688, 689, 690, 691, 692, 693, 694, 695, 696, 697, 698, 699, 700, 701, 702, 703, 704, 705, 706, 707, 708, 709, 710, 711, 712, 713, 714, 715, 716, 717, 718, 719, 720, 721, 722, 723, 724, 725, 726, 727, 728, 729, 730, 731, 732, 733, 734, 735, 736, 737, 738, 739, 740, 741, 742, 743, 744, 745, 746, 747, 748, 749, 750, 751, 752, 753, 754, 755, 756, 757, 758, 759, 760, 761, 762, 763, 764, 765, 766, 767, 768, 769, 770, 771, 772, 773, 774, 775, 776, 777, 778, 779, 780, 781, 782, 783, 784, 785, 786, 787, 788, 789, 790, 791, 792, 793, 794, 795, 796, 797, 798, 799, 800, 801, 802, 803, 804, 805, 806, 807, 808, 809, 810, 811, 812, 813, 814, 815, 816, 817, 818, 819, 820, 821, 822, 823, 824, 825, 826, 827, 828, 829, 830, 831, 832, 833, 834, 835, 836, 837, 838, 839, 840, 841, 842, 843, 844, 845, 846, 847, 848, 849, 850, 851, 852, 853, 854, 855, 856, 857, 858, 859, 860, 861, 862, 863, 864, 865, 866, 867, 868, 869, 870, 871, 872, 873, 874, 875, 876, 877, 878, 879, 880, 881, 882, 883, 884, 885, 886, 887, 888, 889, 890, 891, 892, 893, 894, 895, 1280, 1281, 1282, 1283, 1284, 1285, 1286, 1287, 1288, 1289, 1290, 1291, 1292, 1293, 1294, 1295, 1296, 1297, 1298, 1299, 1300, 1301, 1302, 1303, 1304, 1305, 1306, 1307, 1308, 1309, 1310, 1311, 1312, 1313, 1314, 1315, 1316, 1317, 1318, 1319, 1320, 1321, 1322, 1323, 1324, 1325, 1326, 1327, 1328, 1329, 1330, 1331, 1332, 1333, 1334, 1335, 1336, 1337, 1338, 1339, 1340, 1341, 1342, 1343, 1344, 1345, 1346, 1347, 1348, 1349, 1350, 1351, 1352, 1353, 1354, 1355, 1356, 1357, 1358, 1359, 1360, 1361, 1362, 1363, 1364, 1365, 1366, 1367, 1368, 1369, 1370, 1371, 1372, 1373, 1374, 1375, 1376, 1377, 1378, 1379, 1380, 1381, 1382, 1383, 1384, 1385, 1386, 1387, 1388, 1389, 1390, 1391, 1392, 1393, 1394, 1395, 1396, 1397, 1398, 1399, 1400, 1401, 1402, 1403, 1404, 1405, 1406, 1407, 1408, 1409, 1410, 1411, 1412, 1413, 1414, 1415, 1416, 1417, 1418, 1419, 1420, 1421, 1422, 1423, 1424, 1425, 1426, 1427, 1428, 1429, 1430, 1431, 1432, 1433, 1434, 1435, 1436, 1437, 1438, 1439, 1440, 1441, 1442, 1443, 1444, 1445, 1446, 1447, 1448, 1449, 1450, 1451, 1452, 1453, 1454, 1455, 1456, 1457, 1458, 1459, 1460, 1461, 1462, 1463, 1464, 1465, 1466, 1467, 1468, 1469, 1470, 1471, 1472, 1473, 1474, 1475, 1476, 1477, 1478, 1479, 1480, 1481, 1482, 1483, 1484, 1485, 1486, 1487, 1488, 1489, 1490, 1491, 1492, 1493, 1494, 1495, 1496, 1497, 1498, 1499, 1500, 1501, 1502, 1503, 1504, 1505, 1506, 1507, 1508, 1509, 1510, 1511, 1512, 1513, 1514, 1515, 1516, 1517, 1518, 1519, 1520, 1521, 1522, 1523, 1524, 1525, 1526, 1527, 1528, 1529, 1530, 1531, 1532, 1533, 1534, 1535]
node=20 | level=10 | parent=  17 | left=None | right=None | size=128 | indici originali=[128, 129, 130, 131, 132, 133, 134, 135, 136, 137, 138, 139, 140, 141, 142, 143, 144, 145, 146, 147, 148, 149, 150, 151, 152, 153, 154, 155, 156, 157, 158, 159, 160, 161, 162, 163, 164, 165, 166, 167, 168, 169, 170, 171, 172, 173, 174, 175, 176, 177, 178, 179, 180, 181, 182, 183, 184, 185, 186, 187, 188, 189, 190, 191, 192, 193, 194, 195, 196, 197, 198, 199, 200, 201, 202, 203, 204, 205, 206, 207, 208, 209, 210, 211, 212, 213, 214, 215, 216, 217, 218, 219, 220, 221, 222, 223, 224, 225, 226, 227, 228, 229, 230, 231, 232, 233, 234, 235, 236, 237, 238, 239, 240, 241, 242, 243, 244, 245, 246, 247, 248, 249, 250, 251, 252, 253, 254, 255]
node=21 | level=11 | parent=  19 | left=  23 | right=  24 | size=640 | indici originali=[256, 257, 258, 259, 260, 261, 262, 263, 264, 265, 266, 267, 268, 269, 270, 271, 272, 273, 274, 275, 276, 277, 278, 279, 280, 281, 282, 283, 284, 285, 286, 287, 288, 289, 290, 291, 292, 293, 294, 295, 296, 297, 298, 299, 300, 301, 302, 303, 304, 305, 306, 307, 308, 309, 310, 311, 312, 313, 314, 315, 316, 317, 318, 319, 320, 321, 322, 323, 324, 325, 326, 327, 328, 329, 330, 331, 332, 333, 334, 335, 336, 337, 338, 339, 340, 341, 342, 343, 344, 345, 346, 347, 348, 349, 350, 351, 352, 353, 354, 355, 356, 357, 358, 359, 360, 361, 362, 363, 364, 365, 366, 367, 368, 369, 370, 371, 372, 373, 374, 375, 376, 377, 378, 379, 380, 381, 382, 383, 512, 513, 514, 515, 516, 517, 518, 519, 520, 521, 522, 523, 524, 525, 526, 527, 528, 529, 530, 531, 532, 533, 534, 535, 536, 537, 538, 539, 540, 541, 542, 543, 544, 545, 546, 547, 548, 549, 550, 551, 552, 553, 554, 555, 556, 557, 558, 559, 560, 561, 562, 563, 564, 565, 566, 567, 568, 569, 570, 571, 572, 573, 574, 575, 576, 577, 578, 579, 580, 581, 582, 583, 584, 585, 586, 587, 588, 589, 590, 591, 592, 593, 594, 595, 596, 597, 598, 599, 600, 601, 602, 603, 604, 605, 606, 607, 608, 609, 610, 611, 612, 613, 614, 615, 616, 617, 618, 619, 620, 621, 622, 623, 624, 625, 626, 627, 628, 629, 630, 631, 632, 633, 634, 635, 636, 637, 638, 639, 768, 769, 770, 771, 772, 773, 774, 775, 776, 777, 778, 779, 780, 781, 782, 783, 784, 785, 786, 787, 788, 789, 790, 791, 792, 793, 794, 795, 796, 797, 798, 799, 800, 801, 802, 803, 804, 805, 806, 807, 808, 809, 810, 811, 812, 813, 814, 815, 816, 817, 818, 819, 820, 821, 822, 823, 824, 825, 826, 827, 828, 829, 830, 831, 832, 833, 834, 835, 836, 837, 838, 839, 840, 841, 842, 843, 844, 845, 846, 847, 848, 849, 850, 851, 852, 853, 854, 855, 856, 857, 858, 859, 860, 861, 862, 863, 864, 865, 866, 867, 868, 869, 870, 871, 872, 873, 874, 875, 876, 877, 878, 879, 880, 881, 882, 883, 884, 885, 886, 887, 888, 889, 890, 891, 892, 893, 894, 895, 1280, 1281, 1282, 1283, 1284, 1285, 1286, 1287, 1288, 1289, 1290, 1291, 1292, 1293, 1294, 1295, 1296, 1297, 1298, 1299, 1300, 1301, 1302, 1303, 1304, 1305, 1306, 1307, 1308, 1309, 1310, 1311, 1312, 1313, 1314, 1315, 1316, 1317, 1318, 1319, 1320, 1321, 1322, 1323, 1324, 1325, 1326, 1327, 1328, 1329, 1330, 1331, 1332, 1333, 1334, 1335, 1336, 1337, 1338, 1339, 1340, 1341, 1342, 1343, 1344, 1345, 1346, 1347, 1348, 1349, 1350, 1351, 1352, 1353, 1354, 1355, 1356, 1357, 1358, 1359, 1360, 1361, 1362, 1363, 1364, 1365, 1366, 1367, 1368, 1369, 1370, 1371, 1372, 1373, 1374, 1375, 1376, 1377, 1378, 1379, 1380, 1381, 1382, 1383, 1384, 1385, 1386, 1387, 1388, 1389, 1390, 1391, 1392, 1393, 1394, 1395, 1396, 1397, 1398, 1399, 1400, 1401, 1402, 1403, 1404, 1405, 1406, 1407, 1408, 1409, 1410, 1411, 1412, 1413, 1414, 1415, 1416, 1417, 1418, 1419, 1420, 1421, 1422, 1423, 1424, 1425, 1426, 1427, 1428, 1429, 1430, 1431, 1432, 1433, 1434, 1435, 1436, 1437, 1438, 1439, 1440, 1441, 1442, 1443, 1444, 1445, 1446, 1447, 1448, 1449, 1450, 1451, 1452, 1453, 1454, 1455, 1456, 1457, 1458, 1459, 1460, 1461, 1462, 1463, 1464, 1465, 1466, 1467, 1468, 1469, 1470, 1471, 1472, 1473, 1474, 1475, 1476, 1477, 1478, 1479, 1480, 1481, 1482, 1483, 1484, 1485, 1486, 1487, 1488, 1489, 1490, 1491, 1492, 1493, 1494, 1495, 1496, 1497, 1498, 1499, 1500, 1501, 1502, 1503, 1504, 1505, 1506, 1507, 1508, 1509, 1510, 1511, 1512, 1513, 1514, 1515, 1516, 1517, 1518, 1519, 1520, 1521, 1522, 1523, 1524, 1525, 1526, 1527, 1528, 1529, 1530, 1531, 1532, 1533, 1534, 1535]
node=22 | level=11 | parent=  19 | left=None | right=None | size=128 | indici originali=[640, 641, 642, 643, 644, 645, 646, 647, 648, 649, 650, 651, 652, 653, 654, 655, 656, 657, 658, 659, 660, 661, 662, 663, 664, 665, 666, 667, 668, 669, 670, 671, 672, 673, 674, 675, 676, 677, 678, 679, 680, 681, 682, 683, 684, 685, 686, 687, 688, 689, 690, 691, 692, 693, 694, 695, 696, 697, 698, 699, 700, 701, 702, 703, 704, 705, 706, 707, 708, 709, 710, 711, 712, 713, 714, 715, 716, 717, 718, 719, 720, 721, 722, 723, 724, 725, 726, 727, 728, 729, 730, 731, 732, 733, 734, 735, 736, 737, 738, 739, 740, 741, 742, 743, 744, 745, 746, 747, 748, 749, 750, 751, 752, 753, 754, 755, 756, 757, 758, 759, 760, 761, 762, 763, 764, 765, 766, 767]
node=23 | level=12 | parent=  21 | left=None | right=None | size=128 | indici originali=[1408, 1409, 1410, 1411, 1412, 1413, 1414, 1415, 1416, 1417, 1418, 1419, 1420, 1421, 1422, 1423, 1424, 1425, 1426, 1427, 1428, 1429, 1430, 1431, 1432, 1433, 1434, 1435, 1436, 1437, 1438, 1439, 1440, 1441, 1442, 1443, 1444, 1445, 1446, 1447, 1448, 1449, 1450, 1451, 1452, 1453, 1454, 1455, 1456, 1457, 1458, 1459, 1460, 1461, 1462, 1463, 1464, 1465, 1466, 1467, 1468, 1469, 1470, 1471, 1472, 1473, 1474, 1475, 1476, 1477, 1478, 1479, 1480, 1481, 1482, 1483, 1484, 1485, 1486, 1487, 1488, 1489, 1490, 1491, 1492, 1493, 1494, 1495, 1496, 1497, 1498, 1499, 1500, 1501, 1502, 1503, 1504, 1505, 1506, 1507, 1508, 1509, 1510, 1511, 1512, 1513, 1514, 1515, 1516, 1517, 1518, 1519, 1520, 1521, 1522, 1523, 1524, 1525, 1526, 1527, 1528, 1529, 1530, 1531, 1532, 1533, 1534, 1535]
node=24 | level=12 | parent=  21 | left=  25 | right=  26 | size=512 | indici originali=[256, 257, 258, 259, 260, 261, 262, 263, 264, 265, 266, 267, 268, 269, 270, 271, 272, 273, 274, 275, 276, 277, 278, 279, 280, 281, 282, 283, 284, 285, 286, 287, 288, 289, 290, 291, 292, 293, 294, 295, 296, 297, 298, 299, 300, 301, 302, 303, 304, 305, 306, 307, 308, 309, 310, 311, 312, 313, 314, 315, 316, 317, 318, 319, 320, 321, 322, 323, 324, 325, 326, 327, 328, 329, 330, 331, 332, 333, 334, 335, 336, 337, 338, 339, 340, 341, 342, 343, 344, 345, 346, 347, 348, 349, 350, 351, 352, 353, 354, 355, 356, 357, 358, 359, 360, 361, 362, 363, 364, 365, 366, 367, 368, 369, 370, 371, 372, 373, 374, 375, 376, 377, 378, 379, 380, 381, 382, 383, 512, 513, 514, 515, 516, 517, 518, 519, 520, 521, 522, 523, 524, 525, 526, 527, 528, 529, 530, 531, 532, 533, 534, 535, 536, 537, 538, 539, 540, 541, 542, 543, 544, 545, 546, 547, 548, 549, 550, 551, 552, 553, 554, 555, 556, 557, 558, 559, 560, 561, 562, 563, 564, 565, 566, 567, 568, 569, 570, 571, 572, 573, 574, 575, 576, 577, 578, 579, 580, 581, 582, 583, 584, 585, 586, 587, 588, 589, 590, 591, 592, 593, 594, 595, 596, 597, 598, 599, 600, 601, 602, 603, 604, 605, 606, 607, 608, 609, 610, 611, 612, 613, 614, 615, 616, 617, 618, 619, 620, 621, 622, 623, 624, 625, 626, 627, 628, 629, 630, 631, 632, 633, 634, 635, 636, 637, 638, 639, 768, 769, 770, 771, 772, 773, 774, 775, 776, 777, 778, 779, 780, 781, 782, 783, 784, 785, 786, 787, 788, 789, 790, 791, 792, 793, 794, 795, 796, 797, 798, 799, 800, 801, 802, 803, 804, 805, 806, 807, 808, 809, 810, 811, 812, 813, 814, 815, 816, 817, 818, 819, 820, 821, 822, 823, 824, 825, 826, 827, 828, 829, 830, 831, 832, 833, 834, 835, 836, 837, 838, 839, 840, 841, 842, 843, 844, 845, 846, 847, 848, 849, 850, 851, 852, 853, 854, 855, 856, 857, 858, 859, 860, 861, 862, 863, 864, 865, 866, 867, 868, 869, 870, 871, 872, 873, 874, 875, 876, 877, 878, 879, 880, 881, 882, 883, 884, 885, 886, 887, 888, 889, 890, 891, 892, 893, 894, 895, 1280, 1281, 1282, 1283, 1284, 1285, 1286, 1287, 1288, 1289, 1290, 1291, 1292, 1293, 1294, 1295, 1296, 1297, 1298, 1299, 1300, 1301, 1302, 1303, 1304, 1305, 1306, 1307, 1308, 1309, 1310, 1311, 1312, 1313, 1314, 1315, 1316, 1317, 1318, 1319, 1320, 1321, 1322, 1323, 1324, 1325, 1326, 1327, 1328, 1329, 1330, 1331, 1332, 1333, 1334, 1335, 1336, 1337, 1338, 1339, 1340, 1341, 1342, 1343, 1344, 1345, 1346, 1347, 1348, 1349, 1350, 1351, 1352, 1353, 1354, 1355, 1356, 1357, 1358, 1359, 1360, 1361, 1362, 1363, 1364, 1365, 1366, 1367, 1368, 1369, 1370, 1371, 1372, 1373, 1374, 1375, 1376, 1377, 1378, 1379, 1380, 1381, 1382, 1383, 1384, 1385, 1386, 1387, 1388, 1389, 1390, 1391, 1392, 1393, 1394, 1395, 1396, 1397, 1398, 1399, 1400, 1401, 1402, 1403, 1404, 1405, 1406, 1407]
node=25 | level=13 | parent=  24 | left=None | right=None | size=128 | indici originali=[512, 513, 514, 515, 516, 517, 518, 519, 520, 521, 522, 523, 524, 525, 526, 527, 528, 529, 530, 531, 532, 533, 534, 535, 536, 537, 538, 539, 540, 541, 542, 543, 544, 545, 546, 547, 548, 549, 550, 551, 552, 553, 554, 555, 556, 557, 558, 559, 560, 561, 562, 563, 564, 565, 566, 567, 568, 569, 570, 571, 572, 573, 574, 575, 576, 577, 578, 579, 580, 581, 582, 583, 584, 585, 586, 587, 588, 589, 590, 591, 592, 593, 594, 595, 596, 597, 598, 599, 600, 601, 602, 603, 604, 605, 606, 607, 608, 609, 610, 611, 612, 613, 614, 615, 616, 617, 618, 619, 620, 621, 622, 623, 624, 625, 626, 627, 628, 629, 630, 631, 632, 633, 634, 635, 636, 637, 638, 639]
node=26 | level=13 | parent=  24 | left=  27 | right=  28 | size=384 | indici originali=[256, 257, 258, 259, 260, 261, 262, 263, 264, 265, 266, 267, 268, 269, 270, 271, 272, 273, 274, 275, 276, 277, 278, 279, 280, 281, 282, 283, 284, 285, 286, 287, 288, 289, 290, 291, 292, 293, 294, 295, 296, 297, 298, 299, 300, 301, 302, 303, 304, 305, 306, 307, 308, 309, 310, 311, 312, 313, 314, 315, 316, 317, 318, 319, 320, 321, 322, 323, 324, 325, 326, 327, 328, 329, 330, 331, 332, 333, 334, 335, 336, 337, 338, 339, 340, 341, 342, 343, 344, 345, 346, 347, 348, 349, 350, 351, 352, 353, 354, 355, 356, 357, 358, 359, 360, 361, 362, 363, 364, 365, 366, 367, 368, 369, 370, 371, 372, 373, 374, 375, 376, 377, 378, 379, 380, 381, 382, 383, 768, 769, 770, 771, 772, 773, 774, 775, 776, 777, 778, 779, 780, 781, 782, 783, 784, 785, 786, 787, 788, 789, 790, 791, 792, 793, 794, 795, 796, 797, 798, 799, 800, 801, 802, 803, 804, 805, 806, 807, 808, 809, 810, 811, 812, 813, 814, 815, 816, 817, 818, 819, 820, 821, 822, 823, 824, 825, 826, 827, 828, 829, 830, 831, 832, 833, 834, 835, 836, 837, 838, 839, 840, 841, 842, 843, 844, 845, 846, 847, 848, 849, 850, 851, 852, 853, 854, 855, 856, 857, 858, 859, 860, 861, 862, 863, 864, 865, 866, 867, 868, 869, 870, 871, 872, 873, 874, 875, 876, 877, 878, 879, 880, 881, 882, 883, 884, 885, 886, 887, 888, 889, 890, 891, 892, 893, 894, 895, 1280, 1281, 1282, 1283, 1284, 1285, 1286, 1287, 1288, 1289, 1290, 1291, 1292, 1293, 1294, 1295, 1296, 1297, 1298, 1299, 1300, 1301, 1302, 1303, 1304, 1305, 1306, 1307, 1308, 1309, 1310, 1311, 1312, 1313, 1314, 1315, 1316, 1317, 1318, 1319, 1320, 1321, 1322, 1323, 1324, 1325, 1326, 1327, 1328, 1329, 1330, 1331, 1332, 1333, 1334, 1335, 1336, 1337, 1338, 1339, 1340, 1341, 1342, 1343, 1344, 1345, 1346, 1347, 1348, 1349, 1350, 1351, 1352, 1353, 1354, 1355, 1356, 1357, 1358, 1359, 1360, 1361, 1362, 1363, 1364, 1365, 1366, 1367, 1368, 1369, 1370, 1371, 1372, 1373, 1374, 1375, 1376, 1377, 1378, 1379, 1380, 1381, 1382, 1383, 1384, 1385, 1386, 1387, 1388, 1389, 1390, 1391, 1392, 1393, 1394, 1395, 1396, 1397, 1398, 1399, 1400, 1401, 1402, 1403, 1404, 1405, 1406, 1407]
node=27 | level=14 | parent=  26 | left=  29 | right=  30 | size=256 | indici originali=[256, 257, 258, 259, 260, 261, 262, 263, 264, 265, 266, 267, 268, 269, 270, 271, 272, 273, 274, 275, 276, 277, 278, 279, 280, 281, 282, 283, 284, 285, 286, 287, 288, 289, 290, 291, 292, 293, 294, 295, 296, 297, 298, 299, 300, 301, 302, 303, 304, 305, 306, 307, 308, 309, 310, 311, 312, 313, 314, 315, 316, 317, 318, 319, 320, 321, 322, 323, 324, 325, 326, 327, 328, 329, 330, 331, 332, 333, 334, 335, 336, 337, 338, 339, 340, 341, 342, 343, 344, 345, 346, 347, 348, 349, 350, 351, 352, 353, 354, 355, 356, 357, 358, 359, 360, 361, 362, 363, 364, 365, 366, 367, 368, 369, 370, 371, 372, 373, 374, 375, 376, 377, 378, 379, 380, 381, 382, 383, 1280, 1281, 1282, 1283, 1284, 1285, 1286, 1287, 1288, 1289, 1290, 1291, 1292, 1293, 1294, 1295, 1296, 1297, 1298, 1299, 1300, 1301, 1302, 1303, 1304, 1305, 1306, 1307, 1308, 1309, 1310, 1311, 1312, 1313, 1314, 1315, 1316, 1317, 1318, 1319, 1320, 1321, 1322, 1323, 1324, 1325, 1326, 1327, 1328, 1329, 1330, 1331, 1332, 1333, 1334, 1335, 1336, 1337, 1338, 1339, 1340, 1341, 1342, 1343, 1344, 1345, 1346, 1347, 1348, 1349, 1350, 1351, 1352, 1353, 1354, 1355, 1356, 1357, 1358, 1359, 1360, 1361, 1362, 1363, 1364, 1365, 1366, 1367, 1368, 1369, 1370, 1371, 1372, 1373, 1374, 1375, 1376, 1377, 1378, 1379, 1380, 1381, 1382, 1383, 1384, 1385, 1386, 1387, 1388, 1389, 1390, 1391, 1392, 1393, 1394, 1395, 1396, 1397, 1398, 1399, 1400, 1401, 1402, 1403, 1404, 1405, 1406, 1407]
node=28 | level=14 | parent=  26 | left=None | right=None | size=128 | indici originali=[768, 769, 770, 771, 772, 773, 774, 775, 776, 777, 778, 779, 780, 781, 782, 783, 784, 785, 786, 787, 788, 789, 790, 791, 792, 793, 794, 795, 796, 797, 798, 799, 800, 801, 802, 803, 804, 805, 806, 807, 808, 809, 810, 811, 812, 813, 814, 815, 816, 817, 818, 819, 820, 821, 822, 823, 824, 825, 826, 827, 828, 829, 830, 831, 832, 833, 834, 835, 836, 837, 838, 839, 840, 841, 842, 843, 844, 845, 846, 847, 848, 849, 850, 851, 852, 853, 854, 855, 856, 857, 858, 859, 860, 861, 862, 863, 864, 865, 866, 867, 868, 869, 870, 871, 872, 873, 874, 875, 876, 877, 878, 879, 880, 881, 882, 883, 884, 885, 886, 887, 888, 889, 890, 891, 892, 893, 894, 895]
node=29 | level=15 | parent=  27 | left=None | right=None | size=128 | indici originali=[1280, 1281, 1282, 1283, 1284, 1285, 1286, 1287, 1288, 1289, 1290, 1291, 1292, 1293, 1294, 1295, 1296, 1297, 1298, 1299, 1300, 1301, 1302, 1303, 1304, 1305, 1306, 1307, 1308, 1309, 1310, 1311, 1312, 1313, 1314, 1315, 1316, 1317, 1318, 1319, 1320, 1321, 1322, 1323, 1324, 1325, 1326, 1327, 1328, 1329, 1330, 1331, 1332, 1333, 1334, 1335, 1336, 1337, 1338, 1339, 1340, 1341, 1342, 1343, 1344, 1345, 1346, 1347, 1348, 1349, 1350, 1351, 1352, 1353, 1354, 1355, 1356, 1357, 1358, 1359, 1360, 1361, 1362, 1363, 1364, 1365, 1366, 1367, 1368, 1369, 1370, 1371, 1372, 1373, 1374, 1375, 1376, 1377, 1378, 1379, 1380, 1381, 1382, 1383, 1384, 1385, 1386, 1387, 1388, 1389, 1390, 1391, 1392, 1393, 1394, 1395, 1396, 1397, 1398, 1399, 1400, 1401, 1402, 1403, 1404, 1405, 1406, 1407]
node=30 | level=15 | parent=  27 | left=None | right=None | size=128 | indici originali=[256, 257, 258, 259, 260, 261, 262, 263, 264, 265, 266, 267, 268, 269, 270, 271, 272, 273, 274, 275, 276, 277, 278, 279, 280, 281, 282, 283, 284, 285, 286, 287, 288, 289, 290, 291, 292, 293, 294, 295, 296, 297, 298, 299, 300, 301, 302, 303, 304, 305, 306, 307, 308, 309, 310, 311, 312, 313, 314, 315, 316, 317, 318, 319, 320, 321, 322, 323, 324, 325, 326, 327, 328, 329, 330, 331, 332, 333, 334, 335, 336, 337, 338, 339, 340, 341, 342, 343, 344, 345, 346, 347, 348, 349, 350, 351, 352, 353, 354, 355, 356, 357, 358, 359, 360, 361, 362, 363, 364, 365, 366, 367, 368, 369, 370, 371, 372, 373, 374, 375, 376, 377, 378, 379, 380, 381, 382, 383]
End: Fri Aug  7 16:21:36 CEST 2026
