Job ID: 78648
Node: acnode03.e4red
Start: Wed Aug 12 10:57:29 CEST 2026
density: 100.0

========================================================================
ORIGINAL QUBO MATRIX
========================================================================
Shape                 : (2048, 2048)
Number of variables   : 2048
Number of clusters     : 16
Dimension of blocks: 128
Symmetric matrix    : True
Optimal clusters      : [array([   2,   14,   25,   45,   67,   73,   99,  104,  109,  162,  179,  195,  231,  249,  252,  277,  279,  281,  305,  308,  316,  321,
        329,  341,  379,  383,  398,  442,  445,  483,  555,  576,  579,  583,  594,  668,  682,  687,  693,  697,  727,  732,  737,  745,
        754,  772,  773,  833,  834,  859,  899,  940,  941,  998, 1039, 1042, 1071, 1072, 1077, 1095, 1096, 1100, 1105, 1109, 1111, 1134,
       1136, 1145, 1146, 1147, 1149, 1151, 1159, 1171, 1175, 1177, 1191, 1197, 1198, 1205, 1210, 1224, 1228, 1241, 1288, 1294, 1316, 1318,
       1332, 1361, 1379, 1390, 1397, 1419, 1425, 1433, 1462, 1476, 1510, 1516, 1526, 1534, 1553, 1566, 1568, 1595, 1596, 1623, 1641, 1647,
       1681, 1688, 1697, 1753, 1775, 1776, 1851, 1881, 1895, 1916, 1918, 1965, 1972, 1979, 1986, 2013, 2033, 2038]), array([  30,   36,   71,   96,  120,  126,  137,  147,  172,  186,  193,  198,  228,  232,  240,  254,  286,  287,  299,  309,  343,  361,
        375,  388,  428,  446,  472,  481,  498,  500,  515,  532,  533,  545,  564,  614,  620,  661,  665,  724,  736,  741,  758,  769,
        775,  784,  800,  814,  844,  846,  870,  881,  885,  895,  902,  913,  926,  944,  951,  971,  997, 1000, 1013, 1022, 1025, 1032,
       1045, 1047, 1067, 1073, 1114, 1115, 1125, 1148, 1154, 1155, 1158, 1165, 1166, 1187, 1194, 1231, 1232, 1244, 1295, 1314, 1337, 1350,
       1383, 1405, 1444, 1470, 1486, 1549, 1580, 1586, 1603, 1609, 1620, 1640, 1646, 1667, 1674, 1689, 1692, 1703, 1717, 1728, 1738, 1742,
       1746, 1755, 1758, 1773, 1863, 1892, 1893, 1897, 1923, 1925, 1945, 1946, 1964, 1978, 1984, 2000, 2012, 2028]), array([  16,   51,   72,   75,   95,   98,  105,  124,  139,  142,  157,  163,  189,  196,  199,  212,  214,  219,  223,  241,  250,  258,
        259,  268,  272,  290,  344,  357,  358,  366,  367,  386,  392,  394,  425,  435,  444,  449,  475,  488,  492,  493,  497,  513,
        518,  540,  544,  550,  577,  608,  613,  634,  657,  659,  673,  690,  696,  705,  718,  748,  761,  767,  771,  792,  804,  808,
        811,  825,  830,  838,  862,  865,  873,  936,  953,  961,  973,  975,  991,  993, 1003, 1008, 1017, 1028, 1058, 1085, 1094, 1102,
       1108, 1112, 1138, 1140, 1189, 1234, 1268, 1271, 1303, 1330, 1378, 1395, 1435, 1447, 1448, 1463, 1467, 1520, 1521, 1537, 1545, 1548,
       1565, 1610, 1636, 1711, 1713, 1749, 1750, 1802, 1900, 1901, 1922, 1929, 1933, 1943, 1980, 2017, 2024, 2035]), array([   6,    8,   31,   32,   38,   56,   77,  110,  129,  130,  169,  175,  181,  191,  203,  246,  251,  253,  263,  326,  387,  406,
        409,  414,  426,  453,  459,  468,  470,  471,  490,  496,  504,  512,  516,  521,  562,  585,  599,  601,  610,  655,  674,  702,
        703,  719,  730,  746,  750,  774,  782,  805,  809,  827,  898,  900,  903,  905,  911,  914,  930,  946,  972, 1035, 1041, 1061,
       1167, 1176, 1186, 1201, 1220, 1242, 1246, 1251, 1256, 1301, 1304, 1309, 1329, 1343, 1377, 1381, 1382, 1407, 1414, 1420, 1430, 1434,
       1468, 1469, 1498, 1540, 1560, 1563, 1564, 1573, 1585, 1611, 1619, 1643, 1651, 1677, 1690, 1701, 1718, 1725, 1731, 1736, 1752, 1768,
       1788, 1849, 1864, 1867, 1885, 1886, 1902, 1904, 1921, 1939, 1949, 1967, 1982, 2006, 2008, 2015, 2020, 2037]), array([   7,   76,   79,   81,   84,  101,  103,  106,  107,  111,  143,  144,  188,  190,  209,  224,  226,  229,  238,  239,  276,  306,
        327,  353,  369,  376,  382,  389,  395,  400,  438,  440,  451,  460,  461,  501,  508,  510,  519,  520,  523,  528,  529,  547,
        549,  593,  626,  627,  637,  638,  650,  662,  669,  685,  686,  743,  762,  768,  791,  798,  812,  816,  867,  890,  891,  894,
        912,  915,  931,  935,  963,  983, 1016, 1021, 1024, 1033, 1044, 1046, 1062, 1064, 1074, 1098, 1101, 1104, 1124, 1128, 1130, 1150,
       1162, 1261, 1347, 1363, 1389, 1418, 1423, 1451, 1461, 1491, 1499, 1503, 1504, 1519, 1552, 1575, 1590, 1593, 1608, 1616, 1627, 1656,
       1685, 1710, 1722, 1741, 1811, 1812, 1833, 1835, 1841, 1843, 1853, 1875, 1905, 1913, 1955, 1975, 1981, 1996]), array([   1,   24,   42,   55,   62,   74,   88,  112,  116,  117,  156,  170,  204,  235,  245,  247,  275,  289,  304,  350,  381,  390,
        402,  423,  431,  439,  479,  514,  526,  556,  570,  581,  584,  632,  636,  675,  688,  710,  734,  735,  753,  756,  764,  810,
        840,  854,  866,  880,  907,  925,  952, 1001, 1007, 1026, 1030, 1056, 1059, 1093, 1103, 1126, 1137, 1173, 1184, 1193, 1202, 1212,
       1225, 1243, 1257, 1260, 1263, 1269, 1274, 1292, 1313, 1317, 1348, 1349, 1351, 1375, 1376, 1399, 1404, 1408, 1409, 1412, 1429, 1439,
       1442, 1456, 1482, 1493, 1512, 1517, 1522, 1555, 1562, 1567, 1576, 1591, 1629, 1648, 1654, 1719, 1734, 1743, 1774, 1777, 1797, 1803,
       1806, 1830, 1834, 1846, 1855, 1868, 1873, 1879, 1880, 1910, 1924, 1931, 1948, 1950, 1987, 1998, 2003, 2011]), array([  23,   47,   82,   87,   90,   93,  119,  134,  184,  197,  216,  256,  267,  280,  284,  315,  318,  334,  352,  354,  355,  419,
        484,  524,  535,  548,  557,  569,  588,  595,  609,  618,  623,  624,  628,  645,  698,  699,  709,  711,  713,  776,  820,  831,
        837,  842,  857,  863,  872,  889,  921,  929,  933,  959,  960,  981, 1010, 1011, 1014, 1031, 1052, 1075, 1106, 1118, 1143, 1157,
       1169, 1215, 1227, 1229, 1245, 1259, 1273, 1287, 1290, 1299, 1306, 1307, 1321, 1366, 1372, 1374, 1392, 1416, 1426, 1443, 1445, 1454,
       1490, 1502, 1509, 1515, 1524, 1525, 1530, 1531, 1543, 1556, 1571, 1583, 1588, 1638, 1665, 1670, 1672, 1707, 1748, 1757, 1771, 1829,
       1856, 1860, 1865, 1866, 1882, 1890, 1926, 1928, 1941, 1966, 1977, 1985, 1992, 2010, 2021, 2025, 2030, 2045]), array([  15,   17,   22,   29,   78,  100,  113,  114,  115,  131,  151,  155,  202,  215,  220,  266,  270,  296,  317,  320,  332,  345,
        363,  371,  384,  401,  411,  424,  443,  454,  456,  457,  463,  480,  495,  502,  507,  509,  539,  543,  561,  580,  582,  587,
        606,  607,  633,  646,  695,  701,  714,  723,  738,  755,  795,  815,  826,  841,  852,  856,  868,  879,  888,  897,  901,  938,
        964,  987, 1006, 1034, 1048, 1156, 1164, 1180, 1185, 1247, 1248, 1255, 1272, 1276, 1297, 1336, 1342, 1344, 1358, 1367, 1402, 1406,
       1422, 1453, 1471, 1474, 1477, 1484, 1523, 1529, 1535, 1541, 1561, 1569, 1574, 1587, 1600, 1601, 1605, 1631, 1634, 1668, 1673, 1698,
       1705, 1724, 1732, 1745, 1779, 1810, 1831, 1852, 1877, 1889, 1896, 1935, 1944, 1957, 1974, 1999, 2002, 2018]), array([  10,   11,   12,   40,   41,   46,   48,   80,   83,   91,  102,  125,  127,  138,  140,  206,  234,  273,  311,  330,  348,  359,
        362,  377,  420,  429,  433,  436,  448,  462,  469,  527,  578,  590,  600,  616,  640,  660,  679,  691,  716,  720,  721,  742,
        797,  799,  849,  861,  864,  874,  882,  883,  886,  887,  924,  945,  986, 1002, 1051, 1066, 1070, 1088, 1089, 1107, 1113, 1119,
       1132, 1207, 1208, 1214, 1233, 1236, 1266, 1267, 1275, 1296, 1305, 1315, 1324, 1345, 1346, 1360, 1368, 1384, 1415, 1436, 1450, 1478,
       1479, 1487, 1500, 1501, 1508, 1514, 1542, 1550, 1558, 1578, 1582, 1604, 1618, 1625, 1649, 1678, 1687, 1695, 1700, 1739, 1790, 1837,
       1842, 1862, 1871, 1887, 1888, 1894, 1908, 1920, 1927, 1954, 1958, 1963, 2007, 2031, 2040, 2042, 2043, 2047]), array([   5,   18,   53,   54,   70,   97,  123,  133,  159,  164,  177,  194,  210,  211,  274,  288,  310,  319,  335,  365,  368,  374,
        413,  432,  437,  447,  466,  467,  494,  506,  511,  531,  551,  565,  567,  596,  631,  644,  647,  648,  651,  678,  684,  725,
        760,  765,  770,  778,  780,  787,  807,  818,  829,  835,  843,  947,  954,  977, 1012, 1036, 1040, 1049, 1054, 1065, 1079, 1090,
       1131, 1152, 1168, 1170, 1179, 1254, 1262, 1283, 1286, 1289, 1300, 1320, 1325, 1331, 1333, 1339, 1340, 1354, 1359, 1364, 1365, 1431,
       1437, 1457, 1458, 1464, 1472, 1494, 1497, 1532, 1551, 1559, 1579, 1598, 1621, 1622, 1658, 1659, 1669, 1679, 1727, 1740, 1754, 1765,
       1792, 1799, 1816, 1818, 1838, 1840, 1844, 1854, 1870, 1907, 1911, 1919, 1936, 1990, 1993, 2016, 2019, 2036]), array([   9,   20,   39,   50,   60,   64,   66,   94,  136,  146,  150,  166,  174,  176,  180,  192,  227,  230,  257,  262,  297,  298,
        307,  393,  397,  422,  427,  455,  476,  487,  499,  525,  538,  553,  566,  568,  621,  643,  652,  656,  664,  676,  680,  726,
        739,  757,  763,  766,  802,  853,  869,  884,  910,  918,  949,  969,  976,  982,  988,  995, 1020, 1037, 1043, 1057, 1069, 1078,
       1083, 1084, 1091, 1116, 1133, 1135, 1142, 1174, 1203, 1206, 1211, 1217, 1222, 1223, 1226, 1230, 1240, 1252, 1280, 1291, 1322, 1326,
       1327, 1334, 1370, 1391, 1396, 1413, 1432, 1452, 1465, 1481, 1495, 1527, 1546, 1557, 1589, 1597, 1645, 1650, 1663, 1704, 1715, 1735,
       1737, 1786, 1796, 1807, 1808, 1813, 1814, 1820, 1823, 1912, 1971, 1973, 1976, 1983, 2014, 2026, 2032, 2044]), array([   0,    3,   19,   21,   37,   49,   89,  108,  132,  135,  152,  165,  187,  207,  217,  218,  225,  236,  248,  260,  265,  285,
        291,  312,  314,  323,  333,  349,  396,  403,  404,  405,  473,  482,  489,  503,  530,  560,  571,  572,  602,  611,  619,  639,
        653,  654,  666,  683,  704,  715,  728,  779,  793,  803,  821,  824,  847,  851,  892,  920,  967,  980, 1005, 1050, 1080, 1097,
       1160, 1195, 1199, 1219, 1235, 1238, 1250, 1264, 1281, 1310, 1311, 1312, 1341, 1356, 1388, 1393, 1401, 1417, 1459, 1485, 1492, 1505,
       1511, 1581, 1624, 1633, 1660, 1661, 1682, 1683, 1716, 1744, 1756, 1759, 1767, 1783, 1784, 1785, 1789, 1804, 1805, 1815, 1819, 1821,
       1848, 1859, 1898, 1906, 1909, 1938, 1951, 1956, 1959, 1968, 1969, 1989, 1991, 2004, 2022, 2023, 2034, 2046]), array([  13,   33,   34,   44,   68,   69,  141,  145,  160,  161,  168,  171,  183,  201,  213,  221,  243,  303,  324,  328,  331,  337,
        340,  346,  351,  378,  385,  407,  416,  417,  452,  458,  474,  478,  485,  558,  597,  598,  617,  630,  635,  642,  649,  667,
        670,  672,  677,  722,  733,  740,  749,  751,  777,  785,  789,  790,  801,  819,  836,  839,  845,  850,  875,  876,  878,  893,
        927,  955,  957,  958,  968,  974,  992,  994, 1009, 1018, 1060, 1092, 1122, 1127, 1129, 1153, 1161, 1183, 1188, 1190, 1204, 1218,
       1270, 1277, 1279, 1293, 1362, 1387, 1398, 1403, 1411, 1427, 1446, 1473, 1480, 1507, 1538, 1547, 1554, 1628, 1630, 1637, 1666, 1708,
       1714, 1747, 1766, 1772, 1780, 1781, 1794, 1822, 1827, 1857, 1861, 1878, 1884, 1947, 1961, 1994, 2009, 2039]), array([  27,   35,   58,   59,   92,  148,  167,  173,  178,  182,  233,  237,  244,  271,  293,  295,  301,  302,  336,  338,  339,  342,
        370,  391,  408,  410,  412,  415,  418,  421,  505,  537,  554,  591,  603,  612,  615,  629,  641,  681,  692,  694,  700,  712,
        717,  744,  747,  781,  788,  813,  817,  858,  860,  896,  917,  919,  928,  932,  950,  985,  990,  996, 1023, 1029, 1076, 1086,
       1120, 1123, 1182, 1200, 1249, 1253, 1282, 1284, 1285, 1353, 1355, 1357, 1373, 1380, 1385, 1438, 1440, 1455, 1488, 1513, 1536, 1584,
       1607, 1612, 1613, 1615, 1632, 1639, 1652, 1657, 1662, 1671, 1680, 1684, 1694, 1702, 1706, 1712, 1729, 1760, 1763, 1770, 1782, 1791,
       1795, 1801, 1809, 1839, 1845, 1850, 1858, 1876, 1883, 1903, 1930, 1932, 1934, 1937, 2005, 2027, 2029, 2041]), array([   4,   26,   28,   57,   61,   65,  121,  128,  149,  154,  200,  255,  264,  283,  292,  356,  360,  364,  399,  441,  477,  486,
        491,  546,  552,  573,  592,  622,  625,  658,  663,  671,  706,  708,  731,  752,  786,  822,  823,  848,  855,  871,  877,  904,
        906,  909,  922,  934,  937,  942,  948,  965,  970,  979,  984, 1004, 1015, 1019, 1027, 1038, 1068, 1081, 1082, 1087, 1099, 1117,
       1139, 1141, 1163, 1178, 1181, 1192, 1209, 1213, 1221, 1237, 1265, 1278, 1302, 1335, 1369, 1371, 1386, 1400, 1410, 1466, 1483, 1506,
       1539, 1544, 1570, 1572, 1592, 1614, 1642, 1655, 1664, 1675, 1676, 1686, 1696, 1699, 1723, 1726, 1751, 1769, 1787, 1793, 1798, 1800,
       1824, 1828, 1832, 1836, 1847, 1872, 1891, 1899, 1914, 1915, 1917, 1942, 1952, 1953, 1960, 1988, 1995, 2001]), array([  43,   52,   63,   85,   86,  118,  122,  153,  158,  185,  205,  208,  222,  242,  261,  269,  278,  282,  294,  300,  313,  322,
        325,  347,  372,  373,  380,  430,  434,  450,  464,  465,  517,  522,  534,  536,  541,  542,  559,  563,  574,  575,  586,  589,
        604,  605,  689,  707,  729,  759,  783,  794,  796,  806,  828,  832,  908,  916,  923,  939,  943,  956,  962,  966,  978,  989,
        999, 1053, 1055, 1063, 1110, 1121, 1144, 1172, 1196, 1216, 1239, 1258, 1298, 1308, 1319, 1323, 1328, 1338, 1352, 1394, 1421, 1424,
       1428, 1441, 1449, 1460, 1475, 1489, 1496, 1518, 1528, 1533, 1577, 1594, 1599, 1602, 1606, 1617, 1626, 1635, 1644, 1653, 1691, 1693,
       1709, 1720, 1721, 1730, 1733, 1761, 1762, 1764, 1778, 1817, 1825, 1826, 1869, 1874, 1940, 1962, 1970, 1997])]
[GMC-CPU] iter=1 components=1 consecutive=0lambda=2eigenvalues=[-3.136386929107407e-16, 0.21554681081865165, 0.24576178488396988, 0.2716863834631132, 0.27580429310708754, 0.28513217634198573, 0.30528790798921934, 0.30913962191631594, 0.31191386546843913, 0.31848615101953864, 0.32041738856405616, 0.3229203775849986, 0.32505472592706786, 0.32575038326013805, 0.3329487957295147, 0.33403742142548176]
[GMC-CPU] iter=2 components=1 consecutive=1lambda=4eigenvalues=[9.204068101546916e-16, 0.13334069313384259, 0.14879192568435254, 0.15234446159984952, 0.1624419942054012, 0.18337100996671932, 0.1943159524159828, 0.2228828310139033, 0.23913358034695129, 0.2535380252641859, 0.2620693914210015, 0.27399753568462015, 0.27921232595351564, 0.2860368870518305, 0.29493448519726995, 0.30279644698982566]
[GMC-CPU] iter=3 components=1 consecutive=2lambda=8eigenvalues=[-1.7387488858887596e-15, 0.01344932525929093, 0.03987146040454065, 0.05699072630141755, 0.06564813906037285, 0.0751284571505165, 0.09580789252188436, 0.10381980500368891, 0.11356440159159785, 0.12275687648399887, 0.147143787864295, 0.14999590323626266, 0.16030223608234045, 0.18859842593811094, 0.2134457072849752, 0.24651810586591055]
[GMC-CPU] iter=4 components=8 consecutive=0lambda=16eigenvalues=[-1.8656959882778e-15, 1.0736830378666552e-15, 1.0736830378666552e-15, 1.0736830378666552e-15, 1.0736830378666552e-15, 1.0736830378666552e-15, 1.0736830378666552e-15, 1.0736830378666552e-15, 0.046379056043362996, 0.0553446784213953, 0.0582754406978649, 0.060986181704495726, 0.07130977195663868, 0.07375696486650404, 0.08543812446686405, 0.2320460532713904]
[GMC-CPU] iter=5 components=11 consecutive=0lambda=32eigenvalues=[-1.1089993678097419e-15, -1.1089993678097419e-15, -1.1089993678097419e-15, -1.1089993678097419e-15, -1.1089993678097419e-15, -1.1089993678097419e-15, -1.1089993678097419e-15, -1.1089993678097419e-15, 1.843269592983325e-15, 1.843269592983325e-15, 1.843269592983325e-15, 0.006271669962859456, 0.02016069455678026, 0.030124978285909508, 0.03584403924889681, 0.21504840122185606]
[GMC-CPU] iter=6 components=14 consecutive=0lambda=64eigenvalues=[-4.4365867429925006e-16, -4.4365867429925006e-16, -4.4365867429925006e-16, -4.4365867429925006e-16, -4.4365867429925006e-16, -4.4365867429925006e-16, -4.4365867429925006e-16, -4.4365867429925006e-16, -4.4365867429925006e-16, -4.4365867429925006e-16, -4.4365867429925006e-16, -4.4365867429925006e-16, 1.1521799496852738e-15, 1.1521799496852738e-15, 0.018006400541524116, 0.18565742667815824]
[GMC-CPU] iter=7 components=14 consecutive=1lambda=128eigenvalues=[-1.0709808071837012e-15, -1.0709808071837012e-15, 5.620578020439859e-16, 5.620578020439859e-16, 5.620578020439859e-16, 5.620578020439859e-16, 5.620578020439859e-16, 5.620578020439859e-16, 5.620578020439859e-16, 5.620578020439859e-16, 5.620578020439859e-16, 5.620578020439859e-16, 5.620578020439859e-16, 5.620578020439859e-16, 0.0076733185690319745, 0.10025060055569919]
[GMC-CPU] iter=8 components=16 consecutive=0lambda=128eigenvalues=[-1.06521340092871e-15, -1.06521340092871e-15, -1.06521340092871e-15, -1.06521340092871e-15, -1.06521340092871e-15, -1.06521340092871e-15, -1.06521340092871e-15, -1.06521340092871e-15, -1.06521340092871e-15, -1.06521340092871e-15, -1.06521340092871e-15, -1.06521340092871e-15, -1.06521340092871e-15, 1.6945213350774505e-15, 1.6945213350774505e-15, 1.6945213350774505e-15]
Ending Direct GMC.
[GMC-CPU] iter=1 components=1 consecutive=0lambda=2eigenvalues=[-4.014598019766924e-16, 0.2464625642141277]
[GMC-CPU] iter=2 components=1 consecutive=1lambda=4eigenvalues=[-9.73288229598898e-16, 0.24413958438224714]
[GMC-CPU] iter=3 components=1 consecutive=2lambda=8eigenvalues=[5.656906369948235e-16, 0.23963851608858722]
[GMC-CPU] iter=4 components=1 consecutive=3lambda=16eigenvalues=[1.8326869070432365e-15, 0.2310121325848651]
[GMC-CPU] iter=5 components=1 consecutive=4lambda=32eigenvalues=[-1.0729447738273127e-15, 0.2149089019324335]
[GMC-CPU] iter=6 components=1 consecutive=5lambda=64eigenvalues=[6.512402072046963e-16, 0.1866093789640471]
[GMC-CPU] iter=7 components=1 consecutive=6lambda=128eigenvalues=[3.379323600532779e-16, 0.14151258182243837]
[GMC-CPU] iter=8 components=1 consecutive=7lambda=256eigenvalues=[6.227551095013465e-16, 0.07890763449831403]
[GMC-CPU] iter=9 components=1 consecutive=8lambda=512eigenvalues=[-1.0156025630468288e-15, 0.017741287562460212]
[GMC-CPU] iter=10 components=1 consecutive=9lambda=1024eigenvalues=[-9.674886641733455e-16, 0.0005185519279883801]
[GMC-CPU] iter=11 components=2 consecutive=0lambda=1024eigenvalues=[-5.02159372740096e-16, 8.997681213063698e-16]
[Hierarchy-CPU] node=0 components=2 leaves=2 size=[1060, 988]  target=16 
[GMC-CPU] iter=1 components=1 consecutive=0lambda=2eigenvalues=[-5.0995154553417485e-17, 0.2499760252816734]
[GMC-CPU] iter=2 components=1 consecutive=1lambda=4eigenvalues=[-1.4499214087260879e-15, 0.13587351310134316]
[GMC-CPU] iter=3 components=1 consecutive=2lambda=8eigenvalues=[-2.9065319095619853e-16, 0.03981282733643608]
[GMC-CPU] iter=4 components=2 consecutive=0lambda=8eigenvalues=[-9.292120056285502e-16, -9.292120056285502e-16]
[Hierarchy-CPU] node=1 components=2 leaves=3 size=[1055, 5]  target=16 
[GMC-CPU] iter=1 components=1 consecutive=0lambda=2eigenvalues=[7.344394100664551e-16, 0.3062206057716842]
[GMC-CPU] iter=2 components=1 consecutive=1lambda=4eigenvalues=[-2.403321170635705e-16, 0.2803023600738619]
[GMC-CPU] iter=3 components=1 consecutive=2lambda=8eigenvalues=[5.988555156135007e-16, 0.20577105853256072]
[GMC-CPU] iter=4 components=1 consecutive=3lambda=16eigenvalues=[8.862463286531883e-16, 0.0845362517078391]
[GMC-CPU] iter=5 components=1 consecutive=4lambda=32eigenvalues=[4.0450912083773113e-16, 0.03026930306123629]
[GMC-CPU] iter=6 components=1 consecutive=5lambda=64eigenvalues=[-4.3694270900951065e-16, 0.016587441024980366]
[GMC-CPU] iter=7 components=1 consecutive=6lambda=128eigenvalues=[-8.665745586458413e-16, 0.011170328097612137]
[GMC-CPU] iter=8 components=2 consecutive=0lambda=128eigenvalues=[1.0564062659186327e-15, 1.0564062659186327e-15]
[Hierarchy-CPU] node=3 components=2 leaves=4 size=[1045, 10]  target=16 
[GMC-CPU] iter=1 components=1 consecutive=0lambda=2eigenvalues=[-7.438317928321842e-16, 0.3157652077802122]
[GMC-CPU] iter=2 components=1 consecutive=1lambda=4eigenvalues=[-9.280898837687424e-16, 0.3020714473852625]
[GMC-CPU] iter=3 components=1 consecutive=2lambda=8eigenvalues=[1.930456529949085e-16, 0.2650901447596037]
[GMC-CPU] iter=4 components=1 consecutive=3lambda=16eigenvalues=[-9.955477275972776e-16, 0.14317988355195352]
[GMC-CPU] iter=5 components=1 consecutive=4lambda=32eigenvalues=[1.5911503452731616e-15, 0.03693643127198329]
[GMC-CPU] iter=6 components=2 consecutive=0lambda=32eigenvalues=[-5.207085532814686e-16, -5.207085532814686e-16]
[Hierarchy-CPU] node=5 components=2 leaves=5 size=[1040, 5]  target=16 
[GMC-CPU] iter=1 components=1 consecutive=0lambda=2eigenvalues=[6.488332319731568e-16, 0.3160940259135094]
[GMC-CPU] iter=2 components=1 consecutive=1lambda=4eigenvalues=[-2.990344128331634e-16, 0.296207998253892]
[GMC-CPU] iter=3 components=1 consecutive=2lambda=8eigenvalues=[1.0750719939603892e-15, 0.21954211235266224]
[GMC-CPU] iter=4 components=1 consecutive=3lambda=16eigenvalues=[-4.526805192878023e-16, 0.10347661997798349]
[GMC-CPU] iter=5 components=1 consecutive=4lambda=32eigenvalues=[6.98584008871743e-16, 0.04437642452700907]
[GMC-CPU] iter=6 components=1 consecutive=5lambda=64eigenvalues=[5.984215073557925e-16, 0.012783905734928953]
[GMC-CPU] iter=7 components=2 consecutive=0lambda=64eigenvalues=[-1.002959817430848e-15, 9.066305783406043e-16]
[Hierarchy-CPU] node=7 components=2 leaves=6 size=[1036, 4]  target=16 
[GMC-CPU] iter=1 components=1 consecutive=0lambda=2eigenvalues=[4.565228400560863e-17, 0.31225434154802284]
[GMC-CPU] iter=2 components=1 consecutive=1lambda=4eigenvalues=[1.5496864921149834e-15, 0.26578851233464146]
[GMC-CPU] iter=3 components=1 consecutive=2lambda=8eigenvalues=[1.01432339821272e-15, 0.13122527403420398]
[GMC-CPU] iter=4 components=1 consecutive=3lambda=16eigenvalues=[1.2454881455748573e-15, 0.06982057096624633]
[GMC-CPU] iter=5 components=1 consecutive=4lambda=32eigenvalues=[1.7855607168800035e-15, 0.037486942320396774]
[GMC-CPU] iter=6 components=2 consecutive=0lambda=32eigenvalues=[2.430538079442266e-16, 2.430538079442266e-16]
[Hierarchy-CPU] node=9 components=2 leaves=7 size=[1031, 5]  target=16 
[GMC-CPU] iter=1 components=1 consecutive=0lambda=2eigenvalues=[-3.1832151730713133e-16, 0.3152362809595032]
[GMC-CPU] iter=2 components=1 consecutive=1lambda=4eigenvalues=[2.8099271998698297e-16, 0.25088899886272986]
[GMC-CPU] iter=3 components=1 consecutive=2lambda=8eigenvalues=[1.6151562677987522e-17, 0.08996984198043512]
[GMC-CPU] iter=4 components=1 consecutive=3lambda=16eigenvalues=[7.150045156339528e-16, 0.0557640465503868]
[GMC-CPU] iter=5 components=2 consecutive=0lambda=16eigenvalues=[8.644722120418073e-16, 8.644722120418073e-16]
[Hierarchy-CPU] node=11 components=2 leaves=8 size=[1029, 2]  target=16 
[GMC-CPU] iter=1 components=1 consecutive=0lambda=2eigenvalues=[3.855246513723069e-16, 0.3196236708157083]
[GMC-CPU] iter=2 components=1 consecutive=1lambda=4eigenvalues=[4.940535504567285e-16, 0.3039381292461235]
[GMC-CPU] iter=3 components=1 consecutive=2lambda=8eigenvalues=[9.019950362720019e-16, 0.264711835281803]
[GMC-CPU] iter=4 components=1 consecutive=3lambda=16eigenvalues=[1.0768585309602531e-15, 0.16677215085360292]
[GMC-CPU] iter=5 components=1 consecutive=4lambda=32eigenvalues=[6.037784547658134e-16, 0.08336069364840479]
[GMC-CPU] iter=6 components=1 consecutive=5lambda=64eigenvalues=[7.620889593072371e-16, 0.03925254258656351]
[GMC-CPU] iter=7 components=1 consecutive=6lambda=128eigenvalues=[3.5398951827348684e-16, 0.009914083030873218]
[GMC-CPU] iter=8 components=2 consecutive=0lambda=128eigenvalues=[-6.462623998588953e-16, -6.462623998588953e-16]
[Hierarchy-CPU] node=13 components=2 leaves=9 size=[1003, 26]  target=16 
[GMC-CPU] iter=1 components=1 consecutive=0lambda=2eigenvalues=[1.7784403044396292e-15, 0.3190935667198561]
[GMC-CPU] iter=2 components=1 consecutive=1lambda=4eigenvalues=[1.2216501707404152e-15, 0.2983643304273785]
[GMC-CPU] iter=3 components=1 consecutive=2lambda=8eigenvalues=[-9.657515334343228e-16, 0.21472008781101465]
[GMC-CPU] iter=4 components=1 consecutive=3lambda=16eigenvalues=[-7.092186217966631e-16, 0.09577829080375064]
[GMC-CPU] iter=5 components=1 consecutive=4lambda=32eigenvalues=[3.2167540402465817e-16, 0.04368641235839316]
[GMC-CPU] iter=6 components=2 consecutive=0lambda=32eigenvalues=[8.657411257661269e-16, 8.657411257661269e-16]
[Hierarchy-CPU] node=15 components=2 leaves=10 size=[1000, 3]  target=16 
[GMC-CPU] iter=1 components=1 consecutive=0lambda=2eigenvalues=[-1.8474088066423776e-15, 0.32210521384002544]
[GMC-CPU] iter=2 components=1 consecutive=1lambda=4eigenvalues=[9.729849199089619e-16, 0.30672959520111964]
[GMC-CPU] iter=3 components=1 consecutive=2lambda=8eigenvalues=[-1.6513923280577404e-15, 0.2542954643274167]
[GMC-CPU] iter=4 components=1 consecutive=3lambda=16eigenvalues=[-1.027914793102888e-15, 0.11833389350165105]
[GMC-CPU] iter=5 components=1 consecutive=4lambda=32eigenvalues=[1.2302193982971374e-16, 0.025731989298650698]
[GMC-CPU] iter=6 components=1 consecutive=5lambda=64eigenvalues=[7.085907316117643e-16, 0.0017629554573036332]
[GMC-CPU] iter=7 components=2 consecutive=0lambda=64eigenvalues=[1.5721024608184878e-16, 2.1173321305215385e-15]
[Hierarchy-CPU] node=17 components=2 leaves=11 size=[985, 15]  target=16 
[GMC-CPU] iter=1 components=1 consecutive=0lambda=2eigenvalues=[-5.020389005124347e-16, 0.272532429988499]
[GMC-CPU] iter=2 components=1 consecutive=1lambda=4eigenvalues=[1.3242733377228084e-15, 0.16930383432982093]
[GMC-CPU] iter=3 components=1 consecutive=2lambda=8eigenvalues=[-8.123387557868807e-16, 0.03426571688190127]
[GMC-CPU] iter=4 components=2 consecutive=0lambda=8eigenvalues=[-6.704317302652894e-16, 1.1096818778480856e-15]
[Hierarchy-CPU] node=2 components=2 leaves=12 size=[985, 3]  target=16 
[GMC-CPU] iter=1 components=1 consecutive=0lambda=2eigenvalues=[4.388722876496007e-17, 0.30854310140520846]
[GMC-CPU] iter=2 components=1 consecutive=1lambda=4eigenvalues=[1.440976113176696e-15, 0.19329227591895817]
[GMC-CPU] iter=3 components=1 consecutive=2lambda=8eigenvalues=[1.0514724002468126e-15, 0.03387383022208344]
[GMC-CPU] iter=4 components=2 consecutive=0lambda=8eigenvalues=[-5.6369003196263435e-16, -5.6369003196263435e-16]
[Hierarchy-CPU] node=19 components=2 leaves=13 size=[982, 3]  target=16 
[GMC-CPU] iter=1 components=1 consecutive=0lambda=2eigenvalues=[-1.0409158915630454e-15, 0.2328861989732412]
[GMC-CPU] iter=2 components=1 consecutive=1lambda=4eigenvalues=[-3.854951778830842e-16, 0.12586043193942265]
[GMC-CPU] iter=3 components=1 consecutive=2lambda=8eigenvalues=[-1.1337537276352753e-15, 0.07680729263583756]
[GMC-CPU] iter=4 components=1 consecutive=3lambda=16eigenvalues=[-8.455605259837456e-17, 0.04969950962090283]
[GMC-CPU] iter=5 components=2 consecutive=0lambda=16eigenvalues=[-4.1022617479379695e-16, -4.1022617479379695e-16]
[Hierarchy-CPU] node=21 components=2 leaves=14 size=[982, 3]  target=16 
[GMC-CPU] iter=1 components=1 consecutive=0lambda=2eigenvalues=[1.1444384273006842e-15, 0.321777642619835]
[GMC-CPU] iter=2 components=1 consecutive=1lambda=4eigenvalues=[-2.647225858684201e-16, 0.2992893685480533]
[GMC-CPU] iter=3 components=1 consecutive=2lambda=8eigenvalues=[-5.531362599743788e-16, 0.2539165058785373]
[GMC-CPU] iter=4 components=1 consecutive=3lambda=16eigenvalues=[1.0222211191674447e-15, 0.1761872809859515]
[GMC-CPU] iter=5 components=1 consecutive=4lambda=32eigenvalues=[-6.380506959938242e-16, 0.09199597606529064]
[GMC-CPU] iter=6 components=1 consecutive=5lambda=64eigenvalues=[-8.770386488298615e-16, 0.035350152257670214]
[GMC-CPU] iter=7 components=1 consecutive=6lambda=128eigenvalues=[3.241898715845264e-18, 0.012279017433318426]
[GMC-CPU] iter=8 components=1 consecutive=7lambda=256eigenvalues=[5.980591760124068e-16, 0.0006050428871730394]
[GMC-CPU] iter=9 components=2 consecutive=0lambda=256eigenvalues=[-1.0312213726598885e-15, 9.393133209729513e-16]
[Hierarchy-CPU] node=23 components=2 leaves=15 size=[952, 30]  target=16 
[GMC-CPU] iter=1 components=1 consecutive=0lambda=2eigenvalues=[4.2152197704138273e-16, 0.29677072370670143]
[GMC-CPU] iter=2 components=1 consecutive=1lambda=4eigenvalues=[-7.241666196259395e-16, 0.23504221657430135]
[GMC-CPU] iter=3 components=1 consecutive=2lambda=8eigenvalues=[-9.616964194102477e-16, 0.1315226369039889]
[GMC-CPU] iter=4 components=1 consecutive=3lambda=16eigenvalues=[-4.324561370003959e-16, 0.055802885078387446]
[GMC-CPU] iter=5 components=2 consecutive=0lambda=16eigenvalues=[-9.679994468517899e-16, -9.679994468517899e-16]
[Hierarchy-CPU] node=25 components=2 leaves=16 size=[980, 2]  target=16 
GPU available.

Execution of GPU GMC in parallel mode.
[Hierarchy-GPU] commit=0 prefetch_nodes=1 workers=1 sizes=[2048] cache_hit=False
[GMC-GPU] iter=1 components=1 consecutive=0 lambda=2eigenvalues=[-3.689866160540278e-16, 0.2464625642163461]
[GMC-GPU] iter=2 components=1 consecutive=1 lambda=4eigenvalues=[1.5947361863700847e-18, 0.24413958438277336]
[GMC-GPU] iter=3 components=1 consecutive=2 lambda=8eigenvalues=[9.567717398128337e-17, 0.23963851608872444]
[GMC-GPU] iter=4 components=1 consecutive=3 lambda=16eigenvalues=[3.740733035814667e-16, 0.2310121325848172]
[GMC-GPU] iter=5 components=1 consecutive=4 lambda=32eigenvalues=[6.831534983107683e-17, 0.2149089019323851]
[GMC-GPU] iter=6 components=1 consecutive=5 lambda=64eigenvalues=[-1.9069619955317064e-16, 0.18660937896405297]
[GMC-GPU] iter=7 components=1 consecutive=6 lambda=128eigenvalues=[4.5054511843438644e-17, 0.14151258182238324]
[GMC-GPU] iter=8 components=1 consecutive=7 lambda=256eigenvalues=[1.1606397039875778e-16, 0.07890763449775927]
[GMC-GPU] iter=9 components=1 consecutive=8 lambda=512eigenvalues=[-1.5605238849913286e-17, 0.017741287562349637]
[GMC-GPU] iter=10 components=1 consecutive=9 lambda=1024eigenvalues=[1.7843250825833471e-16, 0.0005185519279773841]
[GMC-GPU] iter=11 components=2 consecutive=0 lambda=1024eigenvalues=[-1.370009778840707e-16, 2.422170661925287e-15]
[Hierarchy-GPU] committed=0 leaves=2/16 cache=0 time=0.940170s
[Hierarchy-GPU] commit=1 prefetch_nodes=1 workers=1 sizes=[1060] cache_hit=False
[GMC-GPU] iter=1 components=1 consecutive=0 lambda=2eigenvalues=[-1.903739118172763e-16, 0.24997601615408438]
[GMC-GPU] iter=2 components=1 consecutive=1 lambda=4eigenvalues=[8.786977598527703e-17, 0.135873510935206]
[GMC-GPU] iter=3 components=1 consecutive=2 lambda=8eigenvalues=[8.490713797611326e-17, 0.03981282645202779]
[GMC-GPU] iter=4 components=2 consecutive=0 lambda=8eigenvalues=[-2.816196229922545e-15, 3.7834470823861864e-16]
[Hierarchy-GPU] committed=1 leaves=3/16 cache=0 time=0.308773s
[Hierarchy-GPU] commit=3 prefetch_nodes=1 workers=1 sizes=[1055] cache_hit=False
[GMC-GPU] iter=1 components=1 consecutive=0 lambda=2eigenvalues=[2.9113922402131854e-17, 0.30622060611432317]
[GMC-GPU] iter=2 components=1 consecutive=1 lambda=4eigenvalues=[9.015824397332019e-17, 0.2803023609976415]
[GMC-GPU] iter=3 components=1 consecutive=2 lambda=8eigenvalues=[4.989234697091705e-16, 0.20577106012031368]
[GMC-GPU] iter=4 components=1 consecutive=3 lambda=16eigenvalues=[4.888097781533999e-16, 0.08453625291222754]
[GMC-GPU] iter=5 components=1 consecutive=4 lambda=32eigenvalues=[-1.5903069488499844e-16, 0.030269301886876834]
[GMC-GPU] iter=6 components=1 consecutive=5 lambda=64eigenvalues=[2.6398734008487247e-16, 0.016587440626327176]
[GMC-GPU] iter=7 components=1 consecutive=6 lambda=128eigenvalues=[1.1395973425433702e-16, 0.011170320964223568]
[GMC-GPU] iter=8 components=2 consecutive=0 lambda=128eigenvalues=[-1.6268377572046094e-16, 2.386792244793401e-16]
[Hierarchy-GPU] committed=3 leaves=4/16 cache=0 time=0.472872s
[Hierarchy-GPU] commit=5 prefetch_nodes=1 workers=1 sizes=[1045] cache_hit=False
[GMC-GPU] iter=1 components=1 consecutive=0 lambda=2eigenvalues=[5.487716588548285e-17, 0.3157652077583624]
[GMC-GPU] iter=2 components=1 consecutive=1 lambda=4eigenvalues=[-2.17498532658876e-16, 0.3020714481649984]
[GMC-GPU] iter=3 components=1 consecutive=2 lambda=8eigenvalues=[-1.0985570237999878e-16, 0.2650901921422743]
[GMC-GPU] iter=4 components=1 consecutive=3 lambda=16eigenvalues=[2.1253934315515985e-16, 0.14318009951968888]
[GMC-GPU] iter=5 components=1 consecutive=4 lambda=32eigenvalues=[-1.1885518339977409e-16, 0.03693644661367864]
[GMC-GPU] iter=6 components=2 consecutive=0 lambda=32eigenvalues=[-3.2822522780373017e-16, -7.801203097628152e-17]
[Hierarchy-GPU] committed=5 leaves=5/16 cache=0 time=0.330646s
[Hierarchy-GPU] commit=7 prefetch_nodes=1 workers=1 sizes=[1040] cache_hit=False
[GMC-GPU] iter=1 components=1 consecutive=0 lambda=2eigenvalues=[1.3390321142764315e-16, 0.31609402720727786]
[GMC-GPU] iter=2 components=1 consecutive=1 lambda=4eigenvalues=[1.1581698537086863e-16, 0.29620799601605347]
[GMC-GPU] iter=3 components=1 consecutive=2 lambda=8eigenvalues=[-2.620328791369083e-16, 0.2195421028866279]
[GMC-GPU] iter=4 components=1 consecutive=3 lambda=16eigenvalues=[1.2260953817431945e-16, 0.10347661736049897]
[GMC-GPU] iter=5 components=1 consecutive=4 lambda=32eigenvalues=[-1.9520296744924511e-16, 0.04437642429749477]
[GMC-GPU] iter=6 components=1 consecutive=5 lambda=64eigenvalues=[6.330248885939737e-18, 0.012783901724609711]
[GMC-GPU] iter=7 components=2 consecutive=0 lambda=64eigenvalues=[-1.245206881779398e-15, -2.2206002603152596e-16]
[Hierarchy-GPU] committed=7 leaves=6/16 cache=0 time=0.384840s
[Hierarchy-GPU] commit=9 prefetch_nodes=1 workers=1 sizes=[1036] cache_hit=False
[GMC-GPU] iter=1 components=1 consecutive=0 lambda=2eigenvalues=[2.697208540118794e-16, 0.3122543414872584]
[GMC-GPU] iter=2 components=1 consecutive=1 lambda=4eigenvalues=[2.4236929538767057e-16, 0.2657885581076119]
[GMC-GPU] iter=3 components=1 consecutive=2 lambda=8eigenvalues=[-1.8269024223532033e-16, 0.13122533795747343]
[GMC-GPU] iter=4 components=1 consecutive=3 lambda=16eigenvalues=[1.5151813683227641e-16, 0.06982057837152171]
[GMC-GPU] iter=5 components=1 consecutive=4 lambda=32eigenvalues=[-4.6391691921932914e-17, 0.03748694899003413]
[GMC-GPU] iter=6 components=2 consecutive=0 lambda=32eigenvalues=[-7.585623856482591e-16, 1.8709324805731265e-15]
[Hierarchy-GPU] committed=9 leaves=7/16 cache=0 time=0.765874s
[Hierarchy-GPU] commit=11 prefetch_nodes=1 workers=1 sizes=[1031] cache_hit=False
[GMC-GPU] iter=1 components=1 consecutive=0 lambda=2eigenvalues=[3.2618609315921003e-16, 0.3152362898548822]
[GMC-GPU] iter=2 components=1 consecutive=1 lambda=4eigenvalues=[2.1945838898721722e-16, 0.250889069925563]
[GMC-GPU] iter=3 components=1 consecutive=2 lambda=8eigenvalues=[-9.830820242560797e-17, 0.08996986555561019]
[GMC-GPU] iter=4 components=1 consecutive=3 lambda=16eigenvalues=[-1.1985319568865923e-16, 0.05576406051330347]
[GMC-GPU] iter=5 components=2 consecutive=0 lambda=16eigenvalues=[1.0888370034235214e-16, 7.261217606235742e-16]
[Hierarchy-GPU] committed=11 leaves=8/16 cache=0 time=0.383653s
[Hierarchy-GPU] commit=13 prefetch_nodes=1 workers=1 sizes=[1029] cache_hit=False
[GMC-GPU] iter=1 components=1 consecutive=0 lambda=2eigenvalues=[-9.069699902173745e-17, 0.319623666392201]
[GMC-GPU] iter=2 components=1 consecutive=1 lambda=4eigenvalues=[-2.6794023017328896e-17, 0.30393810770430835]
[GMC-GPU] iter=3 components=1 consecutive=2 lambda=8eigenvalues=[3.058535354817125e-17, 0.26471171630078094]
[GMC-GPU] iter=4 components=1 consecutive=3 lambda=16eigenvalues=[5.274652010703176e-16, 0.16677188257968925]
[GMC-GPU] iter=5 components=1 consecutive=4 lambda=32eigenvalues=[1.532735291499604e-16, 0.08336065610227798]
[GMC-GPU] iter=6 components=1 consecutive=5 lambda=64eigenvalues=[-2.081193224117138e-16, 0.03925253674068234]
[GMC-GPU] iter=7 components=1 consecutive=6 lambda=128eigenvalues=[-1.7618771615375747e-16, 0.009914108424521183]
[GMC-GPU] iter=8 components=2 consecutive=0 lambda=128eigenvalues=[-4.829803144042187e-17, 4.448112119515758e-15]
[Hierarchy-GPU] committed=13 leaves=9/16 cache=0 time=0.542659s
[Hierarchy-GPU] commit=15 prefetch_nodes=1 workers=1 sizes=[1003] cache_hit=False
[GMC-GPU] iter=1 components=1 consecutive=0 lambda=2eigenvalues=[4.5755343181751674e-17, 0.31909356574688713]
[GMC-GPU] iter=2 components=1 consecutive=1 lambda=4eigenvalues=[-1.270621645583038e-16, 0.29836432416743963]
[GMC-GPU] iter=3 components=1 consecutive=2 lambda=8eigenvalues=[2.562525775165521e-16, 0.21472006751969133]
[GMC-GPU] iter=4 components=1 consecutive=3 lambda=16eigenvalues=[1.5091003295347382e-16, 0.09577828195051934]
[GMC-GPU] iter=5 components=1 consecutive=4 lambda=32eigenvalues=[2.552455005555183e-16, 0.04368640660796146]
[GMC-GPU] iter=6 components=2 consecutive=0 lambda=32eigenvalues=[3.6770322173386766e-16, 5.991690759049305e-16]
[Hierarchy-GPU] committed=15 leaves=10/16 cache=0 time=0.314845s
[Hierarchy-GPU] commit=17 prefetch_nodes=1 workers=1 sizes=[1000] cache_hit=False
[GMC-GPU] iter=1 components=1 consecutive=0 lambda=2eigenvalues=[-4.2103247937573675e-16, 0.32210521356886845]
[GMC-GPU] iter=2 components=1 consecutive=1 lambda=4eigenvalues=[-1.6089181832934148e-16, 0.3067295956086652]
[GMC-GPU] iter=3 components=1 consecutive=2 lambda=8eigenvalues=[1.117585325499452e-16, 0.2542954858832192]
[GMC-GPU] iter=4 components=1 consecutive=3 lambda=16eigenvalues=[-9.149364873280826e-17, 0.11833397134955954]
[GMC-GPU] iter=5 components=1 consecutive=4 lambda=32eigenvalues=[-8.287463752104757e-17, 0.025732019526264846]
[GMC-GPU] iter=6 components=1 consecutive=5 lambda=64eigenvalues=[3.8402912895340957e-17, 0.001762961399787912]
[GMC-GPU] iter=7 components=2 consecutive=0 lambda=64eigenvalues=[-6.48265463196485e-17, 1.0376194736106958e-15]
[Hierarchy-GPU] committed=17 leaves=11/16 cache=0 time=0.664756s
[Hierarchy-GPU] commit=2 prefetch_nodes=1 workers=1 sizes=[988] cache_hit=False
[GMC-GPU] iter=1 components=1 consecutive=0 lambda=2eigenvalues=[8.45994470727713e-17, 0.2725323036392045]
[GMC-GPU] iter=2 components=1 consecutive=1 lambda=4eigenvalues=[6.117101514072065e-17, 0.1693033920236937]
[GMC-GPU] iter=3 components=1 consecutive=2 lambda=8eigenvalues=[2.052818238250028e-16, 0.034265569865437315]
[GMC-GPU] iter=4 components=2 consecutive=0 lambda=8eigenvalues=[-1.5725906393294754e-15, 1.3428283459123984e-15]
[Hierarchy-GPU] committed=2 leaves=12/16 cache=0 time=0.449406s
[Hierarchy-GPU] commit=19 prefetch_nodes=1 workers=1 sizes=[985] cache_hit=False
[GMC-GPU] iter=1 components=1 consecutive=0 lambda=2eigenvalues=[1.869029041947792e-16, 0.3085431834536135]
[GMC-GPU] iter=2 components=1 consecutive=1 lambda=4eigenvalues=[4.549001352291264e-16, 0.19329237026272492]
[GMC-GPU] iter=3 components=1 consecutive=2 lambda=8eigenvalues=[-1.265319700644929e-17, 0.03387386242361326]
[GMC-GPU] iter=4 components=2 consecutive=0 lambda=8eigenvalues=[4.0149672621807654e-16, 4.3172855670899845e-16]
[Hierarchy-GPU] committed=19 leaves=13/16 cache=0 time=0.403008s
[Hierarchy-GPU] commit=21 prefetch_nodes=1 workers=1 sizes=[985] cache_hit=False
[GMC-GPU] iter=1 components=1 consecutive=0 lambda=2eigenvalues=[1.6086311695558268e-16, 0.23288619847253175]
[GMC-GPU] iter=2 components=1 consecutive=1 lambda=4eigenvalues=[6.659124119978914e-17, 0.12586043186541357]
[GMC-GPU] iter=3 components=1 consecutive=2 lambda=8eigenvalues=[-1.6503286777464598e-16, 0.07680729259354922]
[GMC-GPU] iter=4 components=1 consecutive=3 lambda=16eigenvalues=[-1.1405276068091207e-16, 0.04969950930005471]
[GMC-GPU] iter=5 components=2 consecutive=0 lambda=16eigenvalues=[9.711217446583655e-17, 2.6503173411026097e-16]
[Hierarchy-GPU] committed=21 leaves=14/16 cache=0 time=0.321758s
[Hierarchy-GPU] commit=23 prefetch_nodes=1 workers=1 sizes=[982] cache_hit=False
[GMC-GPU] iter=1 components=1 consecutive=0 lambda=2eigenvalues=[1.4807888312062484e-16, 0.32177764194943825]
[GMC-GPU] iter=2 components=1 consecutive=1 lambda=4eigenvalues=[-8.7058190288096e-18, 0.2992893676930667]
[GMC-GPU] iter=3 components=1 consecutive=2 lambda=8eigenvalues=[1.6747828113320202e-16, 0.2539165051959761]
[GMC-GPU] iter=4 components=1 consecutive=3 lambda=16eigenvalues=[-1.458887259255638e-17, 0.17618728028427053]
[GMC-GPU] iter=5 components=1 consecutive=4 lambda=32eigenvalues=[9.771006819856863e-17, 0.09199597576484228]
[GMC-GPU] iter=6 components=1 consecutive=5 lambda=64eigenvalues=[-1.753437755883504e-16, 0.03535015207173765]
[GMC-GPU] iter=7 components=1 consecutive=6 lambda=128eigenvalues=[-9.569888107849991e-17, 0.012279017312829705]
[GMC-GPU] iter=8 components=1 consecutive=7 lambda=256eigenvalues=[3.350211490254669e-16, 0.0006050445324501802]
[GMC-GPU] iter=9 components=2 consecutive=0 lambda=256eigenvalues=[-1.5099246522203818e-15, 2.7850526473629327e-15]
[Hierarchy-GPU] committed=23 leaves=15/16 cache=0 time=0.649338s
[Hierarchy-GPU] commit=25 prefetch_nodes=1 workers=1 sizes=[982] cache_hit=False
[GMC-GPU] iter=1 components=1 consecutive=0 lambda=2eigenvalues=[-1.6661473432438177e-16, 0.2967707289891038]
[GMC-GPU] iter=2 components=1 consecutive=1 lambda=4eigenvalues=[-4.6762973069633996e-17, 0.23504223807848662]
[GMC-GPU] iter=3 components=1 consecutive=2 lambda=8eigenvalues=[1.1972764374261627e-16, 0.13152264967934985]
[GMC-GPU] iter=4 components=1 consecutive=3 lambda=16eigenvalues=[4.693582413030979e-17, 0.055802888292630325]
[GMC-GPU] iter=5 components=2 consecutive=0 lambda=16eigenvalues=[-1.182359339060254e-15, -9.830197742541878e-16]
[Hierarchy-GPU] committed=25 leaves=16/16 cache=0 time=0.249282s

========================================================================
EXECUTION TIMES
========================================================================
Direct GMC: 10.450946 seconds
BinaryHierarchicalGMC: 39.704136 seconds
BinaryHierarchicalGMCGPU: 7.494558 seconds

========================================================================
RESULTS COMPARISON
========================================================================
Dimension original Binary: [952, 30, 3, 15, 3, 26, 2, 5, 4, 5, 10, 5, 980, 2, 3, 3]
Dimension balanced Binary  [128, 128, 128, 128, 128, 128, 128, 128, 128, 128, 128, 128, 128, 128, 128, 128]
Dimension GPU Binary: [952, 30, 3, 15, 3, 26, 2, 5, 4, 5, 10, 5, 980, 2, 3, 3]
Dimension balanced GPU Binary: [128, 128, 128, 128, 128, 128, 128, 128, 128, 128, 128, 128, 128, 128, 128, 128]

Adjusted Rand Index
-------------------
Direct GMC             : 0.000215
Original Binary        : 0.001322
Balanced Binary       : 0.004333
Balanced GPU Binary   : 0.001322

Differences
----------
Direct - Balanced Binary      : -0.004118
Balanced Binary - Original    : +0.003011
Direct - Balanced GPU Binary  : -0.004118

Original Cluster Binary 
------------------------
Cluster 0: [0, 6, 7, 8, 9, 10, 12, 14, 15, 16, 18, 19, 21, 23, 27, 28, 30, 31, 36, 38, 39, 40, 43, 45, 47, 48, 50, 53, 56, 57, 62, 63, 68, 74, 77, 79, 80, 81, 86, 87, 89, 90, 91, 92, 93, 95, 102, 103, 104, 106, 107, 108, 110, 112, 113, 114, 117, 120, 122, 124, 125, 126, 128, 130, 136, 140, 144, 146, 150, 151, 152, 154, 155, 156, 157, 158, 159, 160, 162, 163, 164, 168, 169, 170, 174, 175, 177, 179, 181, 182, 183, 184, 189, 192, 193, 195, 198, 201, 203, 209, 210, 212, 213, 217, 218, 220, 222, 223, 224, 225, 227, 229, 232, 236, 238, 242, 243, 250, 252, 254, 255, 258, 259, 260, 262, 263, 264, 267, 268, 270, 274, 276, 279, 281, 282, 287, 292, 298, 299, 300, 302, 303, 307, 308, 310, 311, 312, 313, 316, 317, 318, 321, 322, 323, 325, 327, 328, 330, 333, 339, 340, 341, 343, 344, 345, 346, 347, 351, 352, 353, 356, 357, 359, 361, 362, 363, 365, 366, 371, 377, 378, 379, 380, 381, 386, 389, 391, 392, 394, 395, 397, 398, 400, 401, 403, 404, 405, 406, 407, 412, 413, 414, 415, 416, 417, 418, 420, 426, 427, 429, 430, 433, 434, 437, 439, 440, 442, 443, 447, 449, 450, 451, 452, 455, 456, 457, 458, 461, 463, 469, 471, 472, 476, 477, 478, 480, 481, 482, 483, 485, 486, 487, 494, 498, 500, 501, 503, 504, 506, 507, 513, 516, 517, 519, 521, 522, 523, 525, 527, 530, 532, 534, 535, 541, 542, 544, 545, 547, 550, 551, 552, 554, 558, 559, 560, 564, 572, 573, 576, 577, 578, 579, 580, 583, 586, 589, 590, 591, 592, 595, 598, 601, 602, 604, 607, 608, 611, 613, 614, 616, 617, 619, 621, 622, 627, 632, 633, 634, 636, 645, 651, 652, 653, 655, 656, 657, 659, 661, 662, 663, 665, 666, 668, 670, 671, 672, 674, 676, 679, 681, 682, 683, 687, 688, 689, 691, 693, 695, 697, 699, 700, 703, 706, 711, 712, 714, 716, 720, 721, 725, 727, 728, 730, 732, 735, 736, 742, 743, 744, 746, 748, 749, 751, 752, 753, 756, 758, 760, 762, 764, 765, 766, 767, 770, 772, 773, 775, 777, 779, 780, 782, 783, 785, 787, 789, 792, 793, 794, 795, 797, 800, 802, 804, 807, 811, 812, 814, 818, 820, 821, 823, 825, 830, 831, 833, 834, 835, 837, 843, 846, 847, 849, 850, 851, 852, 853, 854, 857, 860, 863, 864, 867, 874, 876, 877, 881, 882, 883, 884, 887, 892, 893, 894, 895, 896, 897, 899, 902, 903, 905, 907, 908, 912, 915, 920, 921, 923, 924, 926, 930, 932, 937, 938, 939, 941, 942, 943, 945, 946, 948, 950, 951, 953, 955, 959, 960, 964, 965, 966, 968, 970, 975, 978, 979, 983, 985, 986, 987, 989, 991, 993, 1000, 1001, 1008, 1011, 1012, 1014, 1017, 1021, 1023, 1024, 1026, 1027, 1028, 1029, 1035, 1037, 1038, 1039, 1041, 1042, 1045, 1046, 1048, 1050, 1055, 1056, 1057, 1058, 1060, 1064, 1066, 1068, 1069, 1074, 1076, 1077, 1078, 1081, 1083, 1084, 1086, 1088, 1091, 1094, 1097, 1099, 1102, 1103, 1106, 1108, 1111, 1115, 1116, 1117, 1119, 1120, 1121, 1123, 1128, 1132, 1133, 1137, 1138, 1142, 1144, 1146, 1148, 1151, 1152, 1154, 1156, 1157, 1163, 1165, 1168, 1173, 1178, 1183, 1184, 1185, 1187, 1192, 1195, 1201, 1204, 1205, 1207, 1208, 1210, 1212, 1217, 1220, 1223, 1225, 1226, 1232, 1236, 1237, 1238, 1239, 1240, 1241, 1242, 1244, 1245, 1247, 1248, 1249, 1255, 1259, 1260, 1262, 1263, 1264, 1268, 1270, 1273, 1275, 1277, 1278, 1279, 1280, 1281, 1287, 1288, 1290, 1292, 1296, 1297, 1299, 1303, 1304, 1305, 1313, 1321, 1323, 1330, 1334, 1335, 1336, 1337, 1341, 1343, 1346, 1349, 1350, 1352, 1357, 1358, 1363, 1364, 1373, 1375, 1376, 1379, 1386, 1387, 1388, 1389, 1390, 1395, 1396, 1402, 1404, 1406, 1407, 1408, 1409, 1411, 1412, 1414, 1415, 1416, 1418, 1419, 1420, 1421, 1424, 1425, 1428, 1431, 1433, 1436, 1439, 1440, 1441, 1442, 1445, 1447, 1449, 1451, 1453, 1454, 1463, 1464, 1466, 1469, 1470, 1474, 1475, 1476, 1477, 1478, 1479, 1480, 1486, 1487, 1488, 1489, 1490, 1493, 1498, 1502, 1503, 1508, 1509, 1511, 1512, 1519, 1520, 1522, 1523, 1524, 1525, 1527, 1528, 1530, 1532, 1533, 1535, 1536, 1539, 1541, 1542, 1543, 1545, 1547, 1548, 1556, 1557, 1559, 1561, 1563, 1566, 1567, 1569, 1571, 1572, 1573, 1576, 1577, 1578, 1583, 1584, 1585, 1588, 1589, 1591, 1592, 1593, 1594, 1598, 1600, 1605, 1609, 1611, 1612, 1613, 1616, 1619, 1621, 1628, 1630, 1631, 1632, 1636, 1639, 1641, 1644, 1650, 1652, 1653, 1655, 1656, 1660, 1662, 1663, 1664, 1666, 1668, 1671, 1673, 1674, 1675, 1678, 1680, 1682, 1689, 1692, 1696, 1698, 1701, 1702, 1704, 1705, 1706, 1707, 1710, 1716, 1718, 1719, 1723, 1724, 1725, 1728, 1732, 1733, 1734, 1740, 1743, 1748, 1749, 1751, 1764, 1772, 1773, 1774, 1775, 1776, 1777, 1778, 1779, 1780, 1788, 1790, 1791, 1792, 1793, 1794, 1795, 1796, 1801, 1802, 1803, 1805, 1807, 1808, 1812, 1813, 1817, 1818, 1819, 1821, 1823, 1825, 1828, 1829, 1831, 1832, 1836, 1838, 1839, 1841, 1844, 1846, 1848, 1849, 1853, 1854, 1855, 1859, 1862, 1864, 1865, 1867, 1870, 1871, 1872, 1874, 1875, 1877, 1879, 1884, 1885, 1892, 1894, 1895, 1896, 1897, 1898, 1900, 1901, 1902, 1903, 1904, 1905, 1906, 1909, 1910, 1920, 1921, 1924, 1927, 1929, 1930, 1932, 1936, 1937, 1940, 1941, 1942, 1944, 1945, 1947, 1953, 1958, 1961, 1963, 1964, 1965, 1967, 1968, 1971, 1972, 1974, 1975, 1976, 1977, 1979, 1980, 1981, 1983, 1985, 1987, 1988, 1991, 1994, 1995, 1996, 1997, 2000, 2002, 2004, 2005, 2006, 2007, 2009, 2010, 2011, 2013, 2015, 2016, 2018, 2021, 2022, 2026, 2027, 2029, 2030, 2031, 2033, 2034, 2035, 2036, 2037, 2038, 2040, 2041, 2043, 2044, 2046], size=952
Cluster 1: [384, 639, 761, 836, 1283, 1286, 1289, 1294, 1300, 1302, 1306, 1317, 1338, 1339, 1347, 1348, 1356, 1362, 1365, 1369, 1370, 1372, 1380, 1383, 1391, 1392, 1393, 1736, 1950, 1992], size=30
Cluster 2: [646, 685, 690], size=3
Cluster 3: [644, 928, 990, 1025, 1044, 1059, 1093, 1124, 1125, 1153, 1179, 1218, 1235, 1246, 1276], size=15
Cluster 4: [1446, 1448, 1510], size=3
Cluster 5: [958, 1049, 1676, 1679, 1683, 1685, 1691, 1709, 1715, 1717, 1722, 1726, 1729, 1731, 1745, 1746, 1747, 1750, 1754, 1755, 1759, 1765, 1768, 1783, 1786, 1787], size=26
Cluster 6: [206, 248], size=2
Cluster 7: [46, 58, 85, 99, 118], size=5
Cluster 8: [967, 984, 1004, 1009], size=4
Cluster 9: [1315, 1316, 1333, 1340, 1354], size=5
Cluster 10: [390, 441, 466, 489, 502, 508, 509, 1672, 1686, 1767], size=10
Cluster 11: [1553, 1560, 1607, 1615, 1648], size=5
Cluster 12: [1, 2, 3, 4, 5, 11, 13, 17, 20, 22, 24, 25, 26, 29, 32, 33, 34, 35, 37, 41, 42, 44, 49, 51, 52, 54, 55, 59, 60, 61, 64, 65, 66, 67, 69, 70, 71, 72, 73, 75, 76, 78, 82, 83, 84, 88, 94, 96, 97, 98, 100, 101, 105, 109, 111, 115, 116, 119, 121, 123, 127, 129, 131, 132, 133, 134, 135, 137, 138, 139, 141, 142, 143, 145, 147, 148, 149, 153, 161, 165, 166, 167, 171, 172, 173, 176, 178, 180, 185, 186, 187, 188, 190, 191, 194, 196, 197, 199, 200, 202, 204, 205, 207, 208, 211, 214, 215, 216, 219, 221, 226, 228, 230, 231, 233, 234, 235, 237, 239, 240, 241, 244, 245, 246, 247, 249, 251, 253, 256, 257, 261, 265, 266, 269, 271, 272, 273, 275, 277, 278, 280, 283, 284, 285, 286, 288, 289, 290, 291, 293, 294, 295, 296, 297, 301, 304, 305, 306, 309, 314, 315, 319, 320, 324, 326, 329, 331, 332, 334, 335, 336, 337, 338, 342, 348, 349, 350, 354, 355, 358, 360, 364, 367, 368, 369, 370, 372, 373, 374, 375, 376, 382, 383, 385, 387, 388, 393, 396, 399, 402, 408, 409, 410, 411, 419, 421, 422, 423, 424, 425, 428, 431, 432, 435, 436, 438, 444, 445, 446, 448, 453, 454, 459, 460, 462, 464, 465, 467, 468, 470, 473, 474, 475, 479, 484, 488, 490, 491, 492, 493, 495, 496, 497, 499, 505, 510, 511, 512, 514, 515, 518, 520, 524, 526, 528, 529, 531, 533, 536, 537, 538, 539, 540, 543, 546, 548, 549, 553, 555, 556, 557, 561, 562, 563, 565, 566, 567, 568, 569, 570, 571, 574, 575, 581, 582, 584, 585, 587, 588, 593, 594, 596, 597, 599, 600, 603, 605, 606, 609, 610, 612, 615, 618, 620, 623, 624, 625, 628, 629, 630, 631, 635, 637, 638, 640, 641, 642, 643, 647, 648, 649, 650, 654, 658, 660, 664, 667, 669, 673, 675, 677, 678, 680, 684, 686, 692, 694, 696, 698, 701, 702, 704, 705, 707, 708, 709, 710, 713, 715, 717, 718, 719, 722, 723, 724, 726, 729, 731, 733, 734, 737, 738, 739, 740, 741, 745, 747, 750, 754, 755, 757, 759, 763, 768, 769, 771, 774, 776, 778, 781, 784, 786, 788, 790, 791, 796, 798, 799, 801, 803, 805, 806, 808, 809, 810, 813, 815, 816, 817, 819, 822, 824, 826, 827, 828, 829, 832, 838, 839, 840, 841, 842, 844, 845, 848, 855, 856, 858, 859, 861, 862, 865, 866, 868, 869, 870, 871, 872, 873, 875, 878, 879, 880, 885, 886, 888, 889, 890, 891, 898, 900, 901, 904, 906, 910, 911, 913, 914, 916, 917, 918, 919, 922, 925, 927, 929, 931, 933, 934, 935, 936, 940, 944, 947, 949, 952, 954, 956, 957, 961, 962, 963, 969, 971, 972, 973, 974, 976, 977, 980, 981, 982, 988, 992, 995, 996, 997, 998, 999, 1002, 1003, 1005, 1006, 1007, 1010, 1013, 1015, 1016, 1018, 1019, 1020, 1022, 1030, 1031, 1032, 1033, 1034, 1036, 1040, 1043, 1047, 1051, 1052, 1053, 1054, 1061, 1062, 1063, 1065, 1067, 1070, 1071, 1072, 1073, 1075, 1079, 1080, 1082, 1085, 1087, 1089, 1090, 1092, 1095, 1096, 1098, 1100, 1101, 1104, 1105, 1107, 1109, 1110, 1112, 1113, 1114, 1118, 1122, 1126, 1127, 1129, 1130, 1131, 1134, 1135, 1136, 1139, 1140, 1141, 1143, 1145, 1147, 1149, 1150, 1158, 1159, 1160, 1161, 1162, 1164, 1166, 1167, 1169, 1170, 1171, 1172, 1174, 1175, 1176, 1177, 1180, 1181, 1182, 1186, 1188, 1189, 1190, 1191, 1193, 1194, 1196, 1197, 1198, 1199, 1200, 1202, 1203, 1206, 1209, 1213, 1214, 1215, 1216, 1219, 1221, 1222, 1224, 1227, 1228, 1229, 1230, 1231, 1233, 1234, 1243, 1250, 1251, 1252, 1253, 1254, 1256, 1257, 1258, 1261, 1265, 1266, 1267, 1271, 1272, 1274, 1282, 1284, 1285, 1291, 1293, 1295, 1298, 1301, 1307, 1308, 1309, 1310, 1311, 1312, 1314, 1318, 1319, 1320, 1322, 1324, 1325, 1326, 1327, 1328, 1329, 1331, 1332, 1342, 1344, 1345, 1351, 1353, 1355, 1359, 1360, 1361, 1366, 1367, 1368, 1371, 1374, 1377, 1378, 1381, 1382, 1384, 1385, 1394, 1397, 1398, 1399, 1400, 1401, 1403, 1405, 1410, 1413, 1417, 1422, 1423, 1426, 1427, 1429, 1430, 1432, 1434, 1435, 1437, 1438, 1443, 1444, 1450, 1452, 1455, 1456, 1457, 1458, 1459, 1460, 1461, 1462, 1465, 1467, 1468, 1471, 1472, 1473, 1481, 1482, 1483, 1484, 1485, 1491, 1492, 1494, 1495, 1496, 1497, 1499, 1500, 1501, 1504, 1505, 1506, 1507, 1513, 1514, 1515, 1516, 1517, 1518, 1521, 1526, 1529, 1531, 1534, 1537, 1538, 1540, 1544, 1546, 1549, 1550, 1551, 1552, 1554, 1555, 1558, 1562, 1564, 1565, 1568, 1570, 1574, 1575, 1579, 1580, 1581, 1582, 1586, 1587, 1590, 1595, 1596, 1597, 1599, 1601, 1602, 1603, 1604, 1606, 1608, 1610, 1614, 1617, 1618, 1620, 1622, 1623, 1624, 1625, 1626, 1627, 1629, 1633, 1634, 1635, 1637, 1638, 1640, 1642, 1643, 1645, 1646, 1647, 1649, 1651, 1654, 1657, 1658, 1659, 1661, 1665, 1667, 1669, 1670, 1677, 1681, 1684, 1687, 1688, 1690, 1693, 1694, 1695, 1697, 1699, 1700, 1703, 1708, 1711, 1712, 1713, 1714, 1720, 1721, 1727, 1730, 1735, 1737, 1738, 1739, 1741, 1742, 1744, 1752, 1753, 1756, 1757, 1758, 1760, 1761, 1762, 1763, 1766, 1769, 1770, 1771, 1781, 1782, 1784, 1785, 1789, 1797, 1798, 1799, 1800, 1804, 1809, 1810, 1811, 1814, 1815, 1816, 1820, 1822, 1824, 1826, 1827, 1830, 1833, 1834, 1835, 1837, 1840, 1842, 1843, 1845, 1847, 1850, 1851, 1852, 1856, 1857, 1858, 1860, 1861, 1863, 1866, 1868, 1869, 1873, 1876, 1878, 1880, 1881, 1882, 1883, 1886, 1887, 1888, 1889, 1890, 1891, 1893, 1899, 1907, 1908, 1911, 1912, 1913, 1914, 1916, 1917, 1918, 1919, 1922, 1923, 1925, 1926, 1928, 1931, 1933, 1934, 1935, 1938, 1939, 1943, 1946, 1948, 1949, 1951, 1952, 1954, 1955, 1956, 1957, 1959, 1960, 1962, 1966, 1969, 1970, 1973, 1978, 1982, 1984, 1986, 1989, 1990, 1993, 1998, 1999, 2001, 2003, 2008, 2012, 2014, 2017, 2019, 2020, 2023, 2024, 2025, 2028, 2032, 2039, 2042, 2045, 2047], size=980
Cluster 13: [1806, 1915], size=2
Cluster 14: [626, 909, 994], size=3
Cluster 15: [1155, 1211, 1269], size=3

Balanced Cluster Binary 
-------------------------
Cluster 0: [23, 56, 63, 120, 124, 128, 210, 212, 220, 254, 281, 299, 307, 316, 321, 344, 351, 352, 361, 366, 381, 394, 414, 416, 420, 427, 429, 433, 471, 478, 485, 486, 494, 519, 532, 534, 544, 552, 554, 576, 579, 591, 602, 611, 617, 651, 693, 706, 712, 721, 727, 730, 743, 744, 764, 834, 857, 887, 921, 923, 926, 930, 942, 943, 965, 986, 1029, 1041, 1050, 1055, 1058, 1091, 1102, 1106, 1120, 1128, 1146, 1165, 1178, 1185, 1192, 1210, 1255, 1259, 1288, 1303, 1343, 1364, 1375, 1379, 1387, 1395, 1414, 1421, 1424, 1428, 1436, 1466, 1476, 1488, 1490, 1512, 1519, 1536, 1563, 1572, 1591, 1630, 1692, 1706, 1773, 1778, 1812, 1848, 1903, 1904, 1937, 1944, 1975, 1979, 1985, 1988, 1991, 2002, 2004, 2010, 2035, 2038], size=128
Cluster 1: [30, 39, 45, 162, 163, 168, 175, 184, 192, 198, 203, 218, 250, 259, 270, 292, 298, 300, 303, 310, 322, 339, 353, 365, 398, 413, 415, 426, 439, 450, 480, 482, 483, 507, 527, 530, 535, 572, 583, 590, 607, 613, 614, 670, 674, 679, 720, 736, 746, 756, 765, 772, 777, 780, 792, 812, 818, 892, 907, 932, 937, 948, 950, 964, 968, 993, 1001, 1078, 1103, 1111, 1117, 1121, 1133, 1137, 1144, 1163, 1173, 1208, 1226, 1249, 1262, 1263, 1268, 1273, 1278, 1304, 1323, 1357, 1376, 1386, 1402, 1418, 1440, 1447, 1449, 1463, 1474, 1489, 1509, 1547, 1548, 1566, 1573, 1594, 1609, 1644, 1650, 1666, 1671, 1718, 1719, 1791, 1803, 1828, 1829, 1864, 1921, 1940, 1964, 1967, 1971, 1972, 1980, 1994, 1995, 2013, 2029, 2046], size=128
Cluster 2: [6, 15, 18, 31, 43, 48, 81, 86, 107, 113, 155, 170, 174, 177, 179, 181, 182, 222, 236, 243, 274, 287, 308, 311, 312, 327, 341, 346, 363, 371, 380, 405, 430, 442, 451, 457, 481, 500, 506, 513, 522, 551, 560, 589, 598, 601, 619, 621, 700, 752, 767, 782, 785, 787, 802, 807, 849, 874, 881, 903, 905, 915, 939, 941, 979, 987, 1000, 1023, 1027, 1083, 1094, 1132, 1138, 1157, 1220, 1223, 1225, 1232, 1240, 1242, 1244, 1270, 1280, 1287, 1305, 1313, 1330, 1350, 1358, 1419, 1420, 1433, 1441, 1454, 1464, 1475, 1493, 1545, 1557, 1592, 1600, 1613, 1619, 1641, 1652, 1655, 1656, 1673, 1674, 1689, 1704, 1728, 1779, 1808, 1825, 1844, 1855, 1892, 1905, 1945, 1961, 1983, 1987, 2027, 2033, 2034, 2037, 2040], size=128
Cluster 3: [10, 12, 27, 77, 126, 136, 140, 144, 156, 158, 164, 193, 195, 209, 224, 227, 242, 258, 260, 282, 302, 318, 323, 325, 328, 333, 362, 377, 440, 447, 458, 461, 477, 503, 516, 525, 542, 547, 558, 573, 578, 622, 634, 636, 661, 665, 668, 672, 682, 691, 695, 711, 714, 811, 820, 843, 846, 864, 867, 893, 938, 946, 966, 978, 985, 1026, 1037, 1057, 1068, 1084, 1116, 1151, 1187, 1204, 1245, 1247, 1290, 1336, 1341, 1352, 1389, 1404, 1406, 1442, 1469, 1487, 1503, 1523, 1541, 1556, 1569, 1571, 1612, 1628, 1653, 1660, 1680, 1716, 1734, 1774, 1776, 1793, 1802, 1838, 1846, 1849, 1854, 1870, 1874, 1877, 1879, 1885, 1896, 1898, 1900, 1901, 1902, 1910, 1920, 1958, 1968, 1974, 1977, 1981, 2007, 2011, 2026, 2043], size=128
Cluster 4: [0, 7, 9, 28, 38, 47, 57, 62, 68, 74, 79, 80, 90, 92, 102, 104, 106, 110, 117, 125, 169, 183, 213, 223, 232, 238, 255, 267, 347, 357, 359, 386, 389, 404, 434, 449, 501, 504, 523, 541, 545, 652, 657, 666, 671, 676, 688, 697, 716, 732, 735, 762, 770, 783, 793, 814, 823, 847, 852, 882, 894, 899, 908, 912, 924, 945, 953, 970, 983, 989, 1024, 1035, 1046, 1074, 1088, 1097, 1108, 1142, 1156, 1168, 1201, 1205, 1217, 1236, 1237, 1239, 1281, 1292, 1299, 1334, 1335, 1407, 1425, 1431, 1453, 1480, 1486, 1498, 1511, 1524, 1530, 1542, 1543, 1559, 1561, 1567, 1576, 1583, 1616, 1710, 1740, 1743, 1794, 1817, 1818, 1823, 1859, 1865, 1871, 1906, 1930, 1936, 2006, 2009, 2021, 2022, 2036, 2041], size=128
Cluster 5: [16, 19, 36, 50, 89, 93, 108, 114, 154, 157, 159, 217, 225, 263, 264, 268, 313, 340, 356, 395, 407, 412, 417, 437, 443, 456, 476, 487, 498, 517, 521, 559, 580, 595, 604, 616, 633, 653, 655, 656, 662, 689, 703, 728, 753, 758, 760, 773, 789, 797, 825, 830, 833, 837, 850, 851, 853, 876, 884, 895, 902, 920, 959, 991, 1008, 1011, 1039, 1042, 1048, 1066, 1069, 1077, 1081, 1099, 1115, 1119, 1148, 1195, 1212, 1260, 1277, 1279, 1296, 1346, 1373, 1412, 1416, 1470, 1477, 1502, 1525, 1532, 1535, 1539, 1578, 1588, 1593, 1605, 1611, 1621, 1632, 1639, 1662, 1664, 1668, 1696, 1701, 1702, 1723, 1749, 1764, 1777, 1788, 1801, 1805, 1807, 1813, 1831, 1832, 1839, 1841, 1875, 1932, 1965, 1997, 2005, 2016, 2031], size=128
Cluster 6: [8, 40, 53, 95, 103, 112, 122, 146, 150, 151, 152, 160, 229, 262, 279, 317, 345, 378, 391, 392, 397, 400, 403, 406, 418, 452, 463, 469, 472, 550, 577, 586, 592, 608, 627, 632, 645, 659, 663, 681, 683, 687, 725, 742, 748, 749, 751, 766, 779, 794, 795, 800, 804, 821, 835, 854, 863, 877, 883, 896, 951, 960, 1012, 1014, 1017, 1028, 1038, 1045, 1056, 1060, 1183, 1207, 1241, 1248, 1264, 1321, 1349, 1388, 1408, 1409, 1415, 1439, 1445, 1479, 1520, 1527, 1533, 1577, 1589, 1598, 1631, 1636, 1663, 1675, 1678, 1682, 1698, 1707, 1732, 1733, 1751, 1775, 1780, 1790, 1792, 1796, 1819, 1821, 1853, 1867, 1872, 1884, 1894, 1897, 1909, 1924, 1927, 1929, 1941, 1942, 1947, 1953, 1963, 1976, 1996, 2000, 2015, 2030], size=128
Cluster 7: [14, 21, 87, 91, 130, 189, 201, 252, 276, 330, 343, 379, 384, 401, 455, 564, 639, 644, 646, 685, 690, 699, 761, 775, 831, 836, 860, 897, 928, 955, 958, 975, 990, 1021, 1025, 1044, 1049, 1059, 1064, 1076, 1086, 1093, 1123, 1124, 1125, 1152, 1153, 1154, 1179, 1184, 1218, 1235, 1238, 1246, 1275, 1276, 1283, 1286, 1289, 1294, 1297, 1300, 1302, 1306, 1317, 1337, 1338, 1339, 1347, 1348, 1356, 1362, 1363, 1365, 1369, 1370, 1372, 1380, 1383, 1390, 1391, 1392, 1393, 1396, 1411, 1446, 1448, 1451, 1478, 1508, 1510, 1522, 1528, 1584, 1585, 1676, 1679, 1683, 1691, 1705, 1709, 1717, 1724, 1725, 1726, 1729, 1731, 1736, 1745, 1746, 1747, 1748, 1754, 1755, 1759, 1765, 1772, 1783, 1786, 1787, 1795, 1836, 1862, 1895, 1950, 1992, 2018, 2044], size=128
Cluster 8: [29, 46, 58, 65, 69, 70, 85, 99, 100, 109, 111, 115, 118, 135, 196, 206, 211, 231, 233, 239, 247, 248, 275, 306, 324, 342, 354, 368, 374, 390, 393, 411, 422, 441, 453, 464, 466, 489, 502, 508, 509, 514, 538, 581, 584, 593, 599, 620, 678, 680, 694, 745, 786, 788, 806, 808, 809, 817, 862, 922, 944, 967, 976, 984, 1004, 1009, 1034, 1063, 1080, 1089, 1113, 1160, 1169, 1175, 1261, 1271, 1272, 1285, 1315, 1316, 1318, 1319, 1322, 1333, 1340, 1342, 1354, 1366, 1378, 1384, 1432, 1456, 1473, 1483, 1531, 1549, 1550, 1553, 1558, 1560, 1568, 1580, 1604, 1606, 1607, 1608, 1615, 1642, 1648, 1651, 1672, 1685, 1686, 1713, 1715, 1722, 1750, 1767, 1768, 1785, 1789, 1798, 1810, 1843, 1887, 1891, 1893, 1998], size=128
Cluster 9: [25, 32, 44, 49, 51, 59, 67, 71, 73, 76, 78, 123, 173, 185, 188, 194, 237, 240, 251, 256, 261, 266, 289, 297, 305, 331, 332, 350, 367, 382, 383, 432, 438, 479, 495, 529, 543, 548, 561, 567, 582, 588, 610, 618, 630, 637, 654, 692, 704, 707, 710, 741, 771, 855, 869, 879, 886, 900, 904, 916, 931, 936, 952, 963, 998, 1013, 1018, 1022, 1036, 1047, 1052, 1061, 1100, 1107, 1131, 1190, 1206, 1221, 1231, 1251, 1344, 1345, 1401, 1405, 1423, 1444, 1467, 1471, 1481, 1494, 1506, 1507, 1517, 1521, 1540, 1554, 1586, 1602, 1645, 1646, 1647, 1654, 1658, 1677, 1690, 1694, 1697, 1720, 1737, 1753, 1769, 1771, 1781, 1782, 1799, 1826, 1833, 1876, 1878, 1907, 1911, 1956, 1959, 1969, 1978, 1982, 1986, 2024], size=128
Cluster 10: [2, 72, 84, 101, 141, 148, 199, 208, 226, 244, 265, 271, 272, 273, 277, 286, 309, 329, 334, 358, 376, 408, 425, 436, 445, 462, 465, 490, 493, 497, 505, 518, 526, 555, 557, 570, 575, 585, 596, 609, 628, 631, 650, 701, 705, 715, 733, 755, 757, 759, 774, 781, 819, 824, 832, 838, 859, 861, 865, 888, 925, 940, 949, 962, 973, 997, 999, 1005, 1007, 1053, 1054, 1090, 1110, 1134, 1159, 1189, 1193, 1202, 1216, 1233, 1234, 1258, 1265, 1301, 1307, 1310, 1331, 1353, 1360, 1422, 1427, 1450, 1452, 1455, 1465, 1468, 1472, 1516, 1564, 1575, 1582, 1596, 1601, 1620, 1622, 1623, 1629, 1640, 1665, 1670, 1699, 1727, 1738, 1741, 1814, 1860, 1866, 1908, 1912, 1913, 1916, 1923, 1931, 1934, 1952, 2014, 2025, 2028], size=128
Cluster 11: [41, 54, 83, 88, 96, 105, 129, 131, 142, 147, 178, 214, 215, 221, 285, 290, 291, 294, 296, 326, 348, 355, 360, 370, 409, 410, 419, 421, 423, 428, 435, 468, 528, 553, 566, 571, 597, 615, 629, 643, 660, 664, 669, 677, 722, 724, 754, 778, 798, 799, 810, 813, 829, 839, 841, 845, 873, 889, 906, 914, 917, 974, 982, 988, 1006, 1010, 1033, 1040, 1067, 1073, 1075, 1085, 1105, 1114, 1118, 1170, 1181, 1196, 1228, 1230, 1274, 1326, 1329, 1351, 1359, 1368, 1374, 1435, 1460, 1461, 1492, 1537, 1538, 1552, 1574, 1587, 1599, 1610, 1617, 1624, 1625, 1627, 1635, 1649, 1659, 1667, 1681, 1688, 1708, 1756, 1766, 1770, 1797, 1820, 1847, 1858, 1869, 1873, 1890, 1918, 1933, 1943, 1946, 1949, 1993, 2001, 2008, 2020], size=128
Cluster 12: [3, 5, 24, 33, 42, 52, 55, 60, 66, 82, 94, 97, 132, 137, 138, 139, 145, 165, 167, 171, 204, 228, 235, 249, 280, 314, 319, 336, 349, 364, 373, 375, 388, 424, 446, 448, 460, 467, 531, 533, 536, 539, 549, 594, 603, 605, 624, 638, 649, 673, 708, 718, 723, 731, 737, 739, 796, 803, 816, 826, 842, 844, 858, 868, 898, 901, 910, 918, 1030, 1043, 1079, 1087, 1096, 1101, 1112, 1145, 1161, 1164, 1176, 1177, 1182, 1198, 1200, 1222, 1229, 1284, 1293, 1298, 1309, 1320, 1328, 1361, 1385, 1417, 1491, 1501, 1518, 1544, 1562, 1565, 1614, 1618, 1626, 1657, 1684, 1711, 1739, 1763, 1809, 1815, 1827, 1830, 1835, 1850, 1857, 1861, 1882, 1883, 1889, 1914, 1919, 1960, 1970, 1989, 2017, 2023, 2039, 2042], size=128
Cluster 13: [4, 11, 22, 61, 75, 116, 119, 133, 153, 172, 176, 191, 234, 257, 278, 284, 335, 338, 369, 372, 396, 431, 444, 454, 473, 475, 491, 499, 512, 515, 568, 587, 635, 667, 675, 696, 713, 717, 734, 738, 740, 750, 768, 790, 801, 822, 828, 848, 866, 872, 875, 885, 890, 911, 919, 933, 934, 935, 947, 969, 977, 996, 1015, 1031, 1032, 1065, 1070, 1092, 1098, 1140, 1141, 1149, 1150, 1167, 1172, 1174, 1188, 1191, 1197, 1203, 1209, 1214, 1219, 1227, 1252, 1253, 1295, 1308, 1312, 1314, 1324, 1325, 1355, 1381, 1394, 1399, 1403, 1429, 1457, 1458, 1497, 1505, 1514, 1526, 1546, 1551, 1555, 1581, 1637, 1669, 1712, 1730, 1758, 1760, 1804, 1837, 1851, 1852, 1922, 1925, 1926, 1939, 1954, 1957, 1966, 1984, 2045, 2047], size=128
Cluster 14: [1, 17, 26, 35, 37, 127, 143, 149, 180, 186, 190, 197, 202, 207, 219, 245, 246, 253, 283, 293, 301, 304, 320, 399, 402, 470, 488, 496, 511, 537, 546, 569, 574, 606, 623, 625, 640, 641, 658, 684, 698, 726, 784, 827, 880, 913, 927, 954, 956, 961, 971, 980, 981, 992, 1002, 1003, 1019, 1062, 1072, 1122, 1127, 1135, 1136, 1139, 1143, 1147, 1158, 1166, 1171, 1186, 1199, 1213, 1224, 1243, 1250, 1256, 1257, 1291, 1311, 1327, 1377, 1397, 1398, 1410, 1426, 1438, 1443, 1462, 1504, 1534, 1595, 1603, 1633, 1634, 1661, 1693, 1695, 1700, 1703, 1721, 1735, 1742, 1744, 1752, 1761, 1784, 1800, 1811, 1816, 1822, 1824, 1834, 1840, 1856, 1868, 1881, 1888, 1917, 1928, 1935, 1948, 1951, 1962, 1990, 2003, 2012, 2019, 2032], size=128
Cluster 15: [13, 20, 34, 64, 98, 121, 134, 161, 166, 187, 200, 205, 216, 230, 241, 269, 288, 295, 315, 337, 385, 387, 459, 474, 484, 492, 510, 520, 524, 540, 556, 562, 563, 565, 600, 612, 626, 642, 647, 648, 686, 702, 709, 719, 729, 747, 763, 769, 776, 791, 805, 815, 840, 856, 870, 871, 878, 891, 909, 929, 957, 972, 994, 995, 1016, 1020, 1051, 1071, 1082, 1095, 1104, 1109, 1126, 1129, 1130, 1155, 1162, 1180, 1194, 1211, 1215, 1254, 1266, 1267, 1269, 1282, 1332, 1367, 1371, 1382, 1400, 1413, 1430, 1434, 1437, 1459, 1482, 1484, 1485, 1495, 1496, 1499, 1500, 1513, 1515, 1529, 1570, 1579, 1590, 1597, 1638, 1643, 1687, 1714, 1757, 1762, 1806, 1842, 1845, 1863, 1880, 1886, 1899, 1915, 1938, 1955, 1973, 1999], size=128

 Cluster GPU Binary 
------------------------
Cluster 0: [0, 6, 7, 8, 9, 10, 12, 14, 15, 16, 18, 19, 21, 23, 27, 28, 30, 31, 36, 38, 39, 40, 43, 45, 47, 48, 50, 53, 56, 57, 62, 63, 68, 74, 77, 79, 80, 81, 86, 87, 89, 90, 91, 92, 93, 95, 102, 103, 104, 106, 107, 108, 110, 112, 113, 114, 117, 120, 122, 124, 125, 126, 128, 130, 136, 140, 144, 146, 150, 151, 152, 154, 155, 156, 157, 158, 159, 160, 162, 163, 164, 168, 169, 170, 174, 175, 177, 179, 181, 182, 183, 184, 189, 192, 193, 195, 198, 201, 203, 209, 210, 212, 213, 217, 218, 220, 222, 223, 224, 225, 227, 229, 232, 236, 238, 242, 243, 250, 252, 254, 255, 258, 259, 260, 262, 263, 264, 267, 268, 270, 274, 276, 279, 281, 282, 287, 292, 298, 299, 300, 302, 303, 307, 308, 310, 311, 312, 313, 316, 317, 318, 321, 322, 323, 325, 327, 328, 330, 333, 339, 340, 341, 343, 344, 345, 346, 347, 351, 352, 353, 356, 357, 359, 361, 362, 363, 365, 366, 371, 377, 378, 379, 380, 381, 386, 389, 391, 392, 394, 395, 397, 398, 400, 401, 403, 404, 405, 406, 407, 412, 413, 414, 415, 416, 417, 418, 420, 426, 427, 429, 430, 433, 434, 437, 439, 440, 442, 443, 447, 449, 450, 451, 452, 455, 456, 457, 458, 461, 463, 469, 471, 472, 476, 477, 478, 480, 481, 482, 483, 485, 486, 487, 494, 498, 500, 501, 503, 504, 506, 507, 513, 516, 517, 519, 521, 522, 523, 525, 527, 530, 532, 534, 535, 541, 542, 544, 545, 547, 550, 551, 552, 554, 558, 559, 560, 564, 572, 573, 576, 577, 578, 579, 580, 583, 586, 589, 590, 591, 592, 595, 598, 601, 602, 604, 607, 608, 611, 613, 614, 616, 617, 619, 621, 622, 627, 632, 633, 634, 636, 645, 651, 652, 653, 655, 656, 657, 659, 661, 662, 663, 665, 666, 668, 670, 671, 672, 674, 676, 679, 681, 682, 683, 687, 688, 689, 691, 693, 695, 697, 699, 700, 703, 706, 711, 712, 714, 716, 720, 721, 725, 727, 728, 730, 732, 735, 736, 742, 743, 744, 746, 748, 749, 751, 752, 753, 756, 758, 760, 762, 764, 765, 766, 767, 770, 772, 773, 775, 777, 779, 780, 782, 783, 785, 787, 789, 792, 793, 794, 795, 797, 800, 802, 804, 807, 811, 812, 814, 818, 820, 821, 823, 825, 830, 831, 833, 834, 835, 837, 843, 846, 847, 849, 850, 851, 852, 853, 854, 857, 860, 863, 864, 867, 874, 876, 877, 881, 882, 883, 884, 887, 892, 893, 894, 895, 896, 897, 899, 902, 903, 905, 907, 908, 912, 915, 920, 921, 923, 924, 926, 930, 932, 937, 938, 939, 941, 942, 943, 945, 946, 948, 950, 951, 953, 955, 959, 960, 964, 965, 966, 968, 970, 975, 978, 979, 983, 985, 986, 987, 989, 991, 993, 1000, 1001, 1008, 1011, 1012, 1014, 1017, 1021, 1023, 1024, 1026, 1027, 1028, 1029, 1035, 1037, 1038, 1039, 1041, 1042, 1045, 1046, 1048, 1050, 1055, 1056, 1057, 1058, 1060, 1064, 1066, 1068, 1069, 1074, 1076, 1077, 1078, 1081, 1083, 1084, 1086, 1088, 1091, 1094, 1097, 1099, 1102, 1103, 1106, 1108, 1111, 1115, 1116, 1117, 1119, 1120, 1121, 1123, 1128, 1132, 1133, 1137, 1138, 1142, 1144, 1146, 1148, 1151, 1152, 1154, 1156, 1157, 1163, 1165, 1168, 1173, 1178, 1183, 1184, 1185, 1187, 1192, 1195, 1201, 1204, 1205, 1207, 1208, 1210, 1212, 1217, 1220, 1223, 1225, 1226, 1232, 1236, 1237, 1238, 1239, 1240, 1241, 1242, 1244, 1245, 1247, 1248, 1249, 1255, 1259, 1260, 1262, 1263, 1264, 1268, 1270, 1273, 1275, 1277, 1278, 1279, 1280, 1281, 1287, 1288, 1290, 1292, 1296, 1297, 1299, 1303, 1304, 1305, 1313, 1321, 1323, 1330, 1334, 1335, 1336, 1337, 1341, 1343, 1346, 1349, 1350, 1352, 1357, 1358, 1363, 1364, 1373, 1375, 1376, 1379, 1386, 1387, 1388, 1389, 1390, 1395, 1396, 1402, 1404, 1406, 1407, 1408, 1409, 1411, 1412, 1414, 1415, 1416, 1418, 1419, 1420, 1421, 1424, 1425, 1428, 1431, 1433, 1436, 1439, 1440, 1441, 1442, 1445, 1447, 1449, 1451, 1453, 1454, 1463, 1464, 1466, 1469, 1470, 1474, 1475, 1476, 1477, 1478, 1479, 1480, 1486, 1487, 1488, 1489, 1490, 1493, 1498, 1502, 1503, 1508, 1509, 1511, 1512, 1519, 1520, 1522, 1523, 1524, 1525, 1527, 1528, 1530, 1532, 1533, 1535, 1536, 1539, 1541, 1542, 1543, 1545, 1547, 1548, 1556, 1557, 1559, 1561, 1563, 1566, 1567, 1569, 1571, 1572, 1573, 1576, 1577, 1578, 1583, 1584, 1585, 1588, 1589, 1591, 1592, 1593, 1594, 1598, 1600, 1605, 1609, 1611, 1612, 1613, 1616, 1619, 1621, 1628, 1630, 1631, 1632, 1636, 1639, 1641, 1644, 1650, 1652, 1653, 1655, 1656, 1660, 1662, 1663, 1664, 1666, 1668, 1671, 1673, 1674, 1675, 1678, 1680, 1682, 1689, 1692, 1696, 1698, 1701, 1702, 1704, 1705, 1706, 1707, 1710, 1716, 1718, 1719, 1723, 1724, 1725, 1728, 1732, 1733, 1734, 1740, 1743, 1748, 1749, 1751, 1764, 1772, 1773, 1774, 1775, 1776, 1777, 1778, 1779, 1780, 1788, 1790, 1791, 1792, 1793, 1794, 1795, 1796, 1801, 1802, 1803, 1805, 1807, 1808, 1812, 1813, 1817, 1818, 1819, 1821, 1823, 1825, 1828, 1829, 1831, 1832, 1836, 1838, 1839, 1841, 1844, 1846, 1848, 1849, 1853, 1854, 1855, 1859, 1862, 1864, 1865, 1867, 1870, 1871, 1872, 1874, 1875, 1877, 1879, 1884, 1885, 1892, 1894, 1895, 1896, 1897, 1898, 1900, 1901, 1902, 1903, 1904, 1905, 1906, 1909, 1910, 1920, 1921, 1924, 1927, 1929, 1930, 1932, 1936, 1937, 1940, 1941, 1942, 1944, 1945, 1947, 1953, 1958, 1961, 1963, 1964, 1965, 1967, 1968, 1971, 1972, 1974, 1975, 1976, 1977, 1979, 1980, 1981, 1983, 1985, 1987, 1988, 1991, 1994, 1995, 1996, 1997, 2000, 2002, 2004, 2005, 2006, 2007, 2009, 2010, 2011, 2013, 2015, 2016, 2018, 2021, 2022, 2026, 2027, 2029, 2030, 2031, 2033, 2034, 2035, 2036, 2037, 2038, 2040, 2041, 2043, 2044, 2046], size=952
Cluster 1: [384, 639, 761, 836, 1283, 1286, 1289, 1294, 1300, 1302, 1306, 1317, 1338, 1339, 1347, 1348, 1356, 1362, 1365, 1369, 1370, 1372, 1380, 1383, 1391, 1392, 1393, 1736, 1950, 1992], size=30
Cluster 2: [646, 685, 690], size=3
Cluster 3: [644, 928, 990, 1025, 1044, 1059, 1093, 1124, 1125, 1153, 1179, 1218, 1235, 1246, 1276], size=15
Cluster 4: [1446, 1448, 1510], size=3
Cluster 5: [958, 1049, 1676, 1679, 1683, 1685, 1691, 1709, 1715, 1717, 1722, 1726, 1729, 1731, 1745, 1746, 1747, 1750, 1754, 1755, 1759, 1765, 1768, 1783, 1786, 1787], size=26
Cluster 6: [206, 248], size=2
Cluster 7: [46, 58, 85, 99, 118], size=5
Cluster 8: [967, 984, 1004, 1009], size=4
Cluster 9: [1315, 1316, 1333, 1340, 1354], size=5
Cluster 10: [390, 441, 466, 489, 502, 508, 509, 1672, 1686, 1767], size=10
Cluster 11: [1553, 1560, 1607, 1615, 1648], size=5
Cluster 12: [1, 2, 3, 4, 5, 11, 13, 17, 20, 22, 24, 25, 26, 29, 32, 33, 34, 35, 37, 41, 42, 44, 49, 51, 52, 54, 55, 59, 60, 61, 64, 65, 66, 67, 69, 70, 71, 72, 73, 75, 76, 78, 82, 83, 84, 88, 94, 96, 97, 98, 100, 101, 105, 109, 111, 115, 116, 119, 121, 123, 127, 129, 131, 132, 133, 134, 135, 137, 138, 139, 141, 142, 143, 145, 147, 148, 149, 153, 161, 165, 166, 167, 171, 172, 173, 176, 178, 180, 185, 186, 187, 188, 190, 191, 194, 196, 197, 199, 200, 202, 204, 205, 207, 208, 211, 214, 215, 216, 219, 221, 226, 228, 230, 231, 233, 234, 235, 237, 239, 240, 241, 244, 245, 246, 247, 249, 251, 253, 256, 257, 261, 265, 266, 269, 271, 272, 273, 275, 277, 278, 280, 283, 284, 285, 286, 288, 289, 290, 291, 293, 294, 295, 296, 297, 301, 304, 305, 306, 309, 314, 315, 319, 320, 324, 326, 329, 331, 332, 334, 335, 336, 337, 338, 342, 348, 349, 350, 354, 355, 358, 360, 364, 367, 368, 369, 370, 372, 373, 374, 375, 376, 382, 383, 385, 387, 388, 393, 396, 399, 402, 408, 409, 410, 411, 419, 421, 422, 423, 424, 425, 428, 431, 432, 435, 436, 438, 444, 445, 446, 448, 453, 454, 459, 460, 462, 464, 465, 467, 468, 470, 473, 474, 475, 479, 484, 488, 490, 491, 492, 493, 495, 496, 497, 499, 505, 510, 511, 512, 514, 515, 518, 520, 524, 526, 528, 529, 531, 533, 536, 537, 538, 539, 540, 543, 546, 548, 549, 553, 555, 556, 557, 561, 562, 563, 565, 566, 567, 568, 569, 570, 571, 574, 575, 581, 582, 584, 585, 587, 588, 593, 594, 596, 597, 599, 600, 603, 605, 606, 609, 610, 612, 615, 618, 620, 623, 624, 625, 628, 629, 630, 631, 635, 637, 638, 640, 641, 642, 643, 647, 648, 649, 650, 654, 658, 660, 664, 667, 669, 673, 675, 677, 678, 680, 684, 686, 692, 694, 696, 698, 701, 702, 704, 705, 707, 708, 709, 710, 713, 715, 717, 718, 719, 722, 723, 724, 726, 729, 731, 733, 734, 737, 738, 739, 740, 741, 745, 747, 750, 754, 755, 757, 759, 763, 768, 769, 771, 774, 776, 778, 781, 784, 786, 788, 790, 791, 796, 798, 799, 801, 803, 805, 806, 808, 809, 810, 813, 815, 816, 817, 819, 822, 824, 826, 827, 828, 829, 832, 838, 839, 840, 841, 842, 844, 845, 848, 855, 856, 858, 859, 861, 862, 865, 866, 868, 869, 870, 871, 872, 873, 875, 878, 879, 880, 885, 886, 888, 889, 890, 891, 898, 900, 901, 904, 906, 910, 911, 913, 914, 916, 917, 918, 919, 922, 925, 927, 929, 931, 933, 934, 935, 936, 940, 944, 947, 949, 952, 954, 956, 957, 961, 962, 963, 969, 971, 972, 973, 974, 976, 977, 980, 981, 982, 988, 992, 995, 996, 997, 998, 999, 1002, 1003, 1005, 1006, 1007, 1010, 1013, 1015, 1016, 1018, 1019, 1020, 1022, 1030, 1031, 1032, 1033, 1034, 1036, 1040, 1043, 1047, 1051, 1052, 1053, 1054, 1061, 1062, 1063, 1065, 1067, 1070, 1071, 1072, 1073, 1075, 1079, 1080, 1082, 1085, 1087, 1089, 1090, 1092, 1095, 1096, 1098, 1100, 1101, 1104, 1105, 1107, 1109, 1110, 1112, 1113, 1114, 1118, 1122, 1126, 1127, 1129, 1130, 1131, 1134, 1135, 1136, 1139, 1140, 1141, 1143, 1145, 1147, 1149, 1150, 1158, 1159, 1160, 1161, 1162, 1164, 1166, 1167, 1169, 1170, 1171, 1172, 1174, 1175, 1176, 1177, 1180, 1181, 1182, 1186, 1188, 1189, 1190, 1191, 1193, 1194, 1196, 1197, 1198, 1199, 1200, 1202, 1203, 1206, 1209, 1213, 1214, 1215, 1216, 1219, 1221, 1222, 1224, 1227, 1228, 1229, 1230, 1231, 1233, 1234, 1243, 1250, 1251, 1252, 1253, 1254, 1256, 1257, 1258, 1261, 1265, 1266, 1267, 1271, 1272, 1274, 1282, 1284, 1285, 1291, 1293, 1295, 1298, 1301, 1307, 1308, 1309, 1310, 1311, 1312, 1314, 1318, 1319, 1320, 1322, 1324, 1325, 1326, 1327, 1328, 1329, 1331, 1332, 1342, 1344, 1345, 1351, 1353, 1355, 1359, 1360, 1361, 1366, 1367, 1368, 1371, 1374, 1377, 1378, 1381, 1382, 1384, 1385, 1394, 1397, 1398, 1399, 1400, 1401, 1403, 1405, 1410, 1413, 1417, 1422, 1423, 1426, 1427, 1429, 1430, 1432, 1434, 1435, 1437, 1438, 1443, 1444, 1450, 1452, 1455, 1456, 1457, 1458, 1459, 1460, 1461, 1462, 1465, 1467, 1468, 1471, 1472, 1473, 1481, 1482, 1483, 1484, 1485, 1491, 1492, 1494, 1495, 1496, 1497, 1499, 1500, 1501, 1504, 1505, 1506, 1507, 1513, 1514, 1515, 1516, 1517, 1518, 1521, 1526, 1529, 1531, 1534, 1537, 1538, 1540, 1544, 1546, 1549, 1550, 1551, 1552, 1554, 1555, 1558, 1562, 1564, 1565, 1568, 1570, 1574, 1575, 1579, 1580, 1581, 1582, 1586, 1587, 1590, 1595, 1596, 1597, 1599, 1601, 1602, 1603, 1604, 1606, 1608, 1610, 1614, 1617, 1618, 1620, 1622, 1623, 1624, 1625, 1626, 1627, 1629, 1633, 1634, 1635, 1637, 1638, 1640, 1642, 1643, 1645, 1646, 1647, 1649, 1651, 1654, 1657, 1658, 1659, 1661, 1665, 1667, 1669, 1670, 1677, 1681, 1684, 1687, 1688, 1690, 1693, 1694, 1695, 1697, 1699, 1700, 1703, 1708, 1711, 1712, 1713, 1714, 1720, 1721, 1727, 1730, 1735, 1737, 1738, 1739, 1741, 1742, 1744, 1752, 1753, 1756, 1757, 1758, 1760, 1761, 1762, 1763, 1766, 1769, 1770, 1771, 1781, 1782, 1784, 1785, 1789, 1797, 1798, 1799, 1800, 1804, 1809, 1810, 1811, 1814, 1815, 1816, 1820, 1822, 1824, 1826, 1827, 1830, 1833, 1834, 1835, 1837, 1840, 1842, 1843, 1845, 1847, 1850, 1851, 1852, 1856, 1857, 1858, 1860, 1861, 1863, 1866, 1868, 1869, 1873, 1876, 1878, 1880, 1881, 1882, 1883, 1886, 1887, 1888, 1889, 1890, 1891, 1893, 1899, 1907, 1908, 1911, 1912, 1913, 1914, 1916, 1917, 1918, 1919, 1922, 1923, 1925, 1926, 1928, 1931, 1933, 1934, 1935, 1938, 1939, 1943, 1946, 1948, 1949, 1951, 1952, 1954, 1955, 1956, 1957, 1959, 1960, 1962, 1966, 1969, 1970, 1973, 1978, 1982, 1984, 1986, 1989, 1990, 1993, 1998, 1999, 2001, 2003, 2008, 2012, 2014, 2017, 2019, 2020, 2023, 2024, 2025, 2028, 2032, 2039, 2042, 2045, 2047], size=980
Cluster 13: [1806, 1915], size=2
Cluster 14: [626, 909, 994], size=3
Cluster 15: [1155, 1211, 1269], size=3

Balanced Cluster Binary GPU 
------------------------------
Cluster 0: [23, 56, 63, 120, 124, 128, 210, 212, 220, 254, 281, 299, 307, 316, 321, 344, 351, 352, 361, 366, 381, 394, 414, 416, 420, 427, 429, 433, 471, 478, 485, 486, 494, 519, 532, 534, 544, 552, 554, 576, 579, 591, 602, 611, 617, 651, 693, 706, 712, 721, 727, 730, 743, 744, 764, 834, 857, 887, 921, 923, 926, 930, 942, 943, 965, 986, 1029, 1041, 1050, 1055, 1058, 1091, 1102, 1106, 1120, 1128, 1146, 1165, 1178, 1185, 1192, 1210, 1255, 1259, 1288, 1303, 1343, 1364, 1375, 1379, 1387, 1395, 1414, 1421, 1424, 1428, 1436, 1466, 1476, 1488, 1490, 1512, 1519, 1536, 1563, 1572, 1591, 1630, 1692, 1706, 1773, 1778, 1812, 1848, 1903, 1904, 1937, 1944, 1975, 1979, 1985, 1988, 1991, 2002, 2004, 2010, 2035, 2038], size=128
Cluster 1: [30, 39, 45, 162, 163, 168, 175, 184, 192, 198, 203, 218, 250, 259, 270, 292, 298, 300, 303, 310, 322, 339, 353, 365, 398, 413, 415, 426, 439, 450, 480, 482, 483, 507, 527, 530, 535, 572, 583, 590, 607, 613, 614, 670, 674, 679, 720, 736, 746, 756, 765, 772, 777, 780, 792, 812, 818, 892, 907, 932, 937, 948, 950, 964, 968, 993, 1001, 1078, 1103, 1111, 1117, 1121, 1133, 1137, 1144, 1163, 1173, 1208, 1226, 1249, 1262, 1263, 1268, 1273, 1278, 1304, 1323, 1357, 1376, 1386, 1402, 1418, 1440, 1447, 1449, 1463, 1474, 1489, 1509, 1547, 1548, 1566, 1573, 1594, 1609, 1644, 1650, 1666, 1671, 1718, 1719, 1791, 1803, 1828, 1829, 1864, 1921, 1940, 1964, 1967, 1971, 1972, 1980, 1994, 1995, 2013, 2029, 2046], size=128
Cluster 2: [6, 15, 18, 31, 43, 48, 81, 86, 107, 113, 155, 170, 174, 177, 179, 181, 182, 222, 236, 243, 274, 287, 308, 311, 312, 327, 341, 346, 363, 371, 380, 405, 430, 442, 451, 457, 481, 500, 506, 513, 522, 551, 560, 589, 598, 601, 619, 621, 700, 752, 767, 782, 785, 787, 802, 807, 849, 874, 881, 903, 905, 915, 939, 941, 979, 987, 1000, 1023, 1027, 1083, 1094, 1132, 1138, 1157, 1220, 1223, 1225, 1232, 1240, 1242, 1244, 1270, 1280, 1287, 1305, 1313, 1330, 1350, 1358, 1419, 1420, 1433, 1441, 1454, 1464, 1475, 1493, 1545, 1557, 1592, 1600, 1613, 1619, 1641, 1652, 1655, 1656, 1673, 1674, 1689, 1704, 1728, 1779, 1808, 1825, 1844, 1855, 1892, 1905, 1945, 1961, 1983, 1987, 2027, 2033, 2034, 2037, 2040], size=128
Cluster 3: [10, 12, 27, 77, 126, 136, 140, 144, 156, 158, 164, 193, 195, 209, 224, 227, 242, 258, 260, 282, 302, 318, 323, 325, 328, 333, 362, 377, 440, 447, 458, 461, 477, 503, 516, 525, 542, 547, 558, 573, 578, 622, 634, 636, 661, 665, 668, 672, 682, 691, 695, 711, 714, 811, 820, 843, 846, 864, 867, 893, 938, 946, 966, 978, 985, 1026, 1037, 1057, 1068, 1084, 1116, 1151, 1187, 1204, 1245, 1247, 1290, 1336, 1341, 1352, 1389, 1404, 1406, 1442, 1469, 1487, 1503, 1523, 1541, 1556, 1569, 1571, 1612, 1628, 1653, 1660, 1680, 1716, 1734, 1774, 1776, 1793, 1802, 1838, 1846, 1849, 1854, 1870, 1874, 1877, 1879, 1885, 1896, 1898, 1900, 1901, 1902, 1910, 1920, 1958, 1968, 1974, 1977, 1981, 2007, 2011, 2026, 2043], size=128
Cluster 4: [0, 7, 9, 28, 38, 47, 57, 62, 68, 74, 79, 80, 90, 92, 102, 104, 106, 110, 117, 125, 169, 183, 213, 223, 232, 238, 255, 267, 347, 357, 359, 386, 389, 404, 434, 449, 501, 504, 523, 541, 545, 652, 657, 666, 671, 676, 688, 697, 716, 732, 735, 762, 770, 783, 793, 814, 823, 847, 852, 882, 894, 899, 908, 912, 924, 945, 953, 970, 983, 989, 1024, 1035, 1046, 1074, 1088, 1097, 1108, 1142, 1156, 1168, 1201, 1205, 1217, 1236, 1237, 1239, 1281, 1292, 1299, 1334, 1335, 1407, 1425, 1431, 1453, 1480, 1486, 1498, 1511, 1524, 1530, 1542, 1543, 1559, 1561, 1567, 1576, 1583, 1616, 1710, 1740, 1743, 1794, 1817, 1818, 1823, 1859, 1865, 1871, 1906, 1930, 1936, 2006, 2009, 2021, 2022, 2036, 2041], size=128
Cluster 5: [16, 19, 36, 50, 89, 93, 108, 114, 154, 157, 159, 217, 225, 263, 264, 268, 313, 340, 356, 395, 407, 412, 417, 437, 443, 456, 476, 487, 498, 517, 521, 559, 580, 595, 604, 616, 633, 653, 655, 656, 662, 689, 703, 728, 753, 758, 760, 773, 789, 797, 825, 830, 833, 837, 850, 851, 853, 876, 884, 895, 902, 920, 959, 991, 1008, 1011, 1039, 1042, 1048, 1066, 1069, 1077, 1081, 1099, 1115, 1119, 1148, 1195, 1212, 1260, 1277, 1279, 1296, 1346, 1373, 1412, 1416, 1470, 1477, 1502, 1525, 1532, 1535, 1539, 1578, 1588, 1593, 1605, 1611, 1621, 1632, 1639, 1662, 1664, 1668, 1696, 1701, 1702, 1723, 1749, 1764, 1777, 1788, 1801, 1805, 1807, 1813, 1831, 1832, 1839, 1841, 1875, 1932, 1965, 1997, 2005, 2016, 2031], size=128
Cluster 6: [8, 40, 53, 95, 103, 112, 122, 146, 150, 151, 152, 160, 229, 262, 279, 317, 345, 378, 391, 392, 397, 400, 403, 406, 418, 452, 463, 469, 472, 550, 577, 586, 592, 608, 627, 632, 645, 659, 663, 681, 683, 687, 725, 742, 748, 749, 751, 766, 779, 794, 795, 800, 804, 821, 835, 854, 863, 877, 883, 896, 951, 960, 1012, 1014, 1017, 1028, 1038, 1045, 1056, 1060, 1183, 1207, 1241, 1248, 1264, 1321, 1349, 1388, 1408, 1409, 1415, 1439, 1445, 1479, 1520, 1527, 1533, 1577, 1589, 1598, 1631, 1636, 1663, 1675, 1678, 1682, 1698, 1707, 1732, 1733, 1751, 1775, 1780, 1790, 1792, 1796, 1819, 1821, 1853, 1867, 1872, 1884, 1894, 1897, 1909, 1924, 1927, 1929, 1941, 1942, 1947, 1953, 1963, 1976, 1996, 2000, 2015, 2030], size=128
Cluster 7: [14, 21, 87, 91, 130, 189, 201, 252, 276, 330, 343, 379, 384, 401, 455, 564, 639, 644, 646, 685, 690, 699, 761, 775, 831, 836, 860, 897, 928, 955, 958, 975, 990, 1021, 1025, 1044, 1049, 1059, 1064, 1076, 1086, 1093, 1123, 1124, 1125, 1152, 1153, 1154, 1179, 1184, 1218, 1235, 1238, 1246, 1275, 1276, 1283, 1286, 1289, 1294, 1297, 1300, 1302, 1306, 1317, 1337, 1338, 1339, 1347, 1348, 1356, 1362, 1363, 1365, 1369, 1370, 1372, 1380, 1383, 1390, 1391, 1392, 1393, 1396, 1411, 1446, 1448, 1451, 1478, 1508, 1510, 1522, 1528, 1584, 1585, 1676, 1679, 1683, 1691, 1705, 1709, 1717, 1724, 1725, 1726, 1729, 1731, 1736, 1745, 1746, 1747, 1748, 1754, 1755, 1759, 1765, 1772, 1783, 1786, 1787, 1795, 1836, 1862, 1895, 1950, 1992, 2018, 2044], size=128
Cluster 8: [29, 46, 58, 65, 69, 70, 85, 99, 100, 109, 111, 115, 118, 135, 196, 206, 211, 231, 233, 239, 247, 248, 275, 306, 324, 342, 354, 368, 374, 390, 393, 411, 422, 441, 453, 464, 466, 489, 502, 508, 509, 514, 538, 581, 584, 593, 599, 620, 678, 680, 694, 745, 786, 788, 806, 808, 809, 817, 862, 922, 944, 967, 976, 984, 1004, 1009, 1034, 1063, 1080, 1089, 1113, 1160, 1169, 1175, 1261, 1271, 1272, 1285, 1315, 1316, 1318, 1319, 1322, 1333, 1340, 1342, 1354, 1366, 1378, 1384, 1432, 1456, 1473, 1483, 1531, 1549, 1550, 1553, 1558, 1560, 1568, 1580, 1604, 1606, 1607, 1608, 1615, 1642, 1648, 1651, 1672, 1685, 1686, 1713, 1715, 1722, 1750, 1767, 1768, 1785, 1789, 1798, 1810, 1843, 1887, 1891, 1893, 1998], size=128
Cluster 9: [25, 32, 44, 49, 51, 59, 67, 71, 73, 76, 78, 123, 173, 185, 188, 194, 237, 240, 251, 256, 261, 266, 289, 297, 305, 331, 332, 350, 367, 382, 383, 432, 438, 479, 495, 529, 543, 548, 561, 567, 582, 588, 610, 618, 630, 637, 654, 692, 704, 707, 710, 741, 771, 855, 869, 879, 886, 900, 904, 916, 931, 936, 952, 963, 998, 1013, 1018, 1022, 1036, 1047, 1052, 1061, 1100, 1107, 1131, 1190, 1206, 1221, 1231, 1251, 1344, 1345, 1401, 1405, 1423, 1444, 1467, 1471, 1481, 1494, 1506, 1507, 1517, 1521, 1540, 1554, 1586, 1602, 1645, 1646, 1647, 1654, 1658, 1677, 1690, 1694, 1697, 1720, 1737, 1753, 1769, 1771, 1781, 1782, 1799, 1826, 1833, 1876, 1878, 1907, 1911, 1956, 1959, 1969, 1978, 1982, 1986, 2024], size=128
Cluster 10: [2, 72, 84, 101, 141, 148, 199, 208, 226, 244, 265, 271, 272, 273, 277, 286, 309, 329, 334, 358, 376, 408, 425, 436, 445, 462, 465, 490, 493, 497, 505, 518, 526, 555, 557, 570, 575, 585, 596, 609, 628, 631, 650, 701, 705, 715, 733, 755, 757, 759, 774, 781, 819, 824, 832, 838, 859, 861, 865, 888, 925, 940, 949, 962, 973, 997, 999, 1005, 1007, 1053, 1054, 1090, 1110, 1134, 1159, 1189, 1193, 1202, 1216, 1233, 1234, 1258, 1265, 1301, 1307, 1310, 1331, 1353, 1360, 1422, 1427, 1450, 1452, 1455, 1465, 1468, 1472, 1516, 1564, 1575, 1582, 1596, 1601, 1620, 1622, 1623, 1629, 1640, 1665, 1670, 1699, 1727, 1738, 1741, 1814, 1860, 1866, 1908, 1912, 1913, 1916, 1923, 1931, 1934, 1952, 2014, 2025, 2028], size=128
Cluster 11: [41, 54, 83, 88, 96, 105, 129, 131, 142, 147, 178, 214, 215, 221, 285, 290, 291, 294, 296, 326, 348, 355, 360, 370, 409, 410, 419, 421, 423, 428, 435, 468, 528, 553, 566, 571, 597, 615, 629, 643, 660, 664, 669, 677, 722, 724, 754, 778, 798, 799, 810, 813, 829, 839, 841, 845, 873, 889, 906, 914, 917, 974, 982, 988, 1006, 1010, 1033, 1040, 1067, 1073, 1075, 1085, 1105, 1114, 1118, 1170, 1181, 1196, 1228, 1230, 1274, 1326, 1329, 1351, 1359, 1368, 1374, 1435, 1460, 1461, 1492, 1537, 1538, 1552, 1574, 1587, 1599, 1610, 1617, 1624, 1625, 1627, 1635, 1649, 1659, 1667, 1681, 1688, 1708, 1756, 1766, 1770, 1797, 1820, 1847, 1858, 1869, 1873, 1890, 1918, 1933, 1943, 1946, 1949, 1993, 2001, 2008, 2020], size=128
Cluster 12: [3, 5, 24, 33, 42, 52, 55, 60, 66, 82, 94, 97, 132, 137, 138, 139, 145, 165, 167, 171, 204, 228, 235, 249, 280, 314, 319, 336, 349, 364, 373, 375, 388, 424, 446, 448, 460, 467, 531, 533, 536, 539, 549, 594, 603, 605, 624, 638, 649, 673, 708, 718, 723, 731, 737, 739, 796, 803, 816, 826, 842, 844, 858, 868, 898, 901, 910, 918, 1030, 1043, 1079, 1087, 1096, 1101, 1112, 1145, 1161, 1164, 1176, 1177, 1182, 1198, 1200, 1222, 1229, 1284, 1293, 1298, 1309, 1320, 1328, 1361, 1385, 1417, 1491, 1501, 1518, 1544, 1562, 1565, 1614, 1618, 1626, 1657, 1684, 1711, 1739, 1763, 1809, 1815, 1827, 1830, 1835, 1850, 1857, 1861, 1882, 1883, 1889, 1914, 1919, 1960, 1970, 1989, 2017, 2023, 2039, 2042], size=128
Cluster 13: [4, 11, 22, 61, 75, 116, 119, 133, 153, 172, 176, 191, 234, 257, 278, 284, 335, 338, 369, 372, 396, 431, 444, 454, 473, 475, 491, 499, 512, 515, 568, 587, 635, 667, 675, 696, 713, 717, 734, 738, 740, 750, 768, 790, 801, 822, 828, 848, 866, 872, 875, 885, 890, 911, 919, 933, 934, 935, 947, 969, 977, 996, 1015, 1031, 1032, 1065, 1070, 1092, 1098, 1140, 1141, 1149, 1150, 1167, 1172, 1174, 1188, 1191, 1197, 1203, 1209, 1214, 1219, 1227, 1252, 1253, 1295, 1308, 1312, 1314, 1324, 1325, 1355, 1381, 1394, 1399, 1403, 1429, 1457, 1458, 1497, 1505, 1514, 1526, 1546, 1551, 1555, 1581, 1637, 1669, 1712, 1730, 1758, 1760, 1804, 1837, 1851, 1852, 1922, 1925, 1926, 1939, 1954, 1957, 1966, 1984, 2045, 2047], size=128
Cluster 14: [1, 17, 26, 35, 37, 127, 143, 149, 180, 186, 190, 197, 202, 207, 219, 245, 246, 253, 283, 293, 301, 304, 320, 399, 402, 470, 488, 496, 511, 537, 546, 569, 574, 606, 623, 625, 640, 641, 658, 684, 698, 726, 784, 827, 880, 913, 927, 954, 956, 961, 971, 980, 981, 992, 1002, 1003, 1019, 1062, 1072, 1122, 1127, 1135, 1136, 1139, 1143, 1147, 1158, 1166, 1171, 1186, 1199, 1213, 1224, 1243, 1250, 1256, 1257, 1291, 1311, 1327, 1377, 1397, 1398, 1410, 1426, 1438, 1443, 1462, 1504, 1534, 1595, 1603, 1633, 1634, 1661, 1693, 1695, 1700, 1703, 1721, 1735, 1742, 1744, 1752, 1761, 1784, 1800, 1811, 1816, 1822, 1824, 1834, 1840, 1856, 1868, 1881, 1888, 1917, 1928, 1935, 1948, 1951, 1962, 1990, 2003, 2012, 2019, 2032], size=128
Cluster 15: [13, 20, 34, 64, 98, 121, 134, 161, 166, 187, 200, 205, 216, 230, 241, 269, 288, 295, 315, 337, 385, 387, 459, 474, 484, 492, 510, 520, 524, 540, 556, 562, 563, 565, 600, 612, 626, 642, 647, 648, 686, 702, 709, 719, 729, 747, 763, 769, 776, 791, 805, 815, 840, 856, 870, 871, 878, 891, 909, 929, 957, 972, 994, 995, 1016, 1020, 1051, 1071, 1082, 1095, 1104, 1109, 1126, 1129, 1130, 1155, 1162, 1180, 1194, 1211, 1215, 1254, 1266, 1267, 1269, 1282, 1332, 1367, 1371, 1382, 1400, 1413, 1430, 1434, 1437, 1459, 1482, 1484, 1485, 1495, 1496, 1499, 1500, 1513, 1515, 1529, 1570, 1579, 1590, 1597, 1638, 1643, 1687, 1714, 1757, 1762, 1806, 1842, 1845, 1863, 1880, 1886, 1899, 1915, 1938, 1955, 1973, 1999], size=128

========================================================================
PERMUTED LABELS
========================================================================
Ground truth:
[11  5  0 ...  6 11  8]

Direct GMC:
[0 0 0 ... 0 0 0]

Original Binary:
[ 0  0 12 ...  0 12 12]

Balanced Binary:
[ 0  0  8 ...  7 15 15]

========================================================================
TREE STRUCTURE CPU
========================================================================
node= 0 | level=0 | parent=None | left=   1 | right=   2 | size=2048 | indici originali=[0, 1, 2, 3, 4, 5, 6, 7, 8, 9, 10, 11, 12, 13, 14, 15, 16, 17, 18, 19, 20, 21, 22, 23, 24, 25, 26, 27, 28, 29, 30, 31, 32, 33, 34, 35, 36, 37, 38, 39, 40, 41, 42, 43, 44, 45, 46, 47, 48, 49, 50, 51, 52, 53, 54, 55, 56, 57, 58, 59, 60, 61, 62, 63, 64, 65, 66, 67, 68, 69, 70, 71, 72, 73, 74, 75, 76, 77, 78, 79, 80, 81, 82, 83, 84, 85, 86, 87, 88, 89, 90, 91, 92, 93, 94, 95, 96, 97, 98, 99, 100, 101, 102, 103, 104, 105, 106, 107, 108, 109, 110, 111, 112, 113, 114, 115, 116, 117, 118, 119, 120, 121, 122, 123, 124, 125, 126, 127, 128, 129, 130, 131, 132, 133, 134, 135, 136, 137, 138, 139, 140, 141, 142, 143, 144, 145, 146, 147, 148, 149, 150, 151, 152, 153, 154, 155, 156, 157, 158, 159, 160, 161, 162, 163, 164, 165, 166, 167, 168, 169, 170, 171, 172, 173, 174, 175, 176, 177, 178, 179, 180, 181, 182, 183, 184, 185, 186, 187, 188, 189, 190, 191, 192, 193, 194, 195, 196, 197, 198, 199, 200, 201, 202, 203, 204, 205, 206, 207, 208, 209, 210, 211, 212, 213, 214, 215, 216, 217, 218, 219, 220, 221, 222, 223, 224, 225, 226, 227, 228, 229, 230, 231, 232, 233, 234, 235, 236, 237, 238, 239, 240, 241, 242, 243, 244, 245, 246, 247, 248, 249, 250, 251, 252, 253, 254, 255, 256, 257, 258, 259, 260, 261, 262, 263, 264, 265, 266, 267, 268, 269, 270, 271, 272, 273, 274, 275, 276, 277, 278, 279, 280, 281, 282, 283, 284, 285, 286, 287, 288, 289, 290, 291, 292, 293, 294, 295, 296, 297, 298, 299, 300, 301, 302, 303, 304, 305, 306, 307, 308, 309, 310, 311, 312, 313, 314, 315, 316, 317, 318, 319, 320, 321, 322, 323, 324, 325, 326, 327, 328, 329, 330, 331, 332, 333, 334, 335, 336, 337, 338, 339, 340, 341, 342, 343, 344, 345, 346, 347, 348, 349, 350, 351, 352, 353, 354, 355, 356, 357, 358, 359, 360, 361, 362, 363, 364, 365, 366, 367, 368, 369, 370, 371, 372, 373, 374, 375, 376, 377, 378, 379, 380, 381, 382, 383, 384, 385, 386, 387, 388, 389, 390, 391, 392, 393, 394, 395, 396, 397, 398, 399, 400, 401, 402, 403, 404, 405, 406, 407, 408, 409, 410, 411, 412, 413, 414, 415, 416, 417, 418, 419, 420, 421, 422, 423, 424, 425, 426, 427, 428, 429, 430, 431, 432, 433, 434, 435, 436, 437, 438, 439, 440, 441, 442, 443, 444, 445, 446, 447, 448, 449, 450, 451, 452, 453, 454, 455, 456, 457, 458, 459, 460, 461, 462, 463, 464, 465, 466, 467, 468, 469, 470, 471, 472, 473, 474, 475, 476, 477, 478, 479, 480, 481, 482, 483, 484, 485, 486, 487, 488, 489, 490, 491, 492, 493, 494, 495, 496, 497, 498, 499, 500, 501, 502, 503, 504, 505, 506, 507, 508, 509, 510, 511, 512, 513, 514, 515, 516, 517, 518, 519, 520, 521, 522, 523, 524, 525, 526, 527, 528, 529, 530, 531, 532, 533, 534, 535, 536, 537, 538, 539, 540, 541, 542, 543, 544, 545, 546, 547, 548, 549, 550, 551, 552, 553, 554, 555, 556, 557, 558, 559, 560, 561, 562, 563, 564, 565, 566, 567, 568, 569, 570, 571, 572, 573, 574, 575, 576, 577, 578, 579, 580, 581, 582, 583, 584, 585, 586, 587, 588, 589, 590, 591, 592, 593, 594, 595, 596, 597, 598, 599, 600, 601, 602, 603, 604, 605, 606, 607, 608, 609, 610, 611, 612, 613, 614, 615, 616, 617, 618, 619, 620, 621, 622, 623, 624, 625, 626, 627, 628, 629, 630, 631, 632, 633, 634, 635, 636, 637, 638, 639, 640, 641, 642, 643, 644, 645, 646, 647, 648, 649, 650, 651, 652, 653, 654, 655, 656, 657, 658, 659, 660, 661, 662, 663, 664, 665, 666, 667, 668, 669, 670, 671, 672, 673, 674, 675, 676, 677, 678, 679, 680, 681, 682, 683, 684, 685, 686, 687, 688, 689, 690, 691, 692, 693, 694, 695, 696, 697, 698, 699, 700, 701, 702, 703, 704, 705, 706, 707, 708, 709, 710, 711, 712, 713, 714, 715, 716, 717, 718, 719, 720, 721, 722, 723, 724, 725, 726, 727, 728, 729, 730, 731, 732, 733, 734, 735, 736, 737, 738, 739, 740, 741, 742, 743, 744, 745, 746, 747, 748, 749, 750, 751, 752, 753, 754, 755, 756, 757, 758, 759, 760, 761, 762, 763, 764, 765, 766, 767, 768, 769, 770, 771, 772, 773, 774, 775, 776, 777, 778, 779, 780, 781, 782, 783, 784, 785, 786, 787, 788, 789, 790, 791, 792, 793, 794, 795, 796, 797, 798, 799, 800, 801, 802, 803, 804, 805, 806, 807, 808, 809, 810, 811, 812, 813, 814, 815, 816, 817, 818, 819, 820, 821, 822, 823, 824, 825, 826, 827, 828, 829, 830, 831, 832, 833, 834, 835, 836, 837, 838, 839, 840, 841, 842, 843, 844, 845, 846, 847, 848, 849, 850, 851, 852, 853, 854, 855, 856, 857, 858, 859, 860, 861, 862, 863, 864, 865, 866, 867, 868, 869, 870, 871, 872, 873, 874, 875, 876, 877, 878, 879, 880, 881, 882, 883, 884, 885, 886, 887, 888, 889, 890, 891, 892, 893, 894, 895, 896, 897, 898, 899, 900, 901, 902, 903, 904, 905, 906, 907, 908, 909, 910, 911, 912, 913, 914, 915, 916, 917, 918, 919, 920, 921, 922, 923, 924, 925, 926, 927, 928, 929, 930, 931, 932, 933, 934, 935, 936, 937, 938, 939, 940, 941, 942, 943, 944, 945, 946, 947, 948, 949, 950, 951, 952, 953, 954, 955, 956, 957, 958, 959, 960, 961, 962, 963, 964, 965, 966, 967, 968, 969, 970, 971, 972, 973, 974, 975, 976, 977, 978, 979, 980, 981, 982, 983, 984, 985, 986, 987, 988, 989, 990, 991, 992, 993, 994, 995, 996, 997, 998, 999, 1000, 1001, 1002, 1003, 1004, 1005, 1006, 1007, 1008, 1009, 1010, 1011, 1012, 1013, 1014, 1015, 1016, 1017, 1018, 1019, 1020, 1021, 1022, 1023, 1024, 1025, 1026, 1027, 1028, 1029, 1030, 1031, 1032, 1033, 1034, 1035, 1036, 1037, 1038, 1039, 1040, 1041, 1042, 1043, 1044, 1045, 1046, 1047, 1048, 1049, 1050, 1051, 1052, 1053, 1054, 1055, 1056, 1057, 1058, 1059, 1060, 1061, 1062, 1063, 1064, 1065, 1066, 1067, 1068, 1069, 1070, 1071, 1072, 1073, 1074, 1075, 1076, 1077, 1078, 1079, 1080, 1081, 1082, 1083, 1084, 1085, 1086, 1087, 1088, 1089, 1090, 1091, 1092, 1093, 1094, 1095, 1096, 1097, 1098, 1099, 1100, 1101, 1102, 1103, 1104, 1105, 1106, 1107, 1108, 1109, 1110, 1111, 1112, 1113, 1114, 1115, 1116, 1117, 1118, 1119, 1120, 1121, 1122, 1123, 1124, 1125, 1126, 1127, 1128, 1129, 1130, 1131, 1132, 1133, 1134, 1135, 1136, 1137, 1138, 1139, 1140, 1141, 1142, 1143, 1144, 1145, 1146, 1147, 1148, 1149, 1150, 1151, 1152, 1153, 1154, 1155, 1156, 1157, 1158, 1159, 1160, 1161, 1162, 1163, 1164, 1165, 1166, 1167, 1168, 1169, 1170, 1171, 1172, 1173, 1174, 1175, 1176, 1177, 1178, 1179, 1180, 1181, 1182, 1183, 1184, 1185, 1186, 1187, 1188, 1189, 1190, 1191, 1192, 1193, 1194, 1195, 1196, 1197, 1198, 1199, 1200, 1201, 1202, 1203, 1204, 1205, 1206, 1207, 1208, 1209, 1210, 1211, 1212, 1213, 1214, 1215, 1216, 1217, 1218, 1219, 1220, 1221, 1222, 1223, 1224, 1225, 1226, 1227, 1228, 1229, 1230, 1231, 1232, 1233, 1234, 1235, 1236, 1237, 1238, 1239, 1240, 1241, 1242, 1243, 1244, 1245, 1246, 1247, 1248, 1249, 1250, 1251, 1252, 1253, 1254, 1255, 1256, 1257, 1258, 1259, 1260, 1261, 1262, 1263, 1264, 1265, 1266, 1267, 1268, 1269, 1270, 1271, 1272, 1273, 1274, 1275, 1276, 1277, 1278, 1279, 1280, 1281, 1282, 1283, 1284, 1285, 1286, 1287, 1288, 1289, 1290, 1291, 1292, 1293, 1294, 1295, 1296, 1297, 1298, 1299, 1300, 1301, 1302, 1303, 1304, 1305, 1306, 1307, 1308, 1309, 1310, 1311, 1312, 1313, 1314, 1315, 1316, 1317, 1318, 1319, 1320, 1321, 1322, 1323, 1324, 1325, 1326, 1327, 1328, 1329, 1330, 1331, 1332, 1333, 1334, 1335, 1336, 1337, 1338, 1339, 1340, 1341, 1342, 1343, 1344, 1345, 1346, 1347, 1348, 1349, 1350, 1351, 1352, 1353, 1354, 1355, 1356, 1357, 1358, 1359, 1360, 1361, 1362, 1363, 1364, 1365, 1366, 1367, 1368, 1369, 1370, 1371, 1372, 1373, 1374, 1375, 1376, 1377, 1378, 1379, 1380, 1381, 1382, 1383, 1384, 1385, 1386, 1387, 1388, 1389, 1390, 1391, 1392, 1393, 1394, 1395, 1396, 1397, 1398, 1399, 1400, 1401, 1402, 1403, 1404, 1405, 1406, 1407, 1408, 1409, 1410, 1411, 1412, 1413, 1414, 1415, 1416, 1417, 1418, 1419, 1420, 1421, 1422, 1423, 1424, 1425, 1426, 1427, 1428, 1429, 1430, 1431, 1432, 1433, 1434, 1435, 1436, 1437, 1438, 1439, 1440, 1441, 1442, 1443, 1444, 1445, 1446, 1447, 1448, 1449, 1450, 1451, 1452, 1453, 1454, 1455, 1456, 1457, 1458, 1459, 1460, 1461, 1462, 1463, 1464, 1465, 1466, 1467, 1468, 1469, 1470, 1471, 1472, 1473, 1474, 1475, 1476, 1477, 1478, 1479, 1480, 1481, 1482, 1483, 1484, 1485, 1486, 1487, 1488, 1489, 1490, 1491, 1492, 1493, 1494, 1495, 1496, 1497, 1498, 1499, 1500, 1501, 1502, 1503, 1504, 1505, 1506, 1507, 1508, 1509, 1510, 1511, 1512, 1513, 1514, 1515, 1516, 1517, 1518, 1519, 1520, 1521, 1522, 1523, 1524, 1525, 1526, 1527, 1528, 1529, 1530, 1531, 1532, 1533, 1534, 1535, 1536, 1537, 1538, 1539, 1540, 1541, 1542, 1543, 1544, 1545, 1546, 1547, 1548, 1549, 1550, 1551, 1552, 1553, 1554, 1555, 1556, 1557, 1558, 1559, 1560, 1561, 1562, 1563, 1564, 1565, 1566, 1567, 1568, 1569, 1570, 1571, 1572, 1573, 1574, 1575, 1576, 1577, 1578, 1579, 1580, 1581, 1582, 1583, 1584, 1585, 1586, 1587, 1588, 1589, 1590, 1591, 1592, 1593, 1594, 1595, 1596, 1597, 1598, 1599, 1600, 1601, 1602, 1603, 1604, 1605, 1606, 1607, 1608, 1609, 1610, 1611, 1612, 1613, 1614, 1615, 1616, 1617, 1618, 1619, 1620, 1621, 1622, 1623, 1624, 1625, 1626, 1627, 1628, 1629, 1630, 1631, 1632, 1633, 1634, 1635, 1636, 1637, 1638, 1639, 1640, 1641, 1642, 1643, 1644, 1645, 1646, 1647, 1648, 1649, 1650, 1651, 1652, 1653, 1654, 1655, 1656, 1657, 1658, 1659, 1660, 1661, 1662, 1663, 1664, 1665, 1666, 1667, 1668, 1669, 1670, 1671, 1672, 1673, 1674, 1675, 1676, 1677, 1678, 1679, 1680, 1681, 1682, 1683, 1684, 1685, 1686, 1687, 1688, 1689, 1690, 1691, 1692, 1693, 1694, 1695, 1696, 1697, 1698, 1699, 1700, 1701, 1702, 1703, 1704, 1705, 1706, 1707, 1708, 1709, 1710, 1711, 1712, 1713, 1714, 1715, 1716, 1717, 1718, 1719, 1720, 1721, 1722, 1723, 1724, 1725, 1726, 1727, 1728, 1729, 1730, 1731, 1732, 1733, 1734, 1735, 1736, 1737, 1738, 1739, 1740, 1741, 1742, 1743, 1744, 1745, 1746, 1747, 1748, 1749, 1750, 1751, 1752, 1753, 1754, 1755, 1756, 1757, 1758, 1759, 1760, 1761, 1762, 1763, 1764, 1765, 1766, 1767, 1768, 1769, 1770, 1771, 1772, 1773, 1774, 1775, 1776, 1777, 1778, 1779, 1780, 1781, 1782, 1783, 1784, 1785, 1786, 1787, 1788, 1789, 1790, 1791, 1792, 1793, 1794, 1795, 1796, 1797, 1798, 1799, 1800, 1801, 1802, 1803, 1804, 1805, 1806, 1807, 1808, 1809, 1810, 1811, 1812, 1813, 1814, 1815, 1816, 1817, 1818, 1819, 1820, 1821, 1822, 1823, 1824, 1825, 1826, 1827, 1828, 1829, 1830, 1831, 1832, 1833, 1834, 1835, 1836, 1837, 1838, 1839, 1840, 1841, 1842, 1843, 1844, 1845, 1846, 1847, 1848, 1849, 1850, 1851, 1852, 1853, 1854, 1855, 1856, 1857, 1858, 1859, 1860, 1861, 1862, 1863, 1864, 1865, 1866, 1867, 1868, 1869, 1870, 1871, 1872, 1873, 1874, 1875, 1876, 1877, 1878, 1879, 1880, 1881, 1882, 1883, 1884, 1885, 1886, 1887, 1888, 1889, 1890, 1891, 1892, 1893, 1894, 1895, 1896, 1897, 1898, 1899, 1900, 1901, 1902, 1903, 1904, 1905, 1906, 1907, 1908, 1909, 1910, 1911, 1912, 1913, 1914, 1915, 1916, 1917, 1918, 1919, 1920, 1921, 1922, 1923, 1924, 1925, 1926, 1927, 1928, 1929, 1930, 1931, 1932, 1933, 1934, 1935, 1936, 1937, 1938, 1939, 1940, 1941, 1942, 1943, 1944, 1945, 1946, 1947, 1948, 1949, 1950, 1951, 1952, 1953, 1954, 1955, 1956, 1957, 1958, 1959, 1960, 1961, 1962, 1963, 1964, 1965, 1966, 1967, 1968, 1969, 1970, 1971, 1972, 1973, 1974, 1975, 1976, 1977, 1978, 1979, 1980, 1981, 1982, 1983, 1984, 1985, 1986, 1987, 1988, 1989, 1990, 1991, 1992, 1993, 1994, 1995, 1996, 1997, 1998, 1999, 2000, 2001, 2002, 2003, 2004, 2005, 2006, 2007, 2008, 2009, 2010, 2011, 2012, 2013, 2014, 2015, 2016, 2017, 2018, 2019, 2020, 2021, 2022, 2023, 2024, 2025, 2026, 2027, 2028, 2029, 2030, 2031, 2032, 2033, 2034, 2035, 2036, 2037, 2038, 2039, 2040, 2041, 2042, 2043, 2044, 2045, 2046, 2047]
node= 1 | level=1 | parent=   0 | left=   3 | right=   4 | size=1060 | indici originali=[0, 6, 7, 8, 9, 10, 12, 14, 15, 16, 18, 19, 21, 23, 27, 28, 30, 31, 36, 38, 39, 40, 43, 45, 46, 47, 48, 50, 53, 56, 57, 58, 62, 63, 68, 74, 77, 79, 80, 81, 85, 86, 87, 89, 90, 91, 92, 93, 95, 99, 102, 103, 104, 106, 107, 108, 110, 112, 113, 114, 117, 118, 120, 122, 124, 125, 126, 128, 130, 136, 140, 144, 146, 150, 151, 152, 154, 155, 156, 157, 158, 159, 160, 162, 163, 164, 168, 169, 170, 174, 175, 177, 179, 181, 182, 183, 184, 189, 192, 193, 195, 198, 201, 203, 206, 209, 210, 212, 213, 217, 218, 220, 222, 223, 224, 225, 227, 229, 232, 236, 238, 242, 243, 248, 250, 252, 254, 255, 258, 259, 260, 262, 263, 264, 267, 268, 270, 274, 276, 279, 281, 282, 287, 292, 298, 299, 300, 302, 303, 307, 308, 310, 311, 312, 313, 316, 317, 318, 321, 322, 323, 325, 327, 328, 330, 333, 339, 340, 341, 343, 344, 345, 346, 347, 351, 352, 353, 356, 357, 359, 361, 362, 363, 365, 366, 371, 377, 378, 379, 380, 381, 384, 386, 389, 390, 391, 392, 394, 395, 397, 398, 400, 401, 403, 404, 405, 406, 407, 412, 413, 414, 415, 416, 417, 418, 420, 426, 427, 429, 430, 433, 434, 437, 439, 440, 441, 442, 443, 447, 449, 450, 451, 452, 455, 456, 457, 458, 461, 463, 466, 469, 471, 472, 476, 477, 478, 480, 481, 482, 483, 485, 486, 487, 489, 494, 498, 500, 501, 502, 503, 504, 506, 507, 508, 509, 513, 516, 517, 519, 521, 522, 523, 525, 527, 530, 532, 534, 535, 541, 542, 544, 545, 547, 550, 551, 552, 554, 558, 559, 560, 564, 572, 573, 576, 577, 578, 579, 580, 583, 586, 589, 590, 591, 592, 595, 598, 601, 602, 604, 607, 608, 611, 613, 614, 616, 617, 619, 621, 622, 627, 632, 633, 634, 636, 639, 644, 645, 646, 651, 652, 653, 655, 656, 657, 659, 661, 662, 663, 665, 666, 668, 670, 671, 672, 674, 676, 679, 681, 682, 683, 685, 687, 688, 689, 690, 691, 693, 695, 697, 699, 700, 703, 706, 711, 712, 714, 716, 720, 721, 725, 727, 728, 730, 732, 735, 736, 742, 743, 744, 746, 748, 749, 751, 752, 753, 756, 758, 760, 761, 762, 764, 765, 766, 767, 770, 772, 773, 775, 777, 779, 780, 782, 783, 785, 787, 789, 792, 793, 794, 795, 797, 800, 802, 804, 807, 811, 812, 814, 818, 820, 821, 823, 825, 830, 831, 833, 834, 835, 836, 837, 843, 846, 847, 849, 850, 851, 852, 853, 854, 857, 860, 863, 864, 867, 874, 876, 877, 881, 882, 883, 884, 887, 892, 893, 894, 895, 896, 897, 899, 902, 903, 905, 907, 908, 912, 915, 920, 921, 923, 924, 926, 928, 930, 932, 937, 938, 939, 941, 942, 943, 945, 946, 948, 950, 951, 953, 955, 958, 959, 960, 964, 965, 966, 967, 968, 970, 975, 978, 979, 983, 984, 985, 986, 987, 989, 990, 991, 993, 1000, 1001, 1004, 1008, 1009, 1011, 1012, 1014, 1017, 1021, 1023, 1024, 1025, 1026, 1027, 1028, 1029, 1035, 1037, 1038, 1039, 1041, 1042, 1044, 1045, 1046, 1048, 1049, 1050, 1055, 1056, 1057, 1058, 1059, 1060, 1064, 1066, 1068, 1069, 1074, 1076, 1077, 1078, 1081, 1083, 1084, 1086, 1088, 1091, 1093, 1094, 1097, 1099, 1102, 1103, 1106, 1108, 1111, 1115, 1116, 1117, 1119, 1120, 1121, 1123, 1124, 1125, 1128, 1132, 1133, 1137, 1138, 1142, 1144, 1146, 1148, 1151, 1152, 1153, 1154, 1156, 1157, 1163, 1165, 1168, 1173, 1178, 1179, 1183, 1184, 1185, 1187, 1192, 1195, 1201, 1204, 1205, 1207, 1208, 1210, 1212, 1217, 1218, 1220, 1223, 1225, 1226, 1232, 1235, 1236, 1237, 1238, 1239, 1240, 1241, 1242, 1244, 1245, 1246, 1247, 1248, 1249, 1255, 1259, 1260, 1262, 1263, 1264, 1268, 1270, 1273, 1275, 1276, 1277, 1278, 1279, 1280, 1281, 1283, 1286, 1287, 1288, 1289, 1290, 1292, 1294, 1296, 1297, 1299, 1300, 1302, 1303, 1304, 1305, 1306, 1313, 1315, 1316, 1317, 1321, 1323, 1330, 1333, 1334, 1335, 1336, 1337, 1338, 1339, 1340, 1341, 1343, 1346, 1347, 1348, 1349, 1350, 1352, 1354, 1356, 1357, 1358, 1362, 1363, 1364, 1365, 1369, 1370, 1372, 1373, 1375, 1376, 1379, 1380, 1383, 1386, 1387, 1388, 1389, 1390, 1391, 1392, 1393, 1395, 1396, 1402, 1404, 1406, 1407, 1408, 1409, 1411, 1412, 1414, 1415, 1416, 1418, 1419, 1420, 1421, 1424, 1425, 1428, 1431, 1433, 1436, 1439, 1440, 1441, 1442, 1445, 1446, 1447, 1448, 1449, 1451, 1453, 1454, 1463, 1464, 1466, 1469, 1470, 1474, 1475, 1476, 1477, 1478, 1479, 1480, 1486, 1487, 1488, 1489, 1490, 1493, 1498, 1502, 1503, 1508, 1509, 1510, 1511, 1512, 1519, 1520, 1522, 1523, 1524, 1525, 1527, 1528, 1530, 1532, 1533, 1535, 1536, 1539, 1541, 1542, 1543, 1545, 1547, 1548, 1553, 1556, 1557, 1559, 1560, 1561, 1563, 1566, 1567, 1569, 1571, 1572, 1573, 1576, 1577, 1578, 1583, 1584, 1585, 1588, 1589, 1591, 1592, 1593, 1594, 1598, 1600, 1605, 1607, 1609, 1611, 1612, 1613, 1615, 1616, 1619, 1621, 1628, 1630, 1631, 1632, 1636, 1639, 1641, 1644, 1648, 1650, 1652, 1653, 1655, 1656, 1660, 1662, 1663, 1664, 1666, 1668, 1671, 1672, 1673, 1674, 1675, 1676, 1678, 1679, 1680, 1682, 1683, 1685, 1686, 1689, 1691, 1692, 1696, 1698, 1701, 1702, 1704, 1705, 1706, 1707, 1709, 1710, 1715, 1716, 1717, 1718, 1719, 1722, 1723, 1724, 1725, 1726, 1728, 1729, 1731, 1732, 1733, 1734, 1736, 1740, 1743, 1745, 1746, 1747, 1748, 1749, 1750, 1751, 1754, 1755, 1759, 1764, 1765, 1767, 1768, 1772, 1773, 1774, 1775, 1776, 1777, 1778, 1779, 1780, 1783, 1786, 1787, 1788, 1790, 1791, 1792, 1793, 1794, 1795, 1796, 1801, 1802, 1803, 1805, 1807, 1808, 1812, 1813, 1817, 1818, 1819, 1821, 1823, 1825, 1828, 1829, 1831, 1832, 1836, 1838, 1839, 1841, 1844, 1846, 1848, 1849, 1853, 1854, 1855, 1859, 1862, 1864, 1865, 1867, 1870, 1871, 1872, 1874, 1875, 1877, 1879, 1884, 1885, 1892, 1894, 1895, 1896, 1897, 1898, 1900, 1901, 1902, 1903, 1904, 1905, 1906, 1909, 1910, 1920, 1921, 1924, 1927, 1929, 1930, 1932, 1936, 1937, 1940, 1941, 1942, 1944, 1945, 1947, 1950, 1953, 1958, 1961, 1963, 1964, 1965, 1967, 1968, 1971, 1972, 1974, 1975, 1976, 1977, 1979, 1980, 1981, 1983, 1985, 1987, 1988, 1991, 1992, 1994, 1995, 1996, 1997, 2000, 2002, 2004, 2005, 2006, 2007, 2009, 2010, 2011, 2013, 2015, 2016, 2018, 2021, 2022, 2026, 2027, 2029, 2030, 2031, 2033, 2034, 2035, 2036, 2037, 2038, 2040, 2041, 2043, 2044, 2046]
node= 2 | level=1 | parent=   0 | left=  21 | right=  22 | size=988 | indici originali=[1, 2, 3, 4, 5, 11, 13, 17, 20, 22, 24, 25, 26, 29, 32, 33, 34, 35, 37, 41, 42, 44, 49, 51, 52, 54, 55, 59, 60, 61, 64, 65, 66, 67, 69, 70, 71, 72, 73, 75, 76, 78, 82, 83, 84, 88, 94, 96, 97, 98, 100, 101, 105, 109, 111, 115, 116, 119, 121, 123, 127, 129, 131, 132, 133, 134, 135, 137, 138, 139, 141, 142, 143, 145, 147, 148, 149, 153, 161, 165, 166, 167, 171, 172, 173, 176, 178, 180, 185, 186, 187, 188, 190, 191, 194, 196, 197, 199, 200, 202, 204, 205, 207, 208, 211, 214, 215, 216, 219, 221, 226, 228, 230, 231, 233, 234, 235, 237, 239, 240, 241, 244, 245, 246, 247, 249, 251, 253, 256, 257, 261, 265, 266, 269, 271, 272, 273, 275, 277, 278, 280, 283, 284, 285, 286, 288, 289, 290, 291, 293, 294, 295, 296, 297, 301, 304, 305, 306, 309, 314, 315, 319, 320, 324, 326, 329, 331, 332, 334, 335, 336, 337, 338, 342, 348, 349, 350, 354, 355, 358, 360, 364, 367, 368, 369, 370, 372, 373, 374, 375, 376, 382, 383, 385, 387, 388, 393, 396, 399, 402, 408, 409, 410, 411, 419, 421, 422, 423, 424, 425, 428, 431, 432, 435, 436, 438, 444, 445, 446, 448, 453, 454, 459, 460, 462, 464, 465, 467, 468, 470, 473, 474, 475, 479, 484, 488, 490, 491, 492, 493, 495, 496, 497, 499, 505, 510, 511, 512, 514, 515, 518, 520, 524, 526, 528, 529, 531, 533, 536, 537, 538, 539, 540, 543, 546, 548, 549, 553, 555, 556, 557, 561, 562, 563, 565, 566, 567, 568, 569, 570, 571, 574, 575, 581, 582, 584, 585, 587, 588, 593, 594, 596, 597, 599, 600, 603, 605, 606, 609, 610, 612, 615, 618, 620, 623, 624, 625, 626, 628, 629, 630, 631, 635, 637, 638, 640, 641, 642, 643, 647, 648, 649, 650, 654, 658, 660, 664, 667, 669, 673, 675, 677, 678, 680, 684, 686, 692, 694, 696, 698, 701, 702, 704, 705, 707, 708, 709, 710, 713, 715, 717, 718, 719, 722, 723, 724, 726, 729, 731, 733, 734, 737, 738, 739, 740, 741, 745, 747, 750, 754, 755, 757, 759, 763, 768, 769, 771, 774, 776, 778, 781, 784, 786, 788, 790, 791, 796, 798, 799, 801, 803, 805, 806, 808, 809, 810, 813, 815, 816, 817, 819, 822, 824, 826, 827, 828, 829, 832, 838, 839, 840, 841, 842, 844, 845, 848, 855, 856, 858, 859, 861, 862, 865, 866, 868, 869, 870, 871, 872, 873, 875, 878, 879, 880, 885, 886, 888, 889, 890, 891, 898, 900, 901, 904, 906, 909, 910, 911, 913, 914, 916, 917, 918, 919, 922, 925, 927, 929, 931, 933, 934, 935, 936, 940, 944, 947, 949, 952, 954, 956, 957, 961, 962, 963, 969, 971, 972, 973, 974, 976, 977, 980, 981, 982, 988, 992, 994, 995, 996, 997, 998, 999, 1002, 1003, 1005, 1006, 1007, 1010, 1013, 1015, 1016, 1018, 1019, 1020, 1022, 1030, 1031, 1032, 1033, 1034, 1036, 1040, 1043, 1047, 1051, 1052, 1053, 1054, 1061, 1062, 1063, 1065, 1067, 1070, 1071, 1072, 1073, 1075, 1079, 1080, 1082, 1085, 1087, 1089, 1090, 1092, 1095, 1096, 1098, 1100, 1101, 1104, 1105, 1107, 1109, 1110, 1112, 1113, 1114, 1118, 1122, 1126, 1127, 1129, 1130, 1131, 1134, 1135, 1136, 1139, 1140, 1141, 1143, 1145, 1147, 1149, 1150, 1155, 1158, 1159, 1160, 1161, 1162, 1164, 1166, 1167, 1169, 1170, 1171, 1172, 1174, 1175, 1176, 1177, 1180, 1181, 1182, 1186, 1188, 1189, 1190, 1191, 1193, 1194, 1196, 1197, 1198, 1199, 1200, 1202, 1203, 1206, 1209, 1211, 1213, 1214, 1215, 1216, 1219, 1221, 1222, 1224, 1227, 1228, 1229, 1230, 1231, 1233, 1234, 1243, 1250, 1251, 1252, 1253, 1254, 1256, 1257, 1258, 1261, 1265, 1266, 1267, 1269, 1271, 1272, 1274, 1282, 1284, 1285, 1291, 1293, 1295, 1298, 1301, 1307, 1308, 1309, 1310, 1311, 1312, 1314, 1318, 1319, 1320, 1322, 1324, 1325, 1326, 1327, 1328, 1329, 1331, 1332, 1342, 1344, 1345, 1351, 1353, 1355, 1359, 1360, 1361, 1366, 1367, 1368, 1371, 1374, 1377, 1378, 1381, 1382, 1384, 1385, 1394, 1397, 1398, 1399, 1400, 1401, 1403, 1405, 1410, 1413, 1417, 1422, 1423, 1426, 1427, 1429, 1430, 1432, 1434, 1435, 1437, 1438, 1443, 1444, 1450, 1452, 1455, 1456, 1457, 1458, 1459, 1460, 1461, 1462, 1465, 1467, 1468, 1471, 1472, 1473, 1481, 1482, 1483, 1484, 1485, 1491, 1492, 1494, 1495, 1496, 1497, 1499, 1500, 1501, 1504, 1505, 1506, 1507, 1513, 1514, 1515, 1516, 1517, 1518, 1521, 1526, 1529, 1531, 1534, 1537, 1538, 1540, 1544, 1546, 1549, 1550, 1551, 1552, 1554, 1555, 1558, 1562, 1564, 1565, 1568, 1570, 1574, 1575, 1579, 1580, 1581, 1582, 1586, 1587, 1590, 1595, 1596, 1597, 1599, 1601, 1602, 1603, 1604, 1606, 1608, 1610, 1614, 1617, 1618, 1620, 1622, 1623, 1624, 1625, 1626, 1627, 1629, 1633, 1634, 1635, 1637, 1638, 1640, 1642, 1643, 1645, 1646, 1647, 1649, 1651, 1654, 1657, 1658, 1659, 1661, 1665, 1667, 1669, 1670, 1677, 1681, 1684, 1687, 1688, 1690, 1693, 1694, 1695, 1697, 1699, 1700, 1703, 1708, 1711, 1712, 1713, 1714, 1720, 1721, 1727, 1730, 1735, 1737, 1738, 1739, 1741, 1742, 1744, 1752, 1753, 1756, 1757, 1758, 1760, 1761, 1762, 1763, 1766, 1769, 1770, 1771, 1781, 1782, 1784, 1785, 1789, 1797, 1798, 1799, 1800, 1804, 1806, 1809, 1810, 1811, 1814, 1815, 1816, 1820, 1822, 1824, 1826, 1827, 1830, 1833, 1834, 1835, 1837, 1840, 1842, 1843, 1845, 1847, 1850, 1851, 1852, 1856, 1857, 1858, 1860, 1861, 1863, 1866, 1868, 1869, 1873, 1876, 1878, 1880, 1881, 1882, 1883, 1886, 1887, 1888, 1889, 1890, 1891, 1893, 1899, 1907, 1908, 1911, 1912, 1913, 1914, 1915, 1916, 1917, 1918, 1919, 1922, 1923, 1925, 1926, 1928, 1931, 1933, 1934, 1935, 1938, 1939, 1943, 1946, 1948, 1949, 1951, 1952, 1954, 1955, 1956, 1957, 1959, 1960, 1962, 1966, 1969, 1970, 1973, 1978, 1982, 1984, 1986, 1989, 1990, 1993, 1998, 1999, 2001, 2003, 2008, 2012, 2014, 2017, 2019, 2020, 2023, 2024, 2025, 2028, 2032, 2039, 2042, 2045, 2047]
node= 3 | level=2 | parent=   1 | left=   5 | right=   6 | size=1055 | indici originali=[0, 6, 7, 8, 9, 10, 12, 14, 15, 16, 18, 19, 21, 23, 27, 28, 30, 31, 36, 38, 39, 40, 43, 45, 46, 47, 48, 50, 53, 56, 57, 58, 62, 63, 68, 74, 77, 79, 80, 81, 85, 86, 87, 89, 90, 91, 92, 93, 95, 99, 102, 103, 104, 106, 107, 108, 110, 112, 113, 114, 117, 118, 120, 122, 124, 125, 126, 128, 130, 136, 140, 144, 146, 150, 151, 152, 154, 155, 156, 157, 158, 159, 160, 162, 163, 164, 168, 169, 170, 174, 175, 177, 179, 181, 182, 183, 184, 189, 192, 193, 195, 198, 201, 203, 206, 209, 210, 212, 213, 217, 218, 220, 222, 223, 224, 225, 227, 229, 232, 236, 238, 242, 243, 248, 250, 252, 254, 255, 258, 259, 260, 262, 263, 264, 267, 268, 270, 274, 276, 279, 281, 282, 287, 292, 298, 299, 300, 302, 303, 307, 308, 310, 311, 312, 313, 316, 317, 318, 321, 322, 323, 325, 327, 328, 330, 333, 339, 340, 341, 343, 344, 345, 346, 347, 351, 352, 353, 356, 357, 359, 361, 362, 363, 365, 366, 371, 377, 378, 379, 380, 381, 384, 386, 389, 390, 391, 392, 394, 395, 397, 398, 400, 401, 403, 404, 405, 406, 407, 412, 413, 414, 415, 416, 417, 418, 420, 426, 427, 429, 430, 433, 434, 437, 439, 440, 441, 442, 443, 447, 449, 450, 451, 452, 455, 456, 457, 458, 461, 463, 466, 469, 471, 472, 476, 477, 478, 480, 481, 482, 483, 485, 486, 487, 489, 494, 498, 500, 501, 502, 503, 504, 506, 507, 508, 509, 513, 516, 517, 519, 521, 522, 523, 525, 527, 530, 532, 534, 535, 541, 542, 544, 545, 547, 550, 551, 552, 554, 558, 559, 560, 564, 572, 573, 576, 577, 578, 579, 580, 583, 586, 589, 590, 591, 592, 595, 598, 601, 602, 604, 607, 608, 611, 613, 614, 616, 617, 619, 621, 622, 627, 632, 633, 634, 636, 639, 644, 645, 646, 651, 652, 653, 655, 656, 657, 659, 661, 662, 663, 665, 666, 668, 670, 671, 672, 674, 676, 679, 681, 682, 683, 685, 687, 688, 689, 690, 691, 693, 695, 697, 699, 700, 703, 706, 711, 712, 714, 716, 720, 721, 725, 727, 728, 730, 732, 735, 736, 742, 743, 744, 746, 748, 749, 751, 752, 753, 756, 758, 760, 761, 762, 764, 765, 766, 767, 770, 772, 773, 775, 777, 779, 780, 782, 783, 785, 787, 789, 792, 793, 794, 795, 797, 800, 802, 804, 807, 811, 812, 814, 818, 820, 821, 823, 825, 830, 831, 833, 834, 835, 836, 837, 843, 846, 847, 849, 850, 851, 852, 853, 854, 857, 860, 863, 864, 867, 874, 876, 877, 881, 882, 883, 884, 887, 892, 893, 894, 895, 896, 897, 899, 902, 903, 905, 907, 908, 912, 915, 920, 921, 923, 924, 926, 928, 930, 932, 937, 938, 939, 941, 942, 943, 945, 946, 948, 950, 951, 953, 955, 958, 959, 960, 964, 965, 966, 967, 968, 970, 975, 978, 979, 983, 984, 985, 986, 987, 989, 990, 991, 993, 1000, 1001, 1004, 1008, 1009, 1011, 1012, 1014, 1017, 1021, 1023, 1024, 1025, 1026, 1027, 1028, 1029, 1035, 1037, 1038, 1039, 1041, 1042, 1044, 1045, 1046, 1048, 1049, 1050, 1055, 1056, 1057, 1058, 1059, 1060, 1064, 1066, 1068, 1069, 1074, 1076, 1077, 1078, 1081, 1083, 1084, 1086, 1088, 1091, 1093, 1094, 1097, 1099, 1102, 1103, 1106, 1108, 1111, 1115, 1116, 1117, 1119, 1120, 1121, 1123, 1124, 1125, 1128, 1132, 1133, 1137, 1138, 1142, 1144, 1146, 1148, 1151, 1152, 1153, 1154, 1156, 1157, 1163, 1165, 1168, 1173, 1178, 1179, 1183, 1184, 1185, 1187, 1192, 1195, 1201, 1204, 1205, 1207, 1208, 1210, 1212, 1217, 1218, 1220, 1223, 1225, 1226, 1232, 1235, 1236, 1237, 1238, 1239, 1240, 1241, 1242, 1244, 1245, 1246, 1247, 1248, 1249, 1255, 1259, 1260, 1262, 1263, 1264, 1268, 1270, 1273, 1275, 1276, 1277, 1278, 1279, 1280, 1281, 1283, 1286, 1287, 1288, 1289, 1290, 1292, 1294, 1296, 1297, 1299, 1300, 1302, 1303, 1304, 1305, 1306, 1313, 1315, 1316, 1317, 1321, 1323, 1330, 1333, 1334, 1335, 1336, 1337, 1338, 1339, 1340, 1341, 1343, 1346, 1347, 1348, 1349, 1350, 1352, 1354, 1356, 1357, 1358, 1362, 1363, 1364, 1365, 1369, 1370, 1372, 1373, 1375, 1376, 1379, 1380, 1383, 1386, 1387, 1388, 1389, 1390, 1391, 1392, 1393, 1395, 1396, 1402, 1404, 1406, 1407, 1408, 1409, 1411, 1412, 1414, 1415, 1416, 1418, 1419, 1420, 1421, 1424, 1425, 1428, 1431, 1433, 1436, 1439, 1440, 1441, 1442, 1445, 1446, 1447, 1448, 1449, 1451, 1453, 1454, 1463, 1464, 1466, 1469, 1470, 1474, 1475, 1476, 1477, 1478, 1479, 1480, 1486, 1487, 1488, 1489, 1490, 1493, 1498, 1502, 1503, 1508, 1509, 1510, 1511, 1512, 1519, 1520, 1522, 1523, 1524, 1525, 1527, 1528, 1530, 1532, 1533, 1535, 1536, 1539, 1541, 1542, 1543, 1545, 1547, 1548, 1556, 1557, 1559, 1561, 1563, 1566, 1567, 1569, 1571, 1572, 1573, 1576, 1577, 1578, 1583, 1584, 1585, 1588, 1589, 1591, 1592, 1593, 1594, 1598, 1600, 1605, 1609, 1611, 1612, 1613, 1616, 1619, 1621, 1628, 1630, 1631, 1632, 1636, 1639, 1641, 1644, 1650, 1652, 1653, 1655, 1656, 1660, 1662, 1663, 1664, 1666, 1668, 1671, 1672, 1673, 1674, 1675, 1676, 1678, 1679, 1680, 1682, 1683, 1685, 1686, 1689, 1691, 1692, 1696, 1698, 1701, 1702, 1704, 1705, 1706, 1707, 1709, 1710, 1715, 1716, 1717, 1718, 1719, 1722, 1723, 1724, 1725, 1726, 1728, 1729, 1731, 1732, 1733, 1734, 1736, 1740, 1743, 1745, 1746, 1747, 1748, 1749, 1750, 1751, 1754, 1755, 1759, 1764, 1765, 1767, 1768, 1772, 1773, 1774, 1775, 1776, 1777, 1778, 1779, 1780, 1783, 1786, 1787, 1788, 1790, 1791, 1792, 1793, 1794, 1795, 1796, 1801, 1802, 1803, 1805, 1807, 1808, 1812, 1813, 1817, 1818, 1819, 1821, 1823, 1825, 1828, 1829, 1831, 1832, 1836, 1838, 1839, 1841, 1844, 1846, 1848, 1849, 1853, 1854, 1855, 1859, 1862, 1864, 1865, 1867, 1870, 1871, 1872, 1874, 1875, 1877, 1879, 1884, 1885, 1892, 1894, 1895, 1896, 1897, 1898, 1900, 1901, 1902, 1903, 1904, 1905, 1906, 1909, 1910, 1920, 1921, 1924, 1927, 1929, 1930, 1932, 1936, 1937, 1940, 1941, 1942, 1944, 1945, 1947, 1950, 1953, 1958, 1961, 1963, 1964, 1965, 1967, 1968, 1971, 1972, 1974, 1975, 1976, 1977, 1979, 1980, 1981, 1983, 1985, 1987, 1988, 1991, 1992, 1994, 1995, 1996, 1997, 2000, 2002, 2004, 2005, 2006, 2007, 2009, 2010, 2011, 2013, 2015, 2016, 2018, 2021, 2022, 2026, 2027, 2029, 2030, 2031, 2033, 2034, 2035, 2036, 2037, 2038, 2040, 2041, 2043, 2044, 2046]
node= 4 | level=2 | parent=   1 | left=None | right=None | size= 5 | indici originali=[1553, 1560, 1607, 1615, 1648]
node= 5 | level=3 | parent=   3 | left=   7 | right=   8 | size=1045 | indici originali=[0, 6, 7, 8, 9, 10, 12, 14, 15, 16, 18, 19, 21, 23, 27, 28, 30, 31, 36, 38, 39, 40, 43, 45, 46, 47, 48, 50, 53, 56, 57, 58, 62, 63, 68, 74, 77, 79, 80, 81, 85, 86, 87, 89, 90, 91, 92, 93, 95, 99, 102, 103, 104, 106, 107, 108, 110, 112, 113, 114, 117, 118, 120, 122, 124, 125, 126, 128, 130, 136, 140, 144, 146, 150, 151, 152, 154, 155, 156, 157, 158, 159, 160, 162, 163, 164, 168, 169, 170, 174, 175, 177, 179, 181, 182, 183, 184, 189, 192, 193, 195, 198, 201, 203, 206, 209, 210, 212, 213, 217, 218, 220, 222, 223, 224, 225, 227, 229, 232, 236, 238, 242, 243, 248, 250, 252, 254, 255, 258, 259, 260, 262, 263, 264, 267, 268, 270, 274, 276, 279, 281, 282, 287, 292, 298, 299, 300, 302, 303, 307, 308, 310, 311, 312, 313, 316, 317, 318, 321, 322, 323, 325, 327, 328, 330, 333, 339, 340, 341, 343, 344, 345, 346, 347, 351, 352, 353, 356, 357, 359, 361, 362, 363, 365, 366, 371, 377, 378, 379, 380, 381, 384, 386, 389, 391, 392, 394, 395, 397, 398, 400, 401, 403, 404, 405, 406, 407, 412, 413, 414, 415, 416, 417, 418, 420, 426, 427, 429, 430, 433, 434, 437, 439, 440, 442, 443, 447, 449, 450, 451, 452, 455, 456, 457, 458, 461, 463, 469, 471, 472, 476, 477, 478, 480, 481, 482, 483, 485, 486, 487, 494, 498, 500, 501, 503, 504, 506, 507, 513, 516, 517, 519, 521, 522, 523, 525, 527, 530, 532, 534, 535, 541, 542, 544, 545, 547, 550, 551, 552, 554, 558, 559, 560, 564, 572, 573, 576, 577, 578, 579, 580, 583, 586, 589, 590, 591, 592, 595, 598, 601, 602, 604, 607, 608, 611, 613, 614, 616, 617, 619, 621, 622, 627, 632, 633, 634, 636, 639, 644, 645, 646, 651, 652, 653, 655, 656, 657, 659, 661, 662, 663, 665, 666, 668, 670, 671, 672, 674, 676, 679, 681, 682, 683, 685, 687, 688, 689, 690, 691, 693, 695, 697, 699, 700, 703, 706, 711, 712, 714, 716, 720, 721, 725, 727, 728, 730, 732, 735, 736, 742, 743, 744, 746, 748, 749, 751, 752, 753, 756, 758, 760, 761, 762, 764, 765, 766, 767, 770, 772, 773, 775, 777, 779, 780, 782, 783, 785, 787, 789, 792, 793, 794, 795, 797, 800, 802, 804, 807, 811, 812, 814, 818, 820, 821, 823, 825, 830, 831, 833, 834, 835, 836, 837, 843, 846, 847, 849, 850, 851, 852, 853, 854, 857, 860, 863, 864, 867, 874, 876, 877, 881, 882, 883, 884, 887, 892, 893, 894, 895, 896, 897, 899, 902, 903, 905, 907, 908, 912, 915, 920, 921, 923, 924, 926, 928, 930, 932, 937, 938, 939, 941, 942, 943, 945, 946, 948, 950, 951, 953, 955, 958, 959, 960, 964, 965, 966, 967, 968, 970, 975, 978, 979, 983, 984, 985, 986, 987, 989, 990, 991, 993, 1000, 1001, 1004, 1008, 1009, 1011, 1012, 1014, 1017, 1021, 1023, 1024, 1025, 1026, 1027, 1028, 1029, 1035, 1037, 1038, 1039, 1041, 1042, 1044, 1045, 1046, 1048, 1049, 1050, 1055, 1056, 1057, 1058, 1059, 1060, 1064, 1066, 1068, 1069, 1074, 1076, 1077, 1078, 1081, 1083, 1084, 1086, 1088, 1091, 1093, 1094, 1097, 1099, 1102, 1103, 1106, 1108, 1111, 1115, 1116, 1117, 1119, 1120, 1121, 1123, 1124, 1125, 1128, 1132, 1133, 1137, 1138, 1142, 1144, 1146, 1148, 1151, 1152, 1153, 1154, 1156, 1157, 1163, 1165, 1168, 1173, 1178, 1179, 1183, 1184, 1185, 1187, 1192, 1195, 1201, 1204, 1205, 1207, 1208, 1210, 1212, 1217, 1218, 1220, 1223, 1225, 1226, 1232, 1235, 1236, 1237, 1238, 1239, 1240, 1241, 1242, 1244, 1245, 1246, 1247, 1248, 1249, 1255, 1259, 1260, 1262, 1263, 1264, 1268, 1270, 1273, 1275, 1276, 1277, 1278, 1279, 1280, 1281, 1283, 1286, 1287, 1288, 1289, 1290, 1292, 1294, 1296, 1297, 1299, 1300, 1302, 1303, 1304, 1305, 1306, 1313, 1315, 1316, 1317, 1321, 1323, 1330, 1333, 1334, 1335, 1336, 1337, 1338, 1339, 1340, 1341, 1343, 1346, 1347, 1348, 1349, 1350, 1352, 1354, 1356, 1357, 1358, 1362, 1363, 1364, 1365, 1369, 1370, 1372, 1373, 1375, 1376, 1379, 1380, 1383, 1386, 1387, 1388, 1389, 1390, 1391, 1392, 1393, 1395, 1396, 1402, 1404, 1406, 1407, 1408, 1409, 1411, 1412, 1414, 1415, 1416, 1418, 1419, 1420, 1421, 1424, 1425, 1428, 1431, 1433, 1436, 1439, 1440, 1441, 1442, 1445, 1446, 1447, 1448, 1449, 1451, 1453, 1454, 1463, 1464, 1466, 1469, 1470, 1474, 1475, 1476, 1477, 1478, 1479, 1480, 1486, 1487, 1488, 1489, 1490, 1493, 1498, 1502, 1503, 1508, 1509, 1510, 1511, 1512, 1519, 1520, 1522, 1523, 1524, 1525, 1527, 1528, 1530, 1532, 1533, 1535, 1536, 1539, 1541, 1542, 1543, 1545, 1547, 1548, 1556, 1557, 1559, 1561, 1563, 1566, 1567, 1569, 1571, 1572, 1573, 1576, 1577, 1578, 1583, 1584, 1585, 1588, 1589, 1591, 1592, 1593, 1594, 1598, 1600, 1605, 1609, 1611, 1612, 1613, 1616, 1619, 1621, 1628, 1630, 1631, 1632, 1636, 1639, 1641, 1644, 1650, 1652, 1653, 1655, 1656, 1660, 1662, 1663, 1664, 1666, 1668, 1671, 1673, 1674, 1675, 1676, 1678, 1679, 1680, 1682, 1683, 1685, 1689, 1691, 1692, 1696, 1698, 1701, 1702, 1704, 1705, 1706, 1707, 1709, 1710, 1715, 1716, 1717, 1718, 1719, 1722, 1723, 1724, 1725, 1726, 1728, 1729, 1731, 1732, 1733, 1734, 1736, 1740, 1743, 1745, 1746, 1747, 1748, 1749, 1750, 1751, 1754, 1755, 1759, 1764, 1765, 1768, 1772, 1773, 1774, 1775, 1776, 1777, 1778, 1779, 1780, 1783, 1786, 1787, 1788, 1790, 1791, 1792, 1793, 1794, 1795, 1796, 1801, 1802, 1803, 1805, 1807, 1808, 1812, 1813, 1817, 1818, 1819, 1821, 1823, 1825, 1828, 1829, 1831, 1832, 1836, 1838, 1839, 1841, 1844, 1846, 1848, 1849, 1853, 1854, 1855, 1859, 1862, 1864, 1865, 1867, 1870, 1871, 1872, 1874, 1875, 1877, 1879, 1884, 1885, 1892, 1894, 1895, 1896, 1897, 1898, 1900, 1901, 1902, 1903, 1904, 1905, 1906, 1909, 1910, 1920, 1921, 1924, 1927, 1929, 1930, 1932, 1936, 1937, 1940, 1941, 1942, 1944, 1945, 1947, 1950, 1953, 1958, 1961, 1963, 1964, 1965, 1967, 1968, 1971, 1972, 1974, 1975, 1976, 1977, 1979, 1980, 1981, 1983, 1985, 1987, 1988, 1991, 1992, 1994, 1995, 1996, 1997, 2000, 2002, 2004, 2005, 2006, 2007, 2009, 2010, 2011, 2013, 2015, 2016, 2018, 2021, 2022, 2026, 2027, 2029, 2030, 2031, 2033, 2034, 2035, 2036, 2037, 2038, 2040, 2041, 2043, 2044, 2046]
node= 6 | level=3 | parent=   3 | left=None | right=None | size=10 | indici originali=[390, 441, 466, 489, 502, 508, 509, 1672, 1686, 1767]
node= 7 | level=4 | parent=   5 | left=   9 | right=  10 | size=1040 | indici originali=[0, 6, 7, 8, 9, 10, 12, 14, 15, 16, 18, 19, 21, 23, 27, 28, 30, 31, 36, 38, 39, 40, 43, 45, 46, 47, 48, 50, 53, 56, 57, 58, 62, 63, 68, 74, 77, 79, 80, 81, 85, 86, 87, 89, 90, 91, 92, 93, 95, 99, 102, 103, 104, 106, 107, 108, 110, 112, 113, 114, 117, 118, 120, 122, 124, 125, 126, 128, 130, 136, 140, 144, 146, 150, 151, 152, 154, 155, 156, 157, 158, 159, 160, 162, 163, 164, 168, 169, 170, 174, 175, 177, 179, 181, 182, 183, 184, 189, 192, 193, 195, 198, 201, 203, 206, 209, 210, 212, 213, 217, 218, 220, 222, 223, 224, 225, 227, 229, 232, 236, 238, 242, 243, 248, 250, 252, 254, 255, 258, 259, 260, 262, 263, 264, 267, 268, 270, 274, 276, 279, 281, 282, 287, 292, 298, 299, 300, 302, 303, 307, 308, 310, 311, 312, 313, 316, 317, 318, 321, 322, 323, 325, 327, 328, 330, 333, 339, 340, 341, 343, 344, 345, 346, 347, 351, 352, 353, 356, 357, 359, 361, 362, 363, 365, 366, 371, 377, 378, 379, 380, 381, 384, 386, 389, 391, 392, 394, 395, 397, 398, 400, 401, 403, 404, 405, 406, 407, 412, 413, 414, 415, 416, 417, 418, 420, 426, 427, 429, 430, 433, 434, 437, 439, 440, 442, 443, 447, 449, 450, 451, 452, 455, 456, 457, 458, 461, 463, 469, 471, 472, 476, 477, 478, 480, 481, 482, 483, 485, 486, 487, 494, 498, 500, 501, 503, 504, 506, 507, 513, 516, 517, 519, 521, 522, 523, 525, 527, 530, 532, 534, 535, 541, 542, 544, 545, 547, 550, 551, 552, 554, 558, 559, 560, 564, 572, 573, 576, 577, 578, 579, 580, 583, 586, 589, 590, 591, 592, 595, 598, 601, 602, 604, 607, 608, 611, 613, 614, 616, 617, 619, 621, 622, 627, 632, 633, 634, 636, 639, 644, 645, 646, 651, 652, 653, 655, 656, 657, 659, 661, 662, 663, 665, 666, 668, 670, 671, 672, 674, 676, 679, 681, 682, 683, 685, 687, 688, 689, 690, 691, 693, 695, 697, 699, 700, 703, 706, 711, 712, 714, 716, 720, 721, 725, 727, 728, 730, 732, 735, 736, 742, 743, 744, 746, 748, 749, 751, 752, 753, 756, 758, 760, 761, 762, 764, 765, 766, 767, 770, 772, 773, 775, 777, 779, 780, 782, 783, 785, 787, 789, 792, 793, 794, 795, 797, 800, 802, 804, 807, 811, 812, 814, 818, 820, 821, 823, 825, 830, 831, 833, 834, 835, 836, 837, 843, 846, 847, 849, 850, 851, 852, 853, 854, 857, 860, 863, 864, 867, 874, 876, 877, 881, 882, 883, 884, 887, 892, 893, 894, 895, 896, 897, 899, 902, 903, 905, 907, 908, 912, 915, 920, 921, 923, 924, 926, 928, 930, 932, 937, 938, 939, 941, 942, 943, 945, 946, 948, 950, 951, 953, 955, 958, 959, 960, 964, 965, 966, 967, 968, 970, 975, 978, 979, 983, 984, 985, 986, 987, 989, 990, 991, 993, 1000, 1001, 1004, 1008, 1009, 1011, 1012, 1014, 1017, 1021, 1023, 1024, 1025, 1026, 1027, 1028, 1029, 1035, 1037, 1038, 1039, 1041, 1042, 1044, 1045, 1046, 1048, 1049, 1050, 1055, 1056, 1057, 1058, 1059, 1060, 1064, 1066, 1068, 1069, 1074, 1076, 1077, 1078, 1081, 1083, 1084, 1086, 1088, 1091, 1093, 1094, 1097, 1099, 1102, 1103, 1106, 1108, 1111, 1115, 1116, 1117, 1119, 1120, 1121, 1123, 1124, 1125, 1128, 1132, 1133, 1137, 1138, 1142, 1144, 1146, 1148, 1151, 1152, 1153, 1154, 1156, 1157, 1163, 1165, 1168, 1173, 1178, 1179, 1183, 1184, 1185, 1187, 1192, 1195, 1201, 1204, 1205, 1207, 1208, 1210, 1212, 1217, 1218, 1220, 1223, 1225, 1226, 1232, 1235, 1236, 1237, 1238, 1239, 1240, 1241, 1242, 1244, 1245, 1246, 1247, 1248, 1249, 1255, 1259, 1260, 1262, 1263, 1264, 1268, 1270, 1273, 1275, 1276, 1277, 1278, 1279, 1280, 1281, 1283, 1286, 1287, 1288, 1289, 1290, 1292, 1294, 1296, 1297, 1299, 1300, 1302, 1303, 1304, 1305, 1306, 1313, 1317, 1321, 1323, 1330, 1334, 1335, 1336, 1337, 1338, 1339, 1341, 1343, 1346, 1347, 1348, 1349, 1350, 1352, 1356, 1357, 1358, 1362, 1363, 1364, 1365, 1369, 1370, 1372, 1373, 1375, 1376, 1379, 1380, 1383, 1386, 1387, 1388, 1389, 1390, 1391, 1392, 1393, 1395, 1396, 1402, 1404, 1406, 1407, 1408, 1409, 1411, 1412, 1414, 1415, 1416, 1418, 1419, 1420, 1421, 1424, 1425, 1428, 1431, 1433, 1436, 1439, 1440, 1441, 1442, 1445, 1446, 1447, 1448, 1449, 1451, 1453, 1454, 1463, 1464, 1466, 1469, 1470, 1474, 1475, 1476, 1477, 1478, 1479, 1480, 1486, 1487, 1488, 1489, 1490, 1493, 1498, 1502, 1503, 1508, 1509, 1510, 1511, 1512, 1519, 1520, 1522, 1523, 1524, 1525, 1527, 1528, 1530, 1532, 1533, 1535, 1536, 1539, 1541, 1542, 1543, 1545, 1547, 1548, 1556, 1557, 1559, 1561, 1563, 1566, 1567, 1569, 1571, 1572, 1573, 1576, 1577, 1578, 1583, 1584, 1585, 1588, 1589, 1591, 1592, 1593, 1594, 1598, 1600, 1605, 1609, 1611, 1612, 1613, 1616, 1619, 1621, 1628, 1630, 1631, 1632, 1636, 1639, 1641, 1644, 1650, 1652, 1653, 1655, 1656, 1660, 1662, 1663, 1664, 1666, 1668, 1671, 1673, 1674, 1675, 1676, 1678, 1679, 1680, 1682, 1683, 1685, 1689, 1691, 1692, 1696, 1698, 1701, 1702, 1704, 1705, 1706, 1707, 1709, 1710, 1715, 1716, 1717, 1718, 1719, 1722, 1723, 1724, 1725, 1726, 1728, 1729, 1731, 1732, 1733, 1734, 1736, 1740, 1743, 1745, 1746, 1747, 1748, 1749, 1750, 1751, 1754, 1755, 1759, 1764, 1765, 1768, 1772, 1773, 1774, 1775, 1776, 1777, 1778, 1779, 1780, 1783, 1786, 1787, 1788, 1790, 1791, 1792, 1793, 1794, 1795, 1796, 1801, 1802, 1803, 1805, 1807, 1808, 1812, 1813, 1817, 1818, 1819, 1821, 1823, 1825, 1828, 1829, 1831, 1832, 1836, 1838, 1839, 1841, 1844, 1846, 1848, 1849, 1853, 1854, 1855, 1859, 1862, 1864, 1865, 1867, 1870, 1871, 1872, 1874, 1875, 1877, 1879, 1884, 1885, 1892, 1894, 1895, 1896, 1897, 1898, 1900, 1901, 1902, 1903, 1904, 1905, 1906, 1909, 1910, 1920, 1921, 1924, 1927, 1929, 1930, 1932, 1936, 1937, 1940, 1941, 1942, 1944, 1945, 1947, 1950, 1953, 1958, 1961, 1963, 1964, 1965, 1967, 1968, 1971, 1972, 1974, 1975, 1976, 1977, 1979, 1980, 1981, 1983, 1985, 1987, 1988, 1991, 1992, 1994, 1995, 1996, 1997, 2000, 2002, 2004, 2005, 2006, 2007, 2009, 2010, 2011, 2013, 2015, 2016, 2018, 2021, 2022, 2026, 2027, 2029, 2030, 2031, 2033, 2034, 2035, 2036, 2037, 2038, 2040, 2041, 2043, 2044, 2046]
node= 8 | level=4 | parent=   5 | left=None | right=None | size= 5 | indici originali=[1315, 1316, 1333, 1340, 1354]
node= 9 | level=5 | parent=   7 | left=  11 | right=  12 | size=1036 | indici originali=[0, 6, 7, 8, 9, 10, 12, 14, 15, 16, 18, 19, 21, 23, 27, 28, 30, 31, 36, 38, 39, 40, 43, 45, 46, 47, 48, 50, 53, 56, 57, 58, 62, 63, 68, 74, 77, 79, 80, 81, 85, 86, 87, 89, 90, 91, 92, 93, 95, 99, 102, 103, 104, 106, 107, 108, 110, 112, 113, 114, 117, 118, 120, 122, 124, 125, 126, 128, 130, 136, 140, 144, 146, 150, 151, 152, 154, 155, 156, 157, 158, 159, 160, 162, 163, 164, 168, 169, 170, 174, 175, 177, 179, 181, 182, 183, 184, 189, 192, 193, 195, 198, 201, 203, 206, 209, 210, 212, 213, 217, 218, 220, 222, 223, 224, 225, 227, 229, 232, 236, 238, 242, 243, 248, 250, 252, 254, 255, 258, 259, 260, 262, 263, 264, 267, 268, 270, 274, 276, 279, 281, 282, 287, 292, 298, 299, 300, 302, 303, 307, 308, 310, 311, 312, 313, 316, 317, 318, 321, 322, 323, 325, 327, 328, 330, 333, 339, 340, 341, 343, 344, 345, 346, 347, 351, 352, 353, 356, 357, 359, 361, 362, 363, 365, 366, 371, 377, 378, 379, 380, 381, 384, 386, 389, 391, 392, 394, 395, 397, 398, 400, 401, 403, 404, 405, 406, 407, 412, 413, 414, 415, 416, 417, 418, 420, 426, 427, 429, 430, 433, 434, 437, 439, 440, 442, 443, 447, 449, 450, 451, 452, 455, 456, 457, 458, 461, 463, 469, 471, 472, 476, 477, 478, 480, 481, 482, 483, 485, 486, 487, 494, 498, 500, 501, 503, 504, 506, 507, 513, 516, 517, 519, 521, 522, 523, 525, 527, 530, 532, 534, 535, 541, 542, 544, 545, 547, 550, 551, 552, 554, 558, 559, 560, 564, 572, 573, 576, 577, 578, 579, 580, 583, 586, 589, 590, 591, 592, 595, 598, 601, 602, 604, 607, 608, 611, 613, 614, 616, 617, 619, 621, 622, 627, 632, 633, 634, 636, 639, 644, 645, 646, 651, 652, 653, 655, 656, 657, 659, 661, 662, 663, 665, 666, 668, 670, 671, 672, 674, 676, 679, 681, 682, 683, 685, 687, 688, 689, 690, 691, 693, 695, 697, 699, 700, 703, 706, 711, 712, 714, 716, 720, 721, 725, 727, 728, 730, 732, 735, 736, 742, 743, 744, 746, 748, 749, 751, 752, 753, 756, 758, 760, 761, 762, 764, 765, 766, 767, 770, 772, 773, 775, 777, 779, 780, 782, 783, 785, 787, 789, 792, 793, 794, 795, 797, 800, 802, 804, 807, 811, 812, 814, 818, 820, 821, 823, 825, 830, 831, 833, 834, 835, 836, 837, 843, 846, 847, 849, 850, 851, 852, 853, 854, 857, 860, 863, 864, 867, 874, 876, 877, 881, 882, 883, 884, 887, 892, 893, 894, 895, 896, 897, 899, 902, 903, 905, 907, 908, 912, 915, 920, 921, 923, 924, 926, 928, 930, 932, 937, 938, 939, 941, 942, 943, 945, 946, 948, 950, 951, 953, 955, 958, 959, 960, 964, 965, 966, 968, 970, 975, 978, 979, 983, 985, 986, 987, 989, 990, 991, 993, 1000, 1001, 1008, 1011, 1012, 1014, 1017, 1021, 1023, 1024, 1025, 1026, 1027, 1028, 1029, 1035, 1037, 1038, 1039, 1041, 1042, 1044, 1045, 1046, 1048, 1049, 1050, 1055, 1056, 1057, 1058, 1059, 1060, 1064, 1066, 1068, 1069, 1074, 1076, 1077, 1078, 1081, 1083, 1084, 1086, 1088, 1091, 1093, 1094, 1097, 1099, 1102, 1103, 1106, 1108, 1111, 1115, 1116, 1117, 1119, 1120, 1121, 1123, 1124, 1125, 1128, 1132, 1133, 1137, 1138, 1142, 1144, 1146, 1148, 1151, 1152, 1153, 1154, 1156, 1157, 1163, 1165, 1168, 1173, 1178, 1179, 1183, 1184, 1185, 1187, 1192, 1195, 1201, 1204, 1205, 1207, 1208, 1210, 1212, 1217, 1218, 1220, 1223, 1225, 1226, 1232, 1235, 1236, 1237, 1238, 1239, 1240, 1241, 1242, 1244, 1245, 1246, 1247, 1248, 1249, 1255, 1259, 1260, 1262, 1263, 1264, 1268, 1270, 1273, 1275, 1276, 1277, 1278, 1279, 1280, 1281, 1283, 1286, 1287, 1288, 1289, 1290, 1292, 1294, 1296, 1297, 1299, 1300, 1302, 1303, 1304, 1305, 1306, 1313, 1317, 1321, 1323, 1330, 1334, 1335, 1336, 1337, 1338, 1339, 1341, 1343, 1346, 1347, 1348, 1349, 1350, 1352, 1356, 1357, 1358, 1362, 1363, 1364, 1365, 1369, 1370, 1372, 1373, 1375, 1376, 1379, 1380, 1383, 1386, 1387, 1388, 1389, 1390, 1391, 1392, 1393, 1395, 1396, 1402, 1404, 1406, 1407, 1408, 1409, 1411, 1412, 1414, 1415, 1416, 1418, 1419, 1420, 1421, 1424, 1425, 1428, 1431, 1433, 1436, 1439, 1440, 1441, 1442, 1445, 1446, 1447, 1448, 1449, 1451, 1453, 1454, 1463, 1464, 1466, 1469, 1470, 1474, 1475, 1476, 1477, 1478, 1479, 1480, 1486, 1487, 1488, 1489, 1490, 1493, 1498, 1502, 1503, 1508, 1509, 1510, 1511, 1512, 1519, 1520, 1522, 1523, 1524, 1525, 1527, 1528, 1530, 1532, 1533, 1535, 1536, 1539, 1541, 1542, 1543, 1545, 1547, 1548, 1556, 1557, 1559, 1561, 1563, 1566, 1567, 1569, 1571, 1572, 1573, 1576, 1577, 1578, 1583, 1584, 1585, 1588, 1589, 1591, 1592, 1593, 1594, 1598, 1600, 1605, 1609, 1611, 1612, 1613, 1616, 1619, 1621, 1628, 1630, 1631, 1632, 1636, 1639, 1641, 1644, 1650, 1652, 1653, 1655, 1656, 1660, 1662, 1663, 1664, 1666, 1668, 1671, 1673, 1674, 1675, 1676, 1678, 1679, 1680, 1682, 1683, 1685, 1689, 1691, 1692, 1696, 1698, 1701, 1702, 1704, 1705, 1706, 1707, 1709, 1710, 1715, 1716, 1717, 1718, 1719, 1722, 1723, 1724, 1725, 1726, 1728, 1729, 1731, 1732, 1733, 1734, 1736, 1740, 1743, 1745, 1746, 1747, 1748, 1749, 1750, 1751, 1754, 1755, 1759, 1764, 1765, 1768, 1772, 1773, 1774, 1775, 1776, 1777, 1778, 1779, 1780, 1783, 1786, 1787, 1788, 1790, 1791, 1792, 1793, 1794, 1795, 1796, 1801, 1802, 1803, 1805, 1807, 1808, 1812, 1813, 1817, 1818, 1819, 1821, 1823, 1825, 1828, 1829, 1831, 1832, 1836, 1838, 1839, 1841, 1844, 1846, 1848, 1849, 1853, 1854, 1855, 1859, 1862, 1864, 1865, 1867, 1870, 1871, 1872, 1874, 1875, 1877, 1879, 1884, 1885, 1892, 1894, 1895, 1896, 1897, 1898, 1900, 1901, 1902, 1903, 1904, 1905, 1906, 1909, 1910, 1920, 1921, 1924, 1927, 1929, 1930, 1932, 1936, 1937, 1940, 1941, 1942, 1944, 1945, 1947, 1950, 1953, 1958, 1961, 1963, 1964, 1965, 1967, 1968, 1971, 1972, 1974, 1975, 1976, 1977, 1979, 1980, 1981, 1983, 1985, 1987, 1988, 1991, 1992, 1994, 1995, 1996, 1997, 2000, 2002, 2004, 2005, 2006, 2007, 2009, 2010, 2011, 2013, 2015, 2016, 2018, 2021, 2022, 2026, 2027, 2029, 2030, 2031, 2033, 2034, 2035, 2036, 2037, 2038, 2040, 2041, 2043, 2044, 2046]
node=10 | level=5 | parent=   7 | left=None | right=None | size= 4 | indici originali=[967, 984, 1004, 1009]
node=11 | level=6 | parent=   9 | left=  13 | right=  14 | size=1031 | indici originali=[0, 6, 7, 8, 9, 10, 12, 14, 15, 16, 18, 19, 21, 23, 27, 28, 30, 31, 36, 38, 39, 40, 43, 45, 47, 48, 50, 53, 56, 57, 62, 63, 68, 74, 77, 79, 80, 81, 86, 87, 89, 90, 91, 92, 93, 95, 102, 103, 104, 106, 107, 108, 110, 112, 113, 114, 117, 120, 122, 124, 125, 126, 128, 130, 136, 140, 144, 146, 150, 151, 152, 154, 155, 156, 157, 158, 159, 160, 162, 163, 164, 168, 169, 170, 174, 175, 177, 179, 181, 182, 183, 184, 189, 192, 193, 195, 198, 201, 203, 206, 209, 210, 212, 213, 217, 218, 220, 222, 223, 224, 225, 227, 229, 232, 236, 238, 242, 243, 248, 250, 252, 254, 255, 258, 259, 260, 262, 263, 264, 267, 268, 270, 274, 276, 279, 281, 282, 287, 292, 298, 299, 300, 302, 303, 307, 308, 310, 311, 312, 313, 316, 317, 318, 321, 322, 323, 325, 327, 328, 330, 333, 339, 340, 341, 343, 344, 345, 346, 347, 351, 352, 353, 356, 357, 359, 361, 362, 363, 365, 366, 371, 377, 378, 379, 380, 381, 384, 386, 389, 391, 392, 394, 395, 397, 398, 400, 401, 403, 404, 405, 406, 407, 412, 413, 414, 415, 416, 417, 418, 420, 426, 427, 429, 430, 433, 434, 437, 439, 440, 442, 443, 447, 449, 450, 451, 452, 455, 456, 457, 458, 461, 463, 469, 471, 472, 476, 477, 478, 480, 481, 482, 483, 485, 486, 487, 494, 498, 500, 501, 503, 504, 506, 507, 513, 516, 517, 519, 521, 522, 523, 525, 527, 530, 532, 534, 535, 541, 542, 544, 545, 547, 550, 551, 552, 554, 558, 559, 560, 564, 572, 573, 576, 577, 578, 579, 580, 583, 586, 589, 590, 591, 592, 595, 598, 601, 602, 604, 607, 608, 611, 613, 614, 616, 617, 619, 621, 622, 627, 632, 633, 634, 636, 639, 644, 645, 646, 651, 652, 653, 655, 656, 657, 659, 661, 662, 663, 665, 666, 668, 670, 671, 672, 674, 676, 679, 681, 682, 683, 685, 687, 688, 689, 690, 691, 693, 695, 697, 699, 700, 703, 706, 711, 712, 714, 716, 720, 721, 725, 727, 728, 730, 732, 735, 736, 742, 743, 744, 746, 748, 749, 751, 752, 753, 756, 758, 760, 761, 762, 764, 765, 766, 767, 770, 772, 773, 775, 777, 779, 780, 782, 783, 785, 787, 789, 792, 793, 794, 795, 797, 800, 802, 804, 807, 811, 812, 814, 818, 820, 821, 823, 825, 830, 831, 833, 834, 835, 836, 837, 843, 846, 847, 849, 850, 851, 852, 853, 854, 857, 860, 863, 864, 867, 874, 876, 877, 881, 882, 883, 884, 887, 892, 893, 894, 895, 896, 897, 899, 902, 903, 905, 907, 908, 912, 915, 920, 921, 923, 924, 926, 928, 930, 932, 937, 938, 939, 941, 942, 943, 945, 946, 948, 950, 951, 953, 955, 958, 959, 960, 964, 965, 966, 968, 970, 975, 978, 979, 983, 985, 986, 987, 989, 990, 991, 993, 1000, 1001, 1008, 1011, 1012, 1014, 1017, 1021, 1023, 1024, 1025, 1026, 1027, 1028, 1029, 1035, 1037, 1038, 1039, 1041, 1042, 1044, 1045, 1046, 1048, 1049, 1050, 1055, 1056, 1057, 1058, 1059, 1060, 1064, 1066, 1068, 1069, 1074, 1076, 1077, 1078, 1081, 1083, 1084, 1086, 1088, 1091, 1093, 1094, 1097, 1099, 1102, 1103, 1106, 1108, 1111, 1115, 1116, 1117, 1119, 1120, 1121, 1123, 1124, 1125, 1128, 1132, 1133, 1137, 1138, 1142, 1144, 1146, 1148, 1151, 1152, 1153, 1154, 1156, 1157, 1163, 1165, 1168, 1173, 1178, 1179, 1183, 1184, 1185, 1187, 1192, 1195, 1201, 1204, 1205, 1207, 1208, 1210, 1212, 1217, 1218, 1220, 1223, 1225, 1226, 1232, 1235, 1236, 1237, 1238, 1239, 1240, 1241, 1242, 1244, 1245, 1246, 1247, 1248, 1249, 1255, 1259, 1260, 1262, 1263, 1264, 1268, 1270, 1273, 1275, 1276, 1277, 1278, 1279, 1280, 1281, 1283, 1286, 1287, 1288, 1289, 1290, 1292, 1294, 1296, 1297, 1299, 1300, 1302, 1303, 1304, 1305, 1306, 1313, 1317, 1321, 1323, 1330, 1334, 1335, 1336, 1337, 1338, 1339, 1341, 1343, 1346, 1347, 1348, 1349, 1350, 1352, 1356, 1357, 1358, 1362, 1363, 1364, 1365, 1369, 1370, 1372, 1373, 1375, 1376, 1379, 1380, 1383, 1386, 1387, 1388, 1389, 1390, 1391, 1392, 1393, 1395, 1396, 1402, 1404, 1406, 1407, 1408, 1409, 1411, 1412, 1414, 1415, 1416, 1418, 1419, 1420, 1421, 1424, 1425, 1428, 1431, 1433, 1436, 1439, 1440, 1441, 1442, 1445, 1446, 1447, 1448, 1449, 1451, 1453, 1454, 1463, 1464, 1466, 1469, 1470, 1474, 1475, 1476, 1477, 1478, 1479, 1480, 1486, 1487, 1488, 1489, 1490, 1493, 1498, 1502, 1503, 1508, 1509, 1510, 1511, 1512, 1519, 1520, 1522, 1523, 1524, 1525, 1527, 1528, 1530, 1532, 1533, 1535, 1536, 1539, 1541, 1542, 1543, 1545, 1547, 1548, 1556, 1557, 1559, 1561, 1563, 1566, 1567, 1569, 1571, 1572, 1573, 1576, 1577, 1578, 1583, 1584, 1585, 1588, 1589, 1591, 1592, 1593, 1594, 1598, 1600, 1605, 1609, 1611, 1612, 1613, 1616, 1619, 1621, 1628, 1630, 1631, 1632, 1636, 1639, 1641, 1644, 1650, 1652, 1653, 1655, 1656, 1660, 1662, 1663, 1664, 1666, 1668, 1671, 1673, 1674, 1675, 1676, 1678, 1679, 1680, 1682, 1683, 1685, 1689, 1691, 1692, 1696, 1698, 1701, 1702, 1704, 1705, 1706, 1707, 1709, 1710, 1715, 1716, 1717, 1718, 1719, 1722, 1723, 1724, 1725, 1726, 1728, 1729, 1731, 1732, 1733, 1734, 1736, 1740, 1743, 1745, 1746, 1747, 1748, 1749, 1750, 1751, 1754, 1755, 1759, 1764, 1765, 1768, 1772, 1773, 1774, 1775, 1776, 1777, 1778, 1779, 1780, 1783, 1786, 1787, 1788, 1790, 1791, 1792, 1793, 1794, 1795, 1796, 1801, 1802, 1803, 1805, 1807, 1808, 1812, 1813, 1817, 1818, 1819, 1821, 1823, 1825, 1828, 1829, 1831, 1832, 1836, 1838, 1839, 1841, 1844, 1846, 1848, 1849, 1853, 1854, 1855, 1859, 1862, 1864, 1865, 1867, 1870, 1871, 1872, 1874, 1875, 1877, 1879, 1884, 1885, 1892, 1894, 1895, 1896, 1897, 1898, 1900, 1901, 1902, 1903, 1904, 1905, 1906, 1909, 1910, 1920, 1921, 1924, 1927, 1929, 1930, 1932, 1936, 1937, 1940, 1941, 1942, 1944, 1945, 1947, 1950, 1953, 1958, 1961, 1963, 1964, 1965, 1967, 1968, 1971, 1972, 1974, 1975, 1976, 1977, 1979, 1980, 1981, 1983, 1985, 1987, 1988, 1991, 1992, 1994, 1995, 1996, 1997, 2000, 2002, 2004, 2005, 2006, 2007, 2009, 2010, 2011, 2013, 2015, 2016, 2018, 2021, 2022, 2026, 2027, 2029, 2030, 2031, 2033, 2034, 2035, 2036, 2037, 2038, 2040, 2041, 2043, 2044, 2046]
node=12 | level=6 | parent=   9 | left=None | right=None | size= 5 | indici originali=[46, 58, 85, 99, 118]
node=13 | level=7 | parent=  11 | left=  15 | right=  16 | size=1029 | indici originali=[0, 6, 7, 8, 9, 10, 12, 14, 15, 16, 18, 19, 21, 23, 27, 28, 30, 31, 36, 38, 39, 40, 43, 45, 47, 48, 50, 53, 56, 57, 62, 63, 68, 74, 77, 79, 80, 81, 86, 87, 89, 90, 91, 92, 93, 95, 102, 103, 104, 106, 107, 108, 110, 112, 113, 114, 117, 120, 122, 124, 125, 126, 128, 130, 136, 140, 144, 146, 150, 151, 152, 154, 155, 156, 157, 158, 159, 160, 162, 163, 164, 168, 169, 170, 174, 175, 177, 179, 181, 182, 183, 184, 189, 192, 193, 195, 198, 201, 203, 209, 210, 212, 213, 217, 218, 220, 222, 223, 224, 225, 227, 229, 232, 236, 238, 242, 243, 250, 252, 254, 255, 258, 259, 260, 262, 263, 264, 267, 268, 270, 274, 276, 279, 281, 282, 287, 292, 298, 299, 300, 302, 303, 307, 308, 310, 311, 312, 313, 316, 317, 318, 321, 322, 323, 325, 327, 328, 330, 333, 339, 340, 341, 343, 344, 345, 346, 347, 351, 352, 353, 356, 357, 359, 361, 362, 363, 365, 366, 371, 377, 378, 379, 380, 381, 384, 386, 389, 391, 392, 394, 395, 397, 398, 400, 401, 403, 404, 405, 406, 407, 412, 413, 414, 415, 416, 417, 418, 420, 426, 427, 429, 430, 433, 434, 437, 439, 440, 442, 443, 447, 449, 450, 451, 452, 455, 456, 457, 458, 461, 463, 469, 471, 472, 476, 477, 478, 480, 481, 482, 483, 485, 486, 487, 494, 498, 500, 501, 503, 504, 506, 507, 513, 516, 517, 519, 521, 522, 523, 525, 527, 530, 532, 534, 535, 541, 542, 544, 545, 547, 550, 551, 552, 554, 558, 559, 560, 564, 572, 573, 576, 577, 578, 579, 580, 583, 586, 589, 590, 591, 592, 595, 598, 601, 602, 604, 607, 608, 611, 613, 614, 616, 617, 619, 621, 622, 627, 632, 633, 634, 636, 639, 644, 645, 646, 651, 652, 653, 655, 656, 657, 659, 661, 662, 663, 665, 666, 668, 670, 671, 672, 674, 676, 679, 681, 682, 683, 685, 687, 688, 689, 690, 691, 693, 695, 697, 699, 700, 703, 706, 711, 712, 714, 716, 720, 721, 725, 727, 728, 730, 732, 735, 736, 742, 743, 744, 746, 748, 749, 751, 752, 753, 756, 758, 760, 761, 762, 764, 765, 766, 767, 770, 772, 773, 775, 777, 779, 780, 782, 783, 785, 787, 789, 792, 793, 794, 795, 797, 800, 802, 804, 807, 811, 812, 814, 818, 820, 821, 823, 825, 830, 831, 833, 834, 835, 836, 837, 843, 846, 847, 849, 850, 851, 852, 853, 854, 857, 860, 863, 864, 867, 874, 876, 877, 881, 882, 883, 884, 887, 892, 893, 894, 895, 896, 897, 899, 902, 903, 905, 907, 908, 912, 915, 920, 921, 923, 924, 926, 928, 930, 932, 937, 938, 939, 941, 942, 943, 945, 946, 948, 950, 951, 953, 955, 958, 959, 960, 964, 965, 966, 968, 970, 975, 978, 979, 983, 985, 986, 987, 989, 990, 991, 993, 1000, 1001, 1008, 1011, 1012, 1014, 1017, 1021, 1023, 1024, 1025, 1026, 1027, 1028, 1029, 1035, 1037, 1038, 1039, 1041, 1042, 1044, 1045, 1046, 1048, 1049, 1050, 1055, 1056, 1057, 1058, 1059, 1060, 1064, 1066, 1068, 1069, 1074, 1076, 1077, 1078, 1081, 1083, 1084, 1086, 1088, 1091, 1093, 1094, 1097, 1099, 1102, 1103, 1106, 1108, 1111, 1115, 1116, 1117, 1119, 1120, 1121, 1123, 1124, 1125, 1128, 1132, 1133, 1137, 1138, 1142, 1144, 1146, 1148, 1151, 1152, 1153, 1154, 1156, 1157, 1163, 1165, 1168, 1173, 1178, 1179, 1183, 1184, 1185, 1187, 1192, 1195, 1201, 1204, 1205, 1207, 1208, 1210, 1212, 1217, 1218, 1220, 1223, 1225, 1226, 1232, 1235, 1236, 1237, 1238, 1239, 1240, 1241, 1242, 1244, 1245, 1246, 1247, 1248, 1249, 1255, 1259, 1260, 1262, 1263, 1264, 1268, 1270, 1273, 1275, 1276, 1277, 1278, 1279, 1280, 1281, 1283, 1286, 1287, 1288, 1289, 1290, 1292, 1294, 1296, 1297, 1299, 1300, 1302, 1303, 1304, 1305, 1306, 1313, 1317, 1321, 1323, 1330, 1334, 1335, 1336, 1337, 1338, 1339, 1341, 1343, 1346, 1347, 1348, 1349, 1350, 1352, 1356, 1357, 1358, 1362, 1363, 1364, 1365, 1369, 1370, 1372, 1373, 1375, 1376, 1379, 1380, 1383, 1386, 1387, 1388, 1389, 1390, 1391, 1392, 1393, 1395, 1396, 1402, 1404, 1406, 1407, 1408, 1409, 1411, 1412, 1414, 1415, 1416, 1418, 1419, 1420, 1421, 1424, 1425, 1428, 1431, 1433, 1436, 1439, 1440, 1441, 1442, 1445, 1446, 1447, 1448, 1449, 1451, 1453, 1454, 1463, 1464, 1466, 1469, 1470, 1474, 1475, 1476, 1477, 1478, 1479, 1480, 1486, 1487, 1488, 1489, 1490, 1493, 1498, 1502, 1503, 1508, 1509, 1510, 1511, 1512, 1519, 1520, 1522, 1523, 1524, 1525, 1527, 1528, 1530, 1532, 1533, 1535, 1536, 1539, 1541, 1542, 1543, 1545, 1547, 1548, 1556, 1557, 1559, 1561, 1563, 1566, 1567, 1569, 1571, 1572, 1573, 1576, 1577, 1578, 1583, 1584, 1585, 1588, 1589, 1591, 1592, 1593, 1594, 1598, 1600, 1605, 1609, 1611, 1612, 1613, 1616, 1619, 1621, 1628, 1630, 1631, 1632, 1636, 1639, 1641, 1644, 1650, 1652, 1653, 1655, 1656, 1660, 1662, 1663, 1664, 1666, 1668, 1671, 1673, 1674, 1675, 1676, 1678, 1679, 1680, 1682, 1683, 1685, 1689, 1691, 1692, 1696, 1698, 1701, 1702, 1704, 1705, 1706, 1707, 1709, 1710, 1715, 1716, 1717, 1718, 1719, 1722, 1723, 1724, 1725, 1726, 1728, 1729, 1731, 1732, 1733, 1734, 1736, 1740, 1743, 1745, 1746, 1747, 1748, 1749, 1750, 1751, 1754, 1755, 1759, 1764, 1765, 1768, 1772, 1773, 1774, 1775, 1776, 1777, 1778, 1779, 1780, 1783, 1786, 1787, 1788, 1790, 1791, 1792, 1793, 1794, 1795, 1796, 1801, 1802, 1803, 1805, 1807, 1808, 1812, 1813, 1817, 1818, 1819, 1821, 1823, 1825, 1828, 1829, 1831, 1832, 1836, 1838, 1839, 1841, 1844, 1846, 1848, 1849, 1853, 1854, 1855, 1859, 1862, 1864, 1865, 1867, 1870, 1871, 1872, 1874, 1875, 1877, 1879, 1884, 1885, 1892, 1894, 1895, 1896, 1897, 1898, 1900, 1901, 1902, 1903, 1904, 1905, 1906, 1909, 1910, 1920, 1921, 1924, 1927, 1929, 1930, 1932, 1936, 1937, 1940, 1941, 1942, 1944, 1945, 1947, 1950, 1953, 1958, 1961, 1963, 1964, 1965, 1967, 1968, 1971, 1972, 1974, 1975, 1976, 1977, 1979, 1980, 1981, 1983, 1985, 1987, 1988, 1991, 1992, 1994, 1995, 1996, 1997, 2000, 2002, 2004, 2005, 2006, 2007, 2009, 2010, 2011, 2013, 2015, 2016, 2018, 2021, 2022, 2026, 2027, 2029, 2030, 2031, 2033, 2034, 2035, 2036, 2037, 2038, 2040, 2041, 2043, 2044, 2046]
node=14 | level=7 | parent=  11 | left=None | right=None | size= 2 | indici originali=[206, 248]
node=15 | level=8 | parent=  13 | left=  17 | right=  18 | size=1003 | indici originali=[0, 6, 7, 8, 9, 10, 12, 14, 15, 16, 18, 19, 21, 23, 27, 28, 30, 31, 36, 38, 39, 40, 43, 45, 47, 48, 50, 53, 56, 57, 62, 63, 68, 74, 77, 79, 80, 81, 86, 87, 89, 90, 91, 92, 93, 95, 102, 103, 104, 106, 107, 108, 110, 112, 113, 114, 117, 120, 122, 124, 125, 126, 128, 130, 136, 140, 144, 146, 150, 151, 152, 154, 155, 156, 157, 158, 159, 160, 162, 163, 164, 168, 169, 170, 174, 175, 177, 179, 181, 182, 183, 184, 189, 192, 193, 195, 198, 201, 203, 209, 210, 212, 213, 217, 218, 220, 222, 223, 224, 225, 227, 229, 232, 236, 238, 242, 243, 250, 252, 254, 255, 258, 259, 260, 262, 263, 264, 267, 268, 270, 274, 276, 279, 281, 282, 287, 292, 298, 299, 300, 302, 303, 307, 308, 310, 311, 312, 313, 316, 317, 318, 321, 322, 323, 325, 327, 328, 330, 333, 339, 340, 341, 343, 344, 345, 346, 347, 351, 352, 353, 356, 357, 359, 361, 362, 363, 365, 366, 371, 377, 378, 379, 380, 381, 384, 386, 389, 391, 392, 394, 395, 397, 398, 400, 401, 403, 404, 405, 406, 407, 412, 413, 414, 415, 416, 417, 418, 420, 426, 427, 429, 430, 433, 434, 437, 439, 440, 442, 443, 447, 449, 450, 451, 452, 455, 456, 457, 458, 461, 463, 469, 471, 472, 476, 477, 478, 480, 481, 482, 483, 485, 486, 487, 494, 498, 500, 501, 503, 504, 506, 507, 513, 516, 517, 519, 521, 522, 523, 525, 527, 530, 532, 534, 535, 541, 542, 544, 545, 547, 550, 551, 552, 554, 558, 559, 560, 564, 572, 573, 576, 577, 578, 579, 580, 583, 586, 589, 590, 591, 592, 595, 598, 601, 602, 604, 607, 608, 611, 613, 614, 616, 617, 619, 621, 622, 627, 632, 633, 634, 636, 639, 644, 645, 646, 651, 652, 653, 655, 656, 657, 659, 661, 662, 663, 665, 666, 668, 670, 671, 672, 674, 676, 679, 681, 682, 683, 685, 687, 688, 689, 690, 691, 693, 695, 697, 699, 700, 703, 706, 711, 712, 714, 716, 720, 721, 725, 727, 728, 730, 732, 735, 736, 742, 743, 744, 746, 748, 749, 751, 752, 753, 756, 758, 760, 761, 762, 764, 765, 766, 767, 770, 772, 773, 775, 777, 779, 780, 782, 783, 785, 787, 789, 792, 793, 794, 795, 797, 800, 802, 804, 807, 811, 812, 814, 818, 820, 821, 823, 825, 830, 831, 833, 834, 835, 836, 837, 843, 846, 847, 849, 850, 851, 852, 853, 854, 857, 860, 863, 864, 867, 874, 876, 877, 881, 882, 883, 884, 887, 892, 893, 894, 895, 896, 897, 899, 902, 903, 905, 907, 908, 912, 915, 920, 921, 923, 924, 926, 928, 930, 932, 937, 938, 939, 941, 942, 943, 945, 946, 948, 950, 951, 953, 955, 959, 960, 964, 965, 966, 968, 970, 975, 978, 979, 983, 985, 986, 987, 989, 990, 991, 993, 1000, 1001, 1008, 1011, 1012, 1014, 1017, 1021, 1023, 1024, 1025, 1026, 1027, 1028, 1029, 1035, 1037, 1038, 1039, 1041, 1042, 1044, 1045, 1046, 1048, 1050, 1055, 1056, 1057, 1058, 1059, 1060, 1064, 1066, 1068, 1069, 1074, 1076, 1077, 1078, 1081, 1083, 1084, 1086, 1088, 1091, 1093, 1094, 1097, 1099, 1102, 1103, 1106, 1108, 1111, 1115, 1116, 1117, 1119, 1120, 1121, 1123, 1124, 1125, 1128, 1132, 1133, 1137, 1138, 1142, 1144, 1146, 1148, 1151, 1152, 1153, 1154, 1156, 1157, 1163, 1165, 1168, 1173, 1178, 1179, 1183, 1184, 1185, 1187, 1192, 1195, 1201, 1204, 1205, 1207, 1208, 1210, 1212, 1217, 1218, 1220, 1223, 1225, 1226, 1232, 1235, 1236, 1237, 1238, 1239, 1240, 1241, 1242, 1244, 1245, 1246, 1247, 1248, 1249, 1255, 1259, 1260, 1262, 1263, 1264, 1268, 1270, 1273, 1275, 1276, 1277, 1278, 1279, 1280, 1281, 1283, 1286, 1287, 1288, 1289, 1290, 1292, 1294, 1296, 1297, 1299, 1300, 1302, 1303, 1304, 1305, 1306, 1313, 1317, 1321, 1323, 1330, 1334, 1335, 1336, 1337, 1338, 1339, 1341, 1343, 1346, 1347, 1348, 1349, 1350, 1352, 1356, 1357, 1358, 1362, 1363, 1364, 1365, 1369, 1370, 1372, 1373, 1375, 1376, 1379, 1380, 1383, 1386, 1387, 1388, 1389, 1390, 1391, 1392, 1393, 1395, 1396, 1402, 1404, 1406, 1407, 1408, 1409, 1411, 1412, 1414, 1415, 1416, 1418, 1419, 1420, 1421, 1424, 1425, 1428, 1431, 1433, 1436, 1439, 1440, 1441, 1442, 1445, 1446, 1447, 1448, 1449, 1451, 1453, 1454, 1463, 1464, 1466, 1469, 1470, 1474, 1475, 1476, 1477, 1478, 1479, 1480, 1486, 1487, 1488, 1489, 1490, 1493, 1498, 1502, 1503, 1508, 1509, 1510, 1511, 1512, 1519, 1520, 1522, 1523, 1524, 1525, 1527, 1528, 1530, 1532, 1533, 1535, 1536, 1539, 1541, 1542, 1543, 1545, 1547, 1548, 1556, 1557, 1559, 1561, 1563, 1566, 1567, 1569, 1571, 1572, 1573, 1576, 1577, 1578, 1583, 1584, 1585, 1588, 1589, 1591, 1592, 1593, 1594, 1598, 1600, 1605, 1609, 1611, 1612, 1613, 1616, 1619, 1621, 1628, 1630, 1631, 1632, 1636, 1639, 1641, 1644, 1650, 1652, 1653, 1655, 1656, 1660, 1662, 1663, 1664, 1666, 1668, 1671, 1673, 1674, 1675, 1678, 1680, 1682, 1689, 1692, 1696, 1698, 1701, 1702, 1704, 1705, 1706, 1707, 1710, 1716, 1718, 1719, 1723, 1724, 1725, 1728, 1732, 1733, 1734, 1736, 1740, 1743, 1748, 1749, 1751, 1764, 1772, 1773, 1774, 1775, 1776, 1777, 1778, 1779, 1780, 1788, 1790, 1791, 1792, 1793, 1794, 1795, 1796, 1801, 1802, 1803, 1805, 1807, 1808, 1812, 1813, 1817, 1818, 1819, 1821, 1823, 1825, 1828, 1829, 1831, 1832, 1836, 1838, 1839, 1841, 1844, 1846, 1848, 1849, 1853, 1854, 1855, 1859, 1862, 1864, 1865, 1867, 1870, 1871, 1872, 1874, 1875, 1877, 1879, 1884, 1885, 1892, 1894, 1895, 1896, 1897, 1898, 1900, 1901, 1902, 1903, 1904, 1905, 1906, 1909, 1910, 1920, 1921, 1924, 1927, 1929, 1930, 1932, 1936, 1937, 1940, 1941, 1942, 1944, 1945, 1947, 1950, 1953, 1958, 1961, 1963, 1964, 1965, 1967, 1968, 1971, 1972, 1974, 1975, 1976, 1977, 1979, 1980, 1981, 1983, 1985, 1987, 1988, 1991, 1992, 1994, 1995, 1996, 1997, 2000, 2002, 2004, 2005, 2006, 2007, 2009, 2010, 2011, 2013, 2015, 2016, 2018, 2021, 2022, 2026, 2027, 2029, 2030, 2031, 2033, 2034, 2035, 2036, 2037, 2038, 2040, 2041, 2043, 2044, 2046]
node=16 | level=8 | parent=  13 | left=None | right=None | size=26 | indici originali=[958, 1049, 1676, 1679, 1683, 1685, 1691, 1709, 1715, 1717, 1722, 1726, 1729, 1731, 1745, 1746, 1747, 1750, 1754, 1755, 1759, 1765, 1768, 1783, 1786, 1787]
node=17 | level=9 | parent=  15 | left=  19 | right=  20 | size=1000 | indici originali=[0, 6, 7, 8, 9, 10, 12, 14, 15, 16, 18, 19, 21, 23, 27, 28, 30, 31, 36, 38, 39, 40, 43, 45, 47, 48, 50, 53, 56, 57, 62, 63, 68, 74, 77, 79, 80, 81, 86, 87, 89, 90, 91, 92, 93, 95, 102, 103, 104, 106, 107, 108, 110, 112, 113, 114, 117, 120, 122, 124, 125, 126, 128, 130, 136, 140, 144, 146, 150, 151, 152, 154, 155, 156, 157, 158, 159, 160, 162, 163, 164, 168, 169, 170, 174, 175, 177, 179, 181, 182, 183, 184, 189, 192, 193, 195, 198, 201, 203, 209, 210, 212, 213, 217, 218, 220, 222, 223, 224, 225, 227, 229, 232, 236, 238, 242, 243, 250, 252, 254, 255, 258, 259, 260, 262, 263, 264, 267, 268, 270, 274, 276, 279, 281, 282, 287, 292, 298, 299, 300, 302, 303, 307, 308, 310, 311, 312, 313, 316, 317, 318, 321, 322, 323, 325, 327, 328, 330, 333, 339, 340, 341, 343, 344, 345, 346, 347, 351, 352, 353, 356, 357, 359, 361, 362, 363, 365, 366, 371, 377, 378, 379, 380, 381, 384, 386, 389, 391, 392, 394, 395, 397, 398, 400, 401, 403, 404, 405, 406, 407, 412, 413, 414, 415, 416, 417, 418, 420, 426, 427, 429, 430, 433, 434, 437, 439, 440, 442, 443, 447, 449, 450, 451, 452, 455, 456, 457, 458, 461, 463, 469, 471, 472, 476, 477, 478, 480, 481, 482, 483, 485, 486, 487, 494, 498, 500, 501, 503, 504, 506, 507, 513, 516, 517, 519, 521, 522, 523, 525, 527, 530, 532, 534, 535, 541, 542, 544, 545, 547, 550, 551, 552, 554, 558, 559, 560, 564, 572, 573, 576, 577, 578, 579, 580, 583, 586, 589, 590, 591, 592, 595, 598, 601, 602, 604, 607, 608, 611, 613, 614, 616, 617, 619, 621, 622, 627, 632, 633, 634, 636, 639, 644, 645, 646, 651, 652, 653, 655, 656, 657, 659, 661, 662, 663, 665, 666, 668, 670, 671, 672, 674, 676, 679, 681, 682, 683, 685, 687, 688, 689, 690, 691, 693, 695, 697, 699, 700, 703, 706, 711, 712, 714, 716, 720, 721, 725, 727, 728, 730, 732, 735, 736, 742, 743, 744, 746, 748, 749, 751, 752, 753, 756, 758, 760, 761, 762, 764, 765, 766, 767, 770, 772, 773, 775, 777, 779, 780, 782, 783, 785, 787, 789, 792, 793, 794, 795, 797, 800, 802, 804, 807, 811, 812, 814, 818, 820, 821, 823, 825, 830, 831, 833, 834, 835, 836, 837, 843, 846, 847, 849, 850, 851, 852, 853, 854, 857, 860, 863, 864, 867, 874, 876, 877, 881, 882, 883, 884, 887, 892, 893, 894, 895, 896, 897, 899, 902, 903, 905, 907, 908, 912, 915, 920, 921, 923, 924, 926, 928, 930, 932, 937, 938, 939, 941, 942, 943, 945, 946, 948, 950, 951, 953, 955, 959, 960, 964, 965, 966, 968, 970, 975, 978, 979, 983, 985, 986, 987, 989, 990, 991, 993, 1000, 1001, 1008, 1011, 1012, 1014, 1017, 1021, 1023, 1024, 1025, 1026, 1027, 1028, 1029, 1035, 1037, 1038, 1039, 1041, 1042, 1044, 1045, 1046, 1048, 1050, 1055, 1056, 1057, 1058, 1059, 1060, 1064, 1066, 1068, 1069, 1074, 1076, 1077, 1078, 1081, 1083, 1084, 1086, 1088, 1091, 1093, 1094, 1097, 1099, 1102, 1103, 1106, 1108, 1111, 1115, 1116, 1117, 1119, 1120, 1121, 1123, 1124, 1125, 1128, 1132, 1133, 1137, 1138, 1142, 1144, 1146, 1148, 1151, 1152, 1153, 1154, 1156, 1157, 1163, 1165, 1168, 1173, 1178, 1179, 1183, 1184, 1185, 1187, 1192, 1195, 1201, 1204, 1205, 1207, 1208, 1210, 1212, 1217, 1218, 1220, 1223, 1225, 1226, 1232, 1235, 1236, 1237, 1238, 1239, 1240, 1241, 1242, 1244, 1245, 1246, 1247, 1248, 1249, 1255, 1259, 1260, 1262, 1263, 1264, 1268, 1270, 1273, 1275, 1276, 1277, 1278, 1279, 1280, 1281, 1283, 1286, 1287, 1288, 1289, 1290, 1292, 1294, 1296, 1297, 1299, 1300, 1302, 1303, 1304, 1305, 1306, 1313, 1317, 1321, 1323, 1330, 1334, 1335, 1336, 1337, 1338, 1339, 1341, 1343, 1346, 1347, 1348, 1349, 1350, 1352, 1356, 1357, 1358, 1362, 1363, 1364, 1365, 1369, 1370, 1372, 1373, 1375, 1376, 1379, 1380, 1383, 1386, 1387, 1388, 1389, 1390, 1391, 1392, 1393, 1395, 1396, 1402, 1404, 1406, 1407, 1408, 1409, 1411, 1412, 1414, 1415, 1416, 1418, 1419, 1420, 1421, 1424, 1425, 1428, 1431, 1433, 1436, 1439, 1440, 1441, 1442, 1445, 1447, 1449, 1451, 1453, 1454, 1463, 1464, 1466, 1469, 1470, 1474, 1475, 1476, 1477, 1478, 1479, 1480, 1486, 1487, 1488, 1489, 1490, 1493, 1498, 1502, 1503, 1508, 1509, 1511, 1512, 1519, 1520, 1522, 1523, 1524, 1525, 1527, 1528, 1530, 1532, 1533, 1535, 1536, 1539, 1541, 1542, 1543, 1545, 1547, 1548, 1556, 1557, 1559, 1561, 1563, 1566, 1567, 1569, 1571, 1572, 1573, 1576, 1577, 1578, 1583, 1584, 1585, 1588, 1589, 1591, 1592, 1593, 1594, 1598, 1600, 1605, 1609, 1611, 1612, 1613, 1616, 1619, 1621, 1628, 1630, 1631, 1632, 1636, 1639, 1641, 1644, 1650, 1652, 1653, 1655, 1656, 1660, 1662, 1663, 1664, 1666, 1668, 1671, 1673, 1674, 1675, 1678, 1680, 1682, 1689, 1692, 1696, 1698, 1701, 1702, 1704, 1705, 1706, 1707, 1710, 1716, 1718, 1719, 1723, 1724, 1725, 1728, 1732, 1733, 1734, 1736, 1740, 1743, 1748, 1749, 1751, 1764, 1772, 1773, 1774, 1775, 1776, 1777, 1778, 1779, 1780, 1788, 1790, 1791, 1792, 1793, 1794, 1795, 1796, 1801, 1802, 1803, 1805, 1807, 1808, 1812, 1813, 1817, 1818, 1819, 1821, 1823, 1825, 1828, 1829, 1831, 1832, 1836, 1838, 1839, 1841, 1844, 1846, 1848, 1849, 1853, 1854, 1855, 1859, 1862, 1864, 1865, 1867, 1870, 1871, 1872, 1874, 1875, 1877, 1879, 1884, 1885, 1892, 1894, 1895, 1896, 1897, 1898, 1900, 1901, 1902, 1903, 1904, 1905, 1906, 1909, 1910, 1920, 1921, 1924, 1927, 1929, 1930, 1932, 1936, 1937, 1940, 1941, 1942, 1944, 1945, 1947, 1950, 1953, 1958, 1961, 1963, 1964, 1965, 1967, 1968, 1971, 1972, 1974, 1975, 1976, 1977, 1979, 1980, 1981, 1983, 1985, 1987, 1988, 1991, 1992, 1994, 1995, 1996, 1997, 2000, 2002, 2004, 2005, 2006, 2007, 2009, 2010, 2011, 2013, 2015, 2016, 2018, 2021, 2022, 2026, 2027, 2029, 2030, 2031, 2033, 2034, 2035, 2036, 2037, 2038, 2040, 2041, 2043, 2044, 2046]
node=18 | level=9 | parent=  15 | left=None | right=None | size= 3 | indici originali=[1446, 1448, 1510]
node=19 | level=10 | parent=  17 | left=  23 | right=  24 | size=985 | indici originali=[0, 6, 7, 8, 9, 10, 12, 14, 15, 16, 18, 19, 21, 23, 27, 28, 30, 31, 36, 38, 39, 40, 43, 45, 47, 48, 50, 53, 56, 57, 62, 63, 68, 74, 77, 79, 80, 81, 86, 87, 89, 90, 91, 92, 93, 95, 102, 103, 104, 106, 107, 108, 110, 112, 113, 114, 117, 120, 122, 124, 125, 126, 128, 130, 136, 140, 144, 146, 150, 151, 152, 154, 155, 156, 157, 158, 159, 160, 162, 163, 164, 168, 169, 170, 174, 175, 177, 179, 181, 182, 183, 184, 189, 192, 193, 195, 198, 201, 203, 209, 210, 212, 213, 217, 218, 220, 222, 223, 224, 225, 227, 229, 232, 236, 238, 242, 243, 250, 252, 254, 255, 258, 259, 260, 262, 263, 264, 267, 268, 270, 274, 276, 279, 281, 282, 287, 292, 298, 299, 300, 302, 303, 307, 308, 310, 311, 312, 313, 316, 317, 318, 321, 322, 323, 325, 327, 328, 330, 333, 339, 340, 341, 343, 344, 345, 346, 347, 351, 352, 353, 356, 357, 359, 361, 362, 363, 365, 366, 371, 377, 378, 379, 380, 381, 384, 386, 389, 391, 392, 394, 395, 397, 398, 400, 401, 403, 404, 405, 406, 407, 412, 413, 414, 415, 416, 417, 418, 420, 426, 427, 429, 430, 433, 434, 437, 439, 440, 442, 443, 447, 449, 450, 451, 452, 455, 456, 457, 458, 461, 463, 469, 471, 472, 476, 477, 478, 480, 481, 482, 483, 485, 486, 487, 494, 498, 500, 501, 503, 504, 506, 507, 513, 516, 517, 519, 521, 522, 523, 525, 527, 530, 532, 534, 535, 541, 542, 544, 545, 547, 550, 551, 552, 554, 558, 559, 560, 564, 572, 573, 576, 577, 578, 579, 580, 583, 586, 589, 590, 591, 592, 595, 598, 601, 602, 604, 607, 608, 611, 613, 614, 616, 617, 619, 621, 622, 627, 632, 633, 634, 636, 639, 645, 646, 651, 652, 653, 655, 656, 657, 659, 661, 662, 663, 665, 666, 668, 670, 671, 672, 674, 676, 679, 681, 682, 683, 685, 687, 688, 689, 690, 691, 693, 695, 697, 699, 700, 703, 706, 711, 712, 714, 716, 720, 721, 725, 727, 728, 730, 732, 735, 736, 742, 743, 744, 746, 748, 749, 751, 752, 753, 756, 758, 760, 761, 762, 764, 765, 766, 767, 770, 772, 773, 775, 777, 779, 780, 782, 783, 785, 787, 789, 792, 793, 794, 795, 797, 800, 802, 804, 807, 811, 812, 814, 818, 820, 821, 823, 825, 830, 831, 833, 834, 835, 836, 837, 843, 846, 847, 849, 850, 851, 852, 853, 854, 857, 860, 863, 864, 867, 874, 876, 877, 881, 882, 883, 884, 887, 892, 893, 894, 895, 896, 897, 899, 902, 903, 905, 907, 908, 912, 915, 920, 921, 923, 924, 926, 930, 932, 937, 938, 939, 941, 942, 943, 945, 946, 948, 950, 951, 953, 955, 959, 960, 964, 965, 966, 968, 970, 975, 978, 979, 983, 985, 986, 987, 989, 991, 993, 1000, 1001, 1008, 1011, 1012, 1014, 1017, 1021, 1023, 1024, 1026, 1027, 1028, 1029, 1035, 1037, 1038, 1039, 1041, 1042, 1045, 1046, 1048, 1050, 1055, 1056, 1057, 1058, 1060, 1064, 1066, 1068, 1069, 1074, 1076, 1077, 1078, 1081, 1083, 1084, 1086, 1088, 1091, 1094, 1097, 1099, 1102, 1103, 1106, 1108, 1111, 1115, 1116, 1117, 1119, 1120, 1121, 1123, 1128, 1132, 1133, 1137, 1138, 1142, 1144, 1146, 1148, 1151, 1152, 1154, 1156, 1157, 1163, 1165, 1168, 1173, 1178, 1183, 1184, 1185, 1187, 1192, 1195, 1201, 1204, 1205, 1207, 1208, 1210, 1212, 1217, 1220, 1223, 1225, 1226, 1232, 1236, 1237, 1238, 1239, 1240, 1241, 1242, 1244, 1245, 1247, 1248, 1249, 1255, 1259, 1260, 1262, 1263, 1264, 1268, 1270, 1273, 1275, 1277, 1278, 1279, 1280, 1281, 1283, 1286, 1287, 1288, 1289, 1290, 1292, 1294, 1296, 1297, 1299, 1300, 1302, 1303, 1304, 1305, 1306, 1313, 1317, 1321, 1323, 1330, 1334, 1335, 1336, 1337, 1338, 1339, 1341, 1343, 1346, 1347, 1348, 1349, 1350, 1352, 1356, 1357, 1358, 1362, 1363, 1364, 1365, 1369, 1370, 1372, 1373, 1375, 1376, 1379, 1380, 1383, 1386, 1387, 1388, 1389, 1390, 1391, 1392, 1393, 1395, 1396, 1402, 1404, 1406, 1407, 1408, 1409, 1411, 1412, 1414, 1415, 1416, 1418, 1419, 1420, 1421, 1424, 1425, 1428, 1431, 1433, 1436, 1439, 1440, 1441, 1442, 1445, 1447, 1449, 1451, 1453, 1454, 1463, 1464, 1466, 1469, 1470, 1474, 1475, 1476, 1477, 1478, 1479, 1480, 1486, 1487, 1488, 1489, 1490, 1493, 1498, 1502, 1503, 1508, 1509, 1511, 1512, 1519, 1520, 1522, 1523, 1524, 1525, 1527, 1528, 1530, 1532, 1533, 1535, 1536, 1539, 1541, 1542, 1543, 1545, 1547, 1548, 1556, 1557, 1559, 1561, 1563, 1566, 1567, 1569, 1571, 1572, 1573, 1576, 1577, 1578, 1583, 1584, 1585, 1588, 1589, 1591, 1592, 1593, 1594, 1598, 1600, 1605, 1609, 1611, 1612, 1613, 1616, 1619, 1621, 1628, 1630, 1631, 1632, 1636, 1639, 1641, 1644, 1650, 1652, 1653, 1655, 1656, 1660, 1662, 1663, 1664, 1666, 1668, 1671, 1673, 1674, 1675, 1678, 1680, 1682, 1689, 1692, 1696, 1698, 1701, 1702, 1704, 1705, 1706, 1707, 1710, 1716, 1718, 1719, 1723, 1724, 1725, 1728, 1732, 1733, 1734, 1736, 1740, 1743, 1748, 1749, 1751, 1764, 1772, 1773, 1774, 1775, 1776, 1777, 1778, 1779, 1780, 1788, 1790, 1791, 1792, 1793, 1794, 1795, 1796, 1801, 1802, 1803, 1805, 1807, 1808, 1812, 1813, 1817, 1818, 1819, 1821, 1823, 1825, 1828, 1829, 1831, 1832, 1836, 1838, 1839, 1841, 1844, 1846, 1848, 1849, 1853, 1854, 1855, 1859, 1862, 1864, 1865, 1867, 1870, 1871, 1872, 1874, 1875, 1877, 1879, 1884, 1885, 1892, 1894, 1895, 1896, 1897, 1898, 1900, 1901, 1902, 1903, 1904, 1905, 1906, 1909, 1910, 1920, 1921, 1924, 1927, 1929, 1930, 1932, 1936, 1937, 1940, 1941, 1942, 1944, 1945, 1947, 1950, 1953, 1958, 1961, 1963, 1964, 1965, 1967, 1968, 1971, 1972, 1974, 1975, 1976, 1977, 1979, 1980, 1981, 1983, 1985, 1987, 1988, 1991, 1992, 1994, 1995, 1996, 1997, 2000, 2002, 2004, 2005, 2006, 2007, 2009, 2010, 2011, 2013, 2015, 2016, 2018, 2021, 2022, 2026, 2027, 2029, 2030, 2031, 2033, 2034, 2035, 2036, 2037, 2038, 2040, 2041, 2043, 2044, 2046]
node=20 | level=10 | parent=  17 | left=None | right=None | size=15 | indici originali=[644, 928, 990, 1025, 1044, 1059, 1093, 1124, 1125, 1153, 1179, 1218, 1235, 1246, 1276]
node=21 | level=2 | parent=   2 | left=  25 | right=  26 | size=985 | indici originali=[1, 2, 3, 4, 5, 11, 13, 17, 20, 22, 24, 25, 26, 29, 32, 33, 34, 35, 37, 41, 42, 44, 49, 51, 52, 54, 55, 59, 60, 61, 64, 65, 66, 67, 69, 70, 71, 72, 73, 75, 76, 78, 82, 83, 84, 88, 94, 96, 97, 98, 100, 101, 105, 109, 111, 115, 116, 119, 121, 123, 127, 129, 131, 132, 133, 134, 135, 137, 138, 139, 141, 142, 143, 145, 147, 148, 149, 153, 161, 165, 166, 167, 171, 172, 173, 176, 178, 180, 185, 186, 187, 188, 190, 191, 194, 196, 197, 199, 200, 202, 204, 205, 207, 208, 211, 214, 215, 216, 219, 221, 226, 228, 230, 231, 233, 234, 235, 237, 239, 240, 241, 244, 245, 246, 247, 249, 251, 253, 256, 257, 261, 265, 266, 269, 271, 272, 273, 275, 277, 278, 280, 283, 284, 285, 286, 288, 289, 290, 291, 293, 294, 295, 296, 297, 301, 304, 305, 306, 309, 314, 315, 319, 320, 324, 326, 329, 331, 332, 334, 335, 336, 337, 338, 342, 348, 349, 350, 354, 355, 358, 360, 364, 367, 368, 369, 370, 372, 373, 374, 375, 376, 382, 383, 385, 387, 388, 393, 396, 399, 402, 408, 409, 410, 411, 419, 421, 422, 423, 424, 425, 428, 431, 432, 435, 436, 438, 444, 445, 446, 448, 453, 454, 459, 460, 462, 464, 465, 467, 468, 470, 473, 474, 475, 479, 484, 488, 490, 491, 492, 493, 495, 496, 497, 499, 505, 510, 511, 512, 514, 515, 518, 520, 524, 526, 528, 529, 531, 533, 536, 537, 538, 539, 540, 543, 546, 548, 549, 553, 555, 556, 557, 561, 562, 563, 565, 566, 567, 568, 569, 570, 571, 574, 575, 581, 582, 584, 585, 587, 588, 593, 594, 596, 597, 599, 600, 603, 605, 606, 609, 610, 612, 615, 618, 620, 623, 624, 625, 626, 628, 629, 630, 631, 635, 637, 638, 640, 641, 642, 643, 647, 648, 649, 650, 654, 658, 660, 664, 667, 669, 673, 675, 677, 678, 680, 684, 686, 692, 694, 696, 698, 701, 702, 704, 705, 707, 708, 709, 710, 713, 715, 717, 718, 719, 722, 723, 724, 726, 729, 731, 733, 734, 737, 738, 739, 740, 741, 745, 747, 750, 754, 755, 757, 759, 763, 768, 769, 771, 774, 776, 778, 781, 784, 786, 788, 790, 791, 796, 798, 799, 801, 803, 805, 806, 808, 809, 810, 813, 815, 816, 817, 819, 822, 824, 826, 827, 828, 829, 832, 838, 839, 840, 841, 842, 844, 845, 848, 855, 856, 858, 859, 861, 862, 865, 866, 868, 869, 870, 871, 872, 873, 875, 878, 879, 880, 885, 886, 888, 889, 890, 891, 898, 900, 901, 904, 906, 909, 910, 911, 913, 914, 916, 917, 918, 919, 922, 925, 927, 929, 931, 933, 934, 935, 936, 940, 944, 947, 949, 952, 954, 956, 957, 961, 962, 963, 969, 971, 972, 973, 974, 976, 977, 980, 981, 982, 988, 992, 994, 995, 996, 997, 998, 999, 1002, 1003, 1005, 1006, 1007, 1010, 1013, 1015, 1016, 1018, 1019, 1020, 1022, 1030, 1031, 1032, 1033, 1034, 1036, 1040, 1043, 1047, 1051, 1052, 1053, 1054, 1061, 1062, 1063, 1065, 1067, 1070, 1071, 1072, 1073, 1075, 1079, 1080, 1082, 1085, 1087, 1089, 1090, 1092, 1095, 1096, 1098, 1100, 1101, 1104, 1105, 1107, 1109, 1110, 1112, 1113, 1114, 1118, 1122, 1126, 1127, 1129, 1130, 1131, 1134, 1135, 1136, 1139, 1140, 1141, 1143, 1145, 1147, 1149, 1150, 1158, 1159, 1160, 1161, 1162, 1164, 1166, 1167, 1169, 1170, 1171, 1172, 1174, 1175, 1176, 1177, 1180, 1181, 1182, 1186, 1188, 1189, 1190, 1191, 1193, 1194, 1196, 1197, 1198, 1199, 1200, 1202, 1203, 1206, 1209, 1213, 1214, 1215, 1216, 1219, 1221, 1222, 1224, 1227, 1228, 1229, 1230, 1231, 1233, 1234, 1243, 1250, 1251, 1252, 1253, 1254, 1256, 1257, 1258, 1261, 1265, 1266, 1267, 1271, 1272, 1274, 1282, 1284, 1285, 1291, 1293, 1295, 1298, 1301, 1307, 1308, 1309, 1310, 1311, 1312, 1314, 1318, 1319, 1320, 1322, 1324, 1325, 1326, 1327, 1328, 1329, 1331, 1332, 1342, 1344, 1345, 1351, 1353, 1355, 1359, 1360, 1361, 1366, 1367, 1368, 1371, 1374, 1377, 1378, 1381, 1382, 1384, 1385, 1394, 1397, 1398, 1399, 1400, 1401, 1403, 1405, 1410, 1413, 1417, 1422, 1423, 1426, 1427, 1429, 1430, 1432, 1434, 1435, 1437, 1438, 1443, 1444, 1450, 1452, 1455, 1456, 1457, 1458, 1459, 1460, 1461, 1462, 1465, 1467, 1468, 1471, 1472, 1473, 1481, 1482, 1483, 1484, 1485, 1491, 1492, 1494, 1495, 1496, 1497, 1499, 1500, 1501, 1504, 1505, 1506, 1507, 1513, 1514, 1515, 1516, 1517, 1518, 1521, 1526, 1529, 1531, 1534, 1537, 1538, 1540, 1544, 1546, 1549, 1550, 1551, 1552, 1554, 1555, 1558, 1562, 1564, 1565, 1568, 1570, 1574, 1575, 1579, 1580, 1581, 1582, 1586, 1587, 1590, 1595, 1596, 1597, 1599, 1601, 1602, 1603, 1604, 1606, 1608, 1610, 1614, 1617, 1618, 1620, 1622, 1623, 1624, 1625, 1626, 1627, 1629, 1633, 1634, 1635, 1637, 1638, 1640, 1642, 1643, 1645, 1646, 1647, 1649, 1651, 1654, 1657, 1658, 1659, 1661, 1665, 1667, 1669, 1670, 1677, 1681, 1684, 1687, 1688, 1690, 1693, 1694, 1695, 1697, 1699, 1700, 1703, 1708, 1711, 1712, 1713, 1714, 1720, 1721, 1727, 1730, 1735, 1737, 1738, 1739, 1741, 1742, 1744, 1752, 1753, 1756, 1757, 1758, 1760, 1761, 1762, 1763, 1766, 1769, 1770, 1771, 1781, 1782, 1784, 1785, 1789, 1797, 1798, 1799, 1800, 1804, 1806, 1809, 1810, 1811, 1814, 1815, 1816, 1820, 1822, 1824, 1826, 1827, 1830, 1833, 1834, 1835, 1837, 1840, 1842, 1843, 1845, 1847, 1850, 1851, 1852, 1856, 1857, 1858, 1860, 1861, 1863, 1866, 1868, 1869, 1873, 1876, 1878, 1880, 1881, 1882, 1883, 1886, 1887, 1888, 1889, 1890, 1891, 1893, 1899, 1907, 1908, 1911, 1912, 1913, 1914, 1915, 1916, 1917, 1918, 1919, 1922, 1923, 1925, 1926, 1928, 1931, 1933, 1934, 1935, 1938, 1939, 1943, 1946, 1948, 1949, 1951, 1952, 1954, 1955, 1956, 1957, 1959, 1960, 1962, 1966, 1969, 1970, 1973, 1978, 1982, 1984, 1986, 1989, 1990, 1993, 1998, 1999, 2001, 2003, 2008, 2012, 2014, 2017, 2019, 2020, 2023, 2024, 2025, 2028, 2032, 2039, 2042, 2045, 2047]
node=22 | level=2 | parent=   2 | left=None | right=None | size= 3 | indici originali=[1155, 1211, 1269]
node=23 | level=11 | parent=  19 | left=  27 | right=  28 | size=982 | indici originali=[0, 6, 7, 8, 9, 10, 12, 14, 15, 16, 18, 19, 21, 23, 27, 28, 30, 31, 36, 38, 39, 40, 43, 45, 47, 48, 50, 53, 56, 57, 62, 63, 68, 74, 77, 79, 80, 81, 86, 87, 89, 90, 91, 92, 93, 95, 102, 103, 104, 106, 107, 108, 110, 112, 113, 114, 117, 120, 122, 124, 125, 126, 128, 130, 136, 140, 144, 146, 150, 151, 152, 154, 155, 156, 157, 158, 159, 160, 162, 163, 164, 168, 169, 170, 174, 175, 177, 179, 181, 182, 183, 184, 189, 192, 193, 195, 198, 201, 203, 209, 210, 212, 213, 217, 218, 220, 222, 223, 224, 225, 227, 229, 232, 236, 238, 242, 243, 250, 252, 254, 255, 258, 259, 260, 262, 263, 264, 267, 268, 270, 274, 276, 279, 281, 282, 287, 292, 298, 299, 300, 302, 303, 307, 308, 310, 311, 312, 313, 316, 317, 318, 321, 322, 323, 325, 327, 328, 330, 333, 339, 340, 341, 343, 344, 345, 346, 347, 351, 352, 353, 356, 357, 359, 361, 362, 363, 365, 366, 371, 377, 378, 379, 380, 381, 384, 386, 389, 391, 392, 394, 395, 397, 398, 400, 401, 403, 404, 405, 406, 407, 412, 413, 414, 415, 416, 417, 418, 420, 426, 427, 429, 430, 433, 434, 437, 439, 440, 442, 443, 447, 449, 450, 451, 452, 455, 456, 457, 458, 461, 463, 469, 471, 472, 476, 477, 478, 480, 481, 482, 483, 485, 486, 487, 494, 498, 500, 501, 503, 504, 506, 507, 513, 516, 517, 519, 521, 522, 523, 525, 527, 530, 532, 534, 535, 541, 542, 544, 545, 547, 550, 551, 552, 554, 558, 559, 560, 564, 572, 573, 576, 577, 578, 579, 580, 583, 586, 589, 590, 591, 592, 595, 598, 601, 602, 604, 607, 608, 611, 613, 614, 616, 617, 619, 621, 622, 627, 632, 633, 634, 636, 639, 645, 651, 652, 653, 655, 656, 657, 659, 661, 662, 663, 665, 666, 668, 670, 671, 672, 674, 676, 679, 681, 682, 683, 687, 688, 689, 691, 693, 695, 697, 699, 700, 703, 706, 711, 712, 714, 716, 720, 721, 725, 727, 728, 730, 732, 735, 736, 742, 743, 744, 746, 748, 749, 751, 752, 753, 756, 758, 760, 761, 762, 764, 765, 766, 767, 770, 772, 773, 775, 777, 779, 780, 782, 783, 785, 787, 789, 792, 793, 794, 795, 797, 800, 802, 804, 807, 811, 812, 814, 818, 820, 821, 823, 825, 830, 831, 833, 834, 835, 836, 837, 843, 846, 847, 849, 850, 851, 852, 853, 854, 857, 860, 863, 864, 867, 874, 876, 877, 881, 882, 883, 884, 887, 892, 893, 894, 895, 896, 897, 899, 902, 903, 905, 907, 908, 912, 915, 920, 921, 923, 924, 926, 930, 932, 937, 938, 939, 941, 942, 943, 945, 946, 948, 950, 951, 953, 955, 959, 960, 964, 965, 966, 968, 970, 975, 978, 979, 983, 985, 986, 987, 989, 991, 993, 1000, 1001, 1008, 1011, 1012, 1014, 1017, 1021, 1023, 1024, 1026, 1027, 1028, 1029, 1035, 1037, 1038, 1039, 1041, 1042, 1045, 1046, 1048, 1050, 1055, 1056, 1057, 1058, 1060, 1064, 1066, 1068, 1069, 1074, 1076, 1077, 1078, 1081, 1083, 1084, 1086, 1088, 1091, 1094, 1097, 1099, 1102, 1103, 1106, 1108, 1111, 1115, 1116, 1117, 1119, 1120, 1121, 1123, 1128, 1132, 1133, 1137, 1138, 1142, 1144, 1146, 1148, 1151, 1152, 1154, 1156, 1157, 1163, 1165, 1168, 1173, 1178, 1183, 1184, 1185, 1187, 1192, 1195, 1201, 1204, 1205, 1207, 1208, 1210, 1212, 1217, 1220, 1223, 1225, 1226, 1232, 1236, 1237, 1238, 1239, 1240, 1241, 1242, 1244, 1245, 1247, 1248, 1249, 1255, 1259, 1260, 1262, 1263, 1264, 1268, 1270, 1273, 1275, 1277, 1278, 1279, 1280, 1281, 1283, 1286, 1287, 1288, 1289, 1290, 1292, 1294, 1296, 1297, 1299, 1300, 1302, 1303, 1304, 1305, 1306, 1313, 1317, 1321, 1323, 1330, 1334, 1335, 1336, 1337, 1338, 1339, 1341, 1343, 1346, 1347, 1348, 1349, 1350, 1352, 1356, 1357, 1358, 1362, 1363, 1364, 1365, 1369, 1370, 1372, 1373, 1375, 1376, 1379, 1380, 1383, 1386, 1387, 1388, 1389, 1390, 1391, 1392, 1393, 1395, 1396, 1402, 1404, 1406, 1407, 1408, 1409, 1411, 1412, 1414, 1415, 1416, 1418, 1419, 1420, 1421, 1424, 1425, 1428, 1431, 1433, 1436, 1439, 1440, 1441, 1442, 1445, 1447, 1449, 1451, 1453, 1454, 1463, 1464, 1466, 1469, 1470, 1474, 1475, 1476, 1477, 1478, 1479, 1480, 1486, 1487, 1488, 1489, 1490, 1493, 1498, 1502, 1503, 1508, 1509, 1511, 1512, 1519, 1520, 1522, 1523, 1524, 1525, 1527, 1528, 1530, 1532, 1533, 1535, 1536, 1539, 1541, 1542, 1543, 1545, 1547, 1548, 1556, 1557, 1559, 1561, 1563, 1566, 1567, 1569, 1571, 1572, 1573, 1576, 1577, 1578, 1583, 1584, 1585, 1588, 1589, 1591, 1592, 1593, 1594, 1598, 1600, 1605, 1609, 1611, 1612, 1613, 1616, 1619, 1621, 1628, 1630, 1631, 1632, 1636, 1639, 1641, 1644, 1650, 1652, 1653, 1655, 1656, 1660, 1662, 1663, 1664, 1666, 1668, 1671, 1673, 1674, 1675, 1678, 1680, 1682, 1689, 1692, 1696, 1698, 1701, 1702, 1704, 1705, 1706, 1707, 1710, 1716, 1718, 1719, 1723, 1724, 1725, 1728, 1732, 1733, 1734, 1736, 1740, 1743, 1748, 1749, 1751, 1764, 1772, 1773, 1774, 1775, 1776, 1777, 1778, 1779, 1780, 1788, 1790, 1791, 1792, 1793, 1794, 1795, 1796, 1801, 1802, 1803, 1805, 1807, 1808, 1812, 1813, 1817, 1818, 1819, 1821, 1823, 1825, 1828, 1829, 1831, 1832, 1836, 1838, 1839, 1841, 1844, 1846, 1848, 1849, 1853, 1854, 1855, 1859, 1862, 1864, 1865, 1867, 1870, 1871, 1872, 1874, 1875, 1877, 1879, 1884, 1885, 1892, 1894, 1895, 1896, 1897, 1898, 1900, 1901, 1902, 1903, 1904, 1905, 1906, 1909, 1910, 1920, 1921, 1924, 1927, 1929, 1930, 1932, 1936, 1937, 1940, 1941, 1942, 1944, 1945, 1947, 1950, 1953, 1958, 1961, 1963, 1964, 1965, 1967, 1968, 1971, 1972, 1974, 1975, 1976, 1977, 1979, 1980, 1981, 1983, 1985, 1987, 1988, 1991, 1992, 1994, 1995, 1996, 1997, 2000, 2002, 2004, 2005, 2006, 2007, 2009, 2010, 2011, 2013, 2015, 2016, 2018, 2021, 2022, 2026, 2027, 2029, 2030, 2031, 2033, 2034, 2035, 2036, 2037, 2038, 2040, 2041, 2043, 2044, 2046]
node=24 | level=11 | parent=  19 | left=None | right=None | size= 3 | indici originali=[646, 685, 690]
node=25 | level=3 | parent=  21 | left=  29 | right=  30 | size=982 | indici originali=[1, 2, 3, 4, 5, 11, 13, 17, 20, 22, 24, 25, 26, 29, 32, 33, 34, 35, 37, 41, 42, 44, 49, 51, 52, 54, 55, 59, 60, 61, 64, 65, 66, 67, 69, 70, 71, 72, 73, 75, 76, 78, 82, 83, 84, 88, 94, 96, 97, 98, 100, 101, 105, 109, 111, 115, 116, 119, 121, 123, 127, 129, 131, 132, 133, 134, 135, 137, 138, 139, 141, 142, 143, 145, 147, 148, 149, 153, 161, 165, 166, 167, 171, 172, 173, 176, 178, 180, 185, 186, 187, 188, 190, 191, 194, 196, 197, 199, 200, 202, 204, 205, 207, 208, 211, 214, 215, 216, 219, 221, 226, 228, 230, 231, 233, 234, 235, 237, 239, 240, 241, 244, 245, 246, 247, 249, 251, 253, 256, 257, 261, 265, 266, 269, 271, 272, 273, 275, 277, 278, 280, 283, 284, 285, 286, 288, 289, 290, 291, 293, 294, 295, 296, 297, 301, 304, 305, 306, 309, 314, 315, 319, 320, 324, 326, 329, 331, 332, 334, 335, 336, 337, 338, 342, 348, 349, 350, 354, 355, 358, 360, 364, 367, 368, 369, 370, 372, 373, 374, 375, 376, 382, 383, 385, 387, 388, 393, 396, 399, 402, 408, 409, 410, 411, 419, 421, 422, 423, 424, 425, 428, 431, 432, 435, 436, 438, 444, 445, 446, 448, 453, 454, 459, 460, 462, 464, 465, 467, 468, 470, 473, 474, 475, 479, 484, 488, 490, 491, 492, 493, 495, 496, 497, 499, 505, 510, 511, 512, 514, 515, 518, 520, 524, 526, 528, 529, 531, 533, 536, 537, 538, 539, 540, 543, 546, 548, 549, 553, 555, 556, 557, 561, 562, 563, 565, 566, 567, 568, 569, 570, 571, 574, 575, 581, 582, 584, 585, 587, 588, 593, 594, 596, 597, 599, 600, 603, 605, 606, 609, 610, 612, 615, 618, 620, 623, 624, 625, 628, 629, 630, 631, 635, 637, 638, 640, 641, 642, 643, 647, 648, 649, 650, 654, 658, 660, 664, 667, 669, 673, 675, 677, 678, 680, 684, 686, 692, 694, 696, 698, 701, 702, 704, 705, 707, 708, 709, 710, 713, 715, 717, 718, 719, 722, 723, 724, 726, 729, 731, 733, 734, 737, 738, 739, 740, 741, 745, 747, 750, 754, 755, 757, 759, 763, 768, 769, 771, 774, 776, 778, 781, 784, 786, 788, 790, 791, 796, 798, 799, 801, 803, 805, 806, 808, 809, 810, 813, 815, 816, 817, 819, 822, 824, 826, 827, 828, 829, 832, 838, 839, 840, 841, 842, 844, 845, 848, 855, 856, 858, 859, 861, 862, 865, 866, 868, 869, 870, 871, 872, 873, 875, 878, 879, 880, 885, 886, 888, 889, 890, 891, 898, 900, 901, 904, 906, 910, 911, 913, 914, 916, 917, 918, 919, 922, 925, 927, 929, 931, 933, 934, 935, 936, 940, 944, 947, 949, 952, 954, 956, 957, 961, 962, 963, 969, 971, 972, 973, 974, 976, 977, 980, 981, 982, 988, 992, 995, 996, 997, 998, 999, 1002, 1003, 1005, 1006, 1007, 1010, 1013, 1015, 1016, 1018, 1019, 1020, 1022, 1030, 1031, 1032, 1033, 1034, 1036, 1040, 1043, 1047, 1051, 1052, 1053, 1054, 1061, 1062, 1063, 1065, 1067, 1070, 1071, 1072, 1073, 1075, 1079, 1080, 1082, 1085, 1087, 1089, 1090, 1092, 1095, 1096, 1098, 1100, 1101, 1104, 1105, 1107, 1109, 1110, 1112, 1113, 1114, 1118, 1122, 1126, 1127, 1129, 1130, 1131, 1134, 1135, 1136, 1139, 1140, 1141, 1143, 1145, 1147, 1149, 1150, 1158, 1159, 1160, 1161, 1162, 1164, 1166, 1167, 1169, 1170, 1171, 1172, 1174, 1175, 1176, 1177, 1180, 1181, 1182, 1186, 1188, 1189, 1190, 1191, 1193, 1194, 1196, 1197, 1198, 1199, 1200, 1202, 1203, 1206, 1209, 1213, 1214, 1215, 1216, 1219, 1221, 1222, 1224, 1227, 1228, 1229, 1230, 1231, 1233, 1234, 1243, 1250, 1251, 1252, 1253, 1254, 1256, 1257, 1258, 1261, 1265, 1266, 1267, 1271, 1272, 1274, 1282, 1284, 1285, 1291, 1293, 1295, 1298, 1301, 1307, 1308, 1309, 1310, 1311, 1312, 1314, 1318, 1319, 1320, 1322, 1324, 1325, 1326, 1327, 1328, 1329, 1331, 1332, 1342, 1344, 1345, 1351, 1353, 1355, 1359, 1360, 1361, 1366, 1367, 1368, 1371, 1374, 1377, 1378, 1381, 1382, 1384, 1385, 1394, 1397, 1398, 1399, 1400, 1401, 1403, 1405, 1410, 1413, 1417, 1422, 1423, 1426, 1427, 1429, 1430, 1432, 1434, 1435, 1437, 1438, 1443, 1444, 1450, 1452, 1455, 1456, 1457, 1458, 1459, 1460, 1461, 1462, 1465, 1467, 1468, 1471, 1472, 1473, 1481, 1482, 1483, 1484, 1485, 1491, 1492, 1494, 1495, 1496, 1497, 1499, 1500, 1501, 1504, 1505, 1506, 1507, 1513, 1514, 1515, 1516, 1517, 1518, 1521, 1526, 1529, 1531, 1534, 1537, 1538, 1540, 1544, 1546, 1549, 1550, 1551, 1552, 1554, 1555, 1558, 1562, 1564, 1565, 1568, 1570, 1574, 1575, 1579, 1580, 1581, 1582, 1586, 1587, 1590, 1595, 1596, 1597, 1599, 1601, 1602, 1603, 1604, 1606, 1608, 1610, 1614, 1617, 1618, 1620, 1622, 1623, 1624, 1625, 1626, 1627, 1629, 1633, 1634, 1635, 1637, 1638, 1640, 1642, 1643, 1645, 1646, 1647, 1649, 1651, 1654, 1657, 1658, 1659, 1661, 1665, 1667, 1669, 1670, 1677, 1681, 1684, 1687, 1688, 1690, 1693, 1694, 1695, 1697, 1699, 1700, 1703, 1708, 1711, 1712, 1713, 1714, 1720, 1721, 1727, 1730, 1735, 1737, 1738, 1739, 1741, 1742, 1744, 1752, 1753, 1756, 1757, 1758, 1760, 1761, 1762, 1763, 1766, 1769, 1770, 1771, 1781, 1782, 1784, 1785, 1789, 1797, 1798, 1799, 1800, 1804, 1806, 1809, 1810, 1811, 1814, 1815, 1816, 1820, 1822, 1824, 1826, 1827, 1830, 1833, 1834, 1835, 1837, 1840, 1842, 1843, 1845, 1847, 1850, 1851, 1852, 1856, 1857, 1858, 1860, 1861, 1863, 1866, 1868, 1869, 1873, 1876, 1878, 1880, 1881, 1882, 1883, 1886, 1887, 1888, 1889, 1890, 1891, 1893, 1899, 1907, 1908, 1911, 1912, 1913, 1914, 1915, 1916, 1917, 1918, 1919, 1922, 1923, 1925, 1926, 1928, 1931, 1933, 1934, 1935, 1938, 1939, 1943, 1946, 1948, 1949, 1951, 1952, 1954, 1955, 1956, 1957, 1959, 1960, 1962, 1966, 1969, 1970, 1973, 1978, 1982, 1984, 1986, 1989, 1990, 1993, 1998, 1999, 2001, 2003, 2008, 2012, 2014, 2017, 2019, 2020, 2023, 2024, 2025, 2028, 2032, 2039, 2042, 2045, 2047]
node=26 | level=3 | parent=  21 | left=None | right=None | size= 3 | indici originali=[626, 909, 994]
node=27 | level=12 | parent=  23 | left=None | right=None | size=952 | indici originali=[0, 6, 7, 8, 9, 10, 12, 14, 15, 16, 18, 19, 21, 23, 27, 28, 30, 31, 36, 38, 39, 40, 43, 45, 47, 48, 50, 53, 56, 57, 62, 63, 68, 74, 77, 79, 80, 81, 86, 87, 89, 90, 91, 92, 93, 95, 102, 103, 104, 106, 107, 108, 110, 112, 113, 114, 117, 120, 122, 124, 125, 126, 128, 130, 136, 140, 144, 146, 150, 151, 152, 154, 155, 156, 157, 158, 159, 160, 162, 163, 164, 168, 169, 170, 174, 175, 177, 179, 181, 182, 183, 184, 189, 192, 193, 195, 198, 201, 203, 209, 210, 212, 213, 217, 218, 220, 222, 223, 224, 225, 227, 229, 232, 236, 238, 242, 243, 250, 252, 254, 255, 258, 259, 260, 262, 263, 264, 267, 268, 270, 274, 276, 279, 281, 282, 287, 292, 298, 299, 300, 302, 303, 307, 308, 310, 311, 312, 313, 316, 317, 318, 321, 322, 323, 325, 327, 328, 330, 333, 339, 340, 341, 343, 344, 345, 346, 347, 351, 352, 353, 356, 357, 359, 361, 362, 363, 365, 366, 371, 377, 378, 379, 380, 381, 386, 389, 391, 392, 394, 395, 397, 398, 400, 401, 403, 404, 405, 406, 407, 412, 413, 414, 415, 416, 417, 418, 420, 426, 427, 429, 430, 433, 434, 437, 439, 440, 442, 443, 447, 449, 450, 451, 452, 455, 456, 457, 458, 461, 463, 469, 471, 472, 476, 477, 478, 480, 481, 482, 483, 485, 486, 487, 494, 498, 500, 501, 503, 504, 506, 507, 513, 516, 517, 519, 521, 522, 523, 525, 527, 530, 532, 534, 535, 541, 542, 544, 545, 547, 550, 551, 552, 554, 558, 559, 560, 564, 572, 573, 576, 577, 578, 579, 580, 583, 586, 589, 590, 591, 592, 595, 598, 601, 602, 604, 607, 608, 611, 613, 614, 616, 617, 619, 621, 622, 627, 632, 633, 634, 636, 645, 651, 652, 653, 655, 656, 657, 659, 661, 662, 663, 665, 666, 668, 670, 671, 672, 674, 676, 679, 681, 682, 683, 687, 688, 689, 691, 693, 695, 697, 699, 700, 703, 706, 711, 712, 714, 716, 720, 721, 725, 727, 728, 730, 732, 735, 736, 742, 743, 744, 746, 748, 749, 751, 752, 753, 756, 758, 760, 762, 764, 765, 766, 767, 770, 772, 773, 775, 777, 779, 780, 782, 783, 785, 787, 789, 792, 793, 794, 795, 797, 800, 802, 804, 807, 811, 812, 814, 818, 820, 821, 823, 825, 830, 831, 833, 834, 835, 837, 843, 846, 847, 849, 850, 851, 852, 853, 854, 857, 860, 863, 864, 867, 874, 876, 877, 881, 882, 883, 884, 887, 892, 893, 894, 895, 896, 897, 899, 902, 903, 905, 907, 908, 912, 915, 920, 921, 923, 924, 926, 930, 932, 937, 938, 939, 941, 942, 943, 945, 946, 948, 950, 951, 953, 955, 959, 960, 964, 965, 966, 968, 970, 975, 978, 979, 983, 985, 986, 987, 989, 991, 993, 1000, 1001, 1008, 1011, 1012, 1014, 1017, 1021, 1023, 1024, 1026, 1027, 1028, 1029, 1035, 1037, 1038, 1039, 1041, 1042, 1045, 1046, 1048, 1050, 1055, 1056, 1057, 1058, 1060, 1064, 1066, 1068, 1069, 1074, 1076, 1077, 1078, 1081, 1083, 1084, 1086, 1088, 1091, 1094, 1097, 1099, 1102, 1103, 1106, 1108, 1111, 1115, 1116, 1117, 1119, 1120, 1121, 1123, 1128, 1132, 1133, 1137, 1138, 1142, 1144, 1146, 1148, 1151, 1152, 1154, 1156, 1157, 1163, 1165, 1168, 1173, 1178, 1183, 1184, 1185, 1187, 1192, 1195, 1201, 1204, 1205, 1207, 1208, 1210, 1212, 1217, 1220, 1223, 1225, 1226, 1232, 1236, 1237, 1238, 1239, 1240, 1241, 1242, 1244, 1245, 1247, 1248, 1249, 1255, 1259, 1260, 1262, 1263, 1264, 1268, 1270, 1273, 1275, 1277, 1278, 1279, 1280, 1281, 1287, 1288, 1290, 1292, 1296, 1297, 1299, 1303, 1304, 1305, 1313, 1321, 1323, 1330, 1334, 1335, 1336, 1337, 1341, 1343, 1346, 1349, 1350, 1352, 1357, 1358, 1363, 1364, 1373, 1375, 1376, 1379, 1386, 1387, 1388, 1389, 1390, 1395, 1396, 1402, 1404, 1406, 1407, 1408, 1409, 1411, 1412, 1414, 1415, 1416, 1418, 1419, 1420, 1421, 1424, 1425, 1428, 1431, 1433, 1436, 1439, 1440, 1441, 1442, 1445, 1447, 1449, 1451, 1453, 1454, 1463, 1464, 1466, 1469, 1470, 1474, 1475, 1476, 1477, 1478, 1479, 1480, 1486, 1487, 1488, 1489, 1490, 1493, 1498, 1502, 1503, 1508, 1509, 1511, 1512, 1519, 1520, 1522, 1523, 1524, 1525, 1527, 1528, 1530, 1532, 1533, 1535, 1536, 1539, 1541, 1542, 1543, 1545, 1547, 1548, 1556, 1557, 1559, 1561, 1563, 1566, 1567, 1569, 1571, 1572, 1573, 1576, 1577, 1578, 1583, 1584, 1585, 1588, 1589, 1591, 1592, 1593, 1594, 1598, 1600, 1605, 1609, 1611, 1612, 1613, 1616, 1619, 1621, 1628, 1630, 1631, 1632, 1636, 1639, 1641, 1644, 1650, 1652, 1653, 1655, 1656, 1660, 1662, 1663, 1664, 1666, 1668, 1671, 1673, 1674, 1675, 1678, 1680, 1682, 1689, 1692, 1696, 1698, 1701, 1702, 1704, 1705, 1706, 1707, 1710, 1716, 1718, 1719, 1723, 1724, 1725, 1728, 1732, 1733, 1734, 1740, 1743, 1748, 1749, 1751, 1764, 1772, 1773, 1774, 1775, 1776, 1777, 1778, 1779, 1780, 1788, 1790, 1791, 1792, 1793, 1794, 1795, 1796, 1801, 1802, 1803, 1805, 1807, 1808, 1812, 1813, 1817, 1818, 1819, 1821, 1823, 1825, 1828, 1829, 1831, 1832, 1836, 1838, 1839, 1841, 1844, 1846, 1848, 1849, 1853, 1854, 1855, 1859, 1862, 1864, 1865, 1867, 1870, 1871, 1872, 1874, 1875, 1877, 1879, 1884, 1885, 1892, 1894, 1895, 1896, 1897, 1898, 1900, 1901, 1902, 1903, 1904, 1905, 1906, 1909, 1910, 1920, 1921, 1924, 1927, 1929, 1930, 1932, 1936, 1937, 1940, 1941, 1942, 1944, 1945, 1947, 1953, 1958, 1961, 1963, 1964, 1965, 1967, 1968, 1971, 1972, 1974, 1975, 1976, 1977, 1979, 1980, 1981, 1983, 1985, 1987, 1988, 1991, 1994, 1995, 1996, 1997, 2000, 2002, 2004, 2005, 2006, 2007, 2009, 2010, 2011, 2013, 2015, 2016, 2018, 2021, 2022, 2026, 2027, 2029, 2030, 2031, 2033, 2034, 2035, 2036, 2037, 2038, 2040, 2041, 2043, 2044, 2046]
node=28 | level=12 | parent=  23 | left=None | right=None | size=30 | indici originali=[384, 639, 761, 836, 1283, 1286, 1289, 1294, 1300, 1302, 1306, 1317, 1338, 1339, 1347, 1348, 1356, 1362, 1365, 1369, 1370, 1372, 1380, 1383, 1391, 1392, 1393, 1736, 1950, 1992]
node=29 | level=4 | parent=  25 | left=None | right=None | size=980 | indici originali=[1, 2, 3, 4, 5, 11, 13, 17, 20, 22, 24, 25, 26, 29, 32, 33, 34, 35, 37, 41, 42, 44, 49, 51, 52, 54, 55, 59, 60, 61, 64, 65, 66, 67, 69, 70, 71, 72, 73, 75, 76, 78, 82, 83, 84, 88, 94, 96, 97, 98, 100, 101, 105, 109, 111, 115, 116, 119, 121, 123, 127, 129, 131, 132, 133, 134, 135, 137, 138, 139, 141, 142, 143, 145, 147, 148, 149, 153, 161, 165, 166, 167, 171, 172, 173, 176, 178, 180, 185, 186, 187, 188, 190, 191, 194, 196, 197, 199, 200, 202, 204, 205, 207, 208, 211, 214, 215, 216, 219, 221, 226, 228, 230, 231, 233, 234, 235, 237, 239, 240, 241, 244, 245, 246, 247, 249, 251, 253, 256, 257, 261, 265, 266, 269, 271, 272, 273, 275, 277, 278, 280, 283, 284, 285, 286, 288, 289, 290, 291, 293, 294, 295, 296, 297, 301, 304, 305, 306, 309, 314, 315, 319, 320, 324, 326, 329, 331, 332, 334, 335, 336, 337, 338, 342, 348, 349, 350, 354, 355, 358, 360, 364, 367, 368, 369, 370, 372, 373, 374, 375, 376, 382, 383, 385, 387, 388, 393, 396, 399, 402, 408, 409, 410, 411, 419, 421, 422, 423, 424, 425, 428, 431, 432, 435, 436, 438, 444, 445, 446, 448, 453, 454, 459, 460, 462, 464, 465, 467, 468, 470, 473, 474, 475, 479, 484, 488, 490, 491, 492, 493, 495, 496, 497, 499, 505, 510, 511, 512, 514, 515, 518, 520, 524, 526, 528, 529, 531, 533, 536, 537, 538, 539, 540, 543, 546, 548, 549, 553, 555, 556, 557, 561, 562, 563, 565, 566, 567, 568, 569, 570, 571, 574, 575, 581, 582, 584, 585, 587, 588, 593, 594, 596, 597, 599, 600, 603, 605, 606, 609, 610, 612, 615, 618, 620, 623, 624, 625, 628, 629, 630, 631, 635, 637, 638, 640, 641, 642, 643, 647, 648, 649, 650, 654, 658, 660, 664, 667, 669, 673, 675, 677, 678, 680, 684, 686, 692, 694, 696, 698, 701, 702, 704, 705, 707, 708, 709, 710, 713, 715, 717, 718, 719, 722, 723, 724, 726, 729, 731, 733, 734, 737, 738, 739, 740, 741, 745, 747, 750, 754, 755, 757, 759, 763, 768, 769, 771, 774, 776, 778, 781, 784, 786, 788, 790, 791, 796, 798, 799, 801, 803, 805, 806, 808, 809, 810, 813, 815, 816, 817, 819, 822, 824, 826, 827, 828, 829, 832, 838, 839, 840, 841, 842, 844, 845, 848, 855, 856, 858, 859, 861, 862, 865, 866, 868, 869, 870, 871, 872, 873, 875, 878, 879, 880, 885, 886, 888, 889, 890, 891, 898, 900, 901, 904, 906, 910, 911, 913, 914, 916, 917, 918, 919, 922, 925, 927, 929, 931, 933, 934, 935, 936, 940, 944, 947, 949, 952, 954, 956, 957, 961, 962, 963, 969, 971, 972, 973, 974, 976, 977, 980, 981, 982, 988, 992, 995, 996, 997, 998, 999, 1002, 1003, 1005, 1006, 1007, 1010, 1013, 1015, 1016, 1018, 1019, 1020, 1022, 1030, 1031, 1032, 1033, 1034, 1036, 1040, 1043, 1047, 1051, 1052, 1053, 1054, 1061, 1062, 1063, 1065, 1067, 1070, 1071, 1072, 1073, 1075, 1079, 1080, 1082, 1085, 1087, 1089, 1090, 1092, 1095, 1096, 1098, 1100, 1101, 1104, 1105, 1107, 1109, 1110, 1112, 1113, 1114, 1118, 1122, 1126, 1127, 1129, 1130, 1131, 1134, 1135, 1136, 1139, 1140, 1141, 1143, 1145, 1147, 1149, 1150, 1158, 1159, 1160, 1161, 1162, 1164, 1166, 1167, 1169, 1170, 1171, 1172, 1174, 1175, 1176, 1177, 1180, 1181, 1182, 1186, 1188, 1189, 1190, 1191, 1193, 1194, 1196, 1197, 1198, 1199, 1200, 1202, 1203, 1206, 1209, 1213, 1214, 1215, 1216, 1219, 1221, 1222, 1224, 1227, 1228, 1229, 1230, 1231, 1233, 1234, 1243, 1250, 1251, 1252, 1253, 1254, 1256, 1257, 1258, 1261, 1265, 1266, 1267, 1271, 1272, 1274, 1282, 1284, 1285, 1291, 1293, 1295, 1298, 1301, 1307, 1308, 1309, 1310, 1311, 1312, 1314, 1318, 1319, 1320, 1322, 1324, 1325, 1326, 1327, 1328, 1329, 1331, 1332, 1342, 1344, 1345, 1351, 1353, 1355, 1359, 1360, 1361, 1366, 1367, 1368, 1371, 1374, 1377, 1378, 1381, 1382, 1384, 1385, 1394, 1397, 1398, 1399, 1400, 1401, 1403, 1405, 1410, 1413, 1417, 1422, 1423, 1426, 1427, 1429, 1430, 1432, 1434, 1435, 1437, 1438, 1443, 1444, 1450, 1452, 1455, 1456, 1457, 1458, 1459, 1460, 1461, 1462, 1465, 1467, 1468, 1471, 1472, 1473, 1481, 1482, 1483, 1484, 1485, 1491, 1492, 1494, 1495, 1496, 1497, 1499, 1500, 1501, 1504, 1505, 1506, 1507, 1513, 1514, 1515, 1516, 1517, 1518, 1521, 1526, 1529, 1531, 1534, 1537, 1538, 1540, 1544, 1546, 1549, 1550, 1551, 1552, 1554, 1555, 1558, 1562, 1564, 1565, 1568, 1570, 1574, 1575, 1579, 1580, 1581, 1582, 1586, 1587, 1590, 1595, 1596, 1597, 1599, 1601, 1602, 1603, 1604, 1606, 1608, 1610, 1614, 1617, 1618, 1620, 1622, 1623, 1624, 1625, 1626, 1627, 1629, 1633, 1634, 1635, 1637, 1638, 1640, 1642, 1643, 1645, 1646, 1647, 1649, 1651, 1654, 1657, 1658, 1659, 1661, 1665, 1667, 1669, 1670, 1677, 1681, 1684, 1687, 1688, 1690, 1693, 1694, 1695, 1697, 1699, 1700, 1703, 1708, 1711, 1712, 1713, 1714, 1720, 1721, 1727, 1730, 1735, 1737, 1738, 1739, 1741, 1742, 1744, 1752, 1753, 1756, 1757, 1758, 1760, 1761, 1762, 1763, 1766, 1769, 1770, 1771, 1781, 1782, 1784, 1785, 1789, 1797, 1798, 1799, 1800, 1804, 1809, 1810, 1811, 1814, 1815, 1816, 1820, 1822, 1824, 1826, 1827, 1830, 1833, 1834, 1835, 1837, 1840, 1842, 1843, 1845, 1847, 1850, 1851, 1852, 1856, 1857, 1858, 1860, 1861, 1863, 1866, 1868, 1869, 1873, 1876, 1878, 1880, 1881, 1882, 1883, 1886, 1887, 1888, 1889, 1890, 1891, 1893, 1899, 1907, 1908, 1911, 1912, 1913, 1914, 1916, 1917, 1918, 1919, 1922, 1923, 1925, 1926, 1928, 1931, 1933, 1934, 1935, 1938, 1939, 1943, 1946, 1948, 1949, 1951, 1952, 1954, 1955, 1956, 1957, 1959, 1960, 1962, 1966, 1969, 1970, 1973, 1978, 1982, 1984, 1986, 1989, 1990, 1993, 1998, 1999, 2001, 2003, 2008, 2012, 2014, 2017, 2019, 2020, 2023, 2024, 2025, 2028, 2032, 2039, 2042, 2045, 2047]
node=30 | level=4 | parent=  25 | left=None | right=None | size= 2 | indici originali=[1806, 1915]
End: Wed Aug 12 10:58:29 CEST 2026
